timestamp,cash,mark_value,equity,open_positions
2022-01-03,99989.4195,0.0,99989.4195,1
2022-01-04,99959.739,0.0,99959.739,1
2022-01-05,99931.818,0.0,99931.818,1
2022-01-06,99922.997,0.0,99922.997,0
2022-01-07,99922.997,0.0,99922.997,0
2022-01-10,99904.356,0.0,99904.356,1
2022-01-11,99885.481,0.0,99885.481,2
2022-01-12,99847.965,0.0,99847.965,0
2022-01-13,99838.6265,0.0,99838.6265,1
2022-01-14,99810.43999999999,0.0,99810.43999999999,1
2022-01-18,99791.59199999999,0.0,99791.59199999999,0
2022-01-19,99782.82949999999,0.0,99782.82949999999,1
2022-01-20,99774.067,0.0,99774.067,2
2022-01-21,99765.42599999999,0.0,99765.42599999999,3
2022-01-24,99739.26,0.0,99739.26,0
2022-01-25,99739.26,0.0,99739.26,0
2022-01-26,99730.439,0.0,99730.439,1
2022-01-27,99721.447,0.0,99721.447,2
2022-01-28,99703.634,0.0,99703.634,0
2022-01-31,99684.615,0.0,99684.615,1
2022-02-01,99648.341,0.0,99648.341,1
2022-02-02,99627.12599999999,0.0,99627.12599999999,2
2022-02-03,99588.65599999999,0.0,99588.65599999999,0
2022-02-04,99570.72599999998,0.0,99570.72599999998,1
2022-02-07,99552.79599999999,0.0,99552.79599999999,0
2022-02-08,99532.84999999998,0.0,99532.84999999998,1
2022-02-09,99515.96399999998,0.0,99515.96399999998,2
2022-02-10,99479.13199999998,0.0,99479.13199999998,0
2022-02-11,99479.13199999998,0.0,99479.13199999998,0
2022-02-14,99459.14999999998,0.0,99459.14999999998,1
2022-02-15,99421.05799999998,0.0,99421.05799999998,1
2022-02-16,99400.51799999997,0.0,99400.51799999997,2
2022-02-17,99353.24499999997,0.0,99353.24499999997,1
2022-02-18,99325.83199999995,9.239999999999782,99335.07199999996,1
2022-02-22,99311.12199999994,14.399999999999864,99325.52199999994,2
2022-02-23,99295.99449999994,0.0,99295.99449999994,1
2022-02-24,99235.34199999993,30.0,99265.34199999993,1
2022-02-25,99185.11699999993,60.0,99245.11699999993,2
2022-02-28,99134.89199999992,89.99999999999997,99224.89199999992,3
2022-03-01,99154.6759999999,0.0,99154.6759999999,1
2022-03-02,99123.7849999999,0.0,99123.7849999999,1
2022-03-03,99101.4049999999,-8.519999999999769,99092.8849999999,1
2022-03-04,99033.10999999988,30.000000000000014,99063.10999999988,1
2022-03-07,99033.59149999988,0.0,99033.59149999988,1
2022-03-08,99029.74799999988,-15.0,99014.74799999988,1
2022-03-09,98983.84799999987,0.0,98983.84799999987,1
2022-03-10,98933.62299999986,30.000000000000043,98963.62299999986,2
2022-03-11,98912.46649999985,0.0,98912.46649999985,1
2022-03-14,98917.33499999985,-24.0,98893.33499999985,1
2022-03-15,98833.55999999984,30.000000000000014,98863.55999999984,1
2022-03-16,98824.23499999983,0.0,98824.23499999983,1
2022-03-17,98754.90999999981,29.999999999999986,98784.90999999981,1
2022-03-18,98764.68499999981,0.0,98764.68499999981,0
2022-03-21,98764.68499999981,0.0,98764.68499999981,0
2022-03-22,98764.68499999981,0.0,98764.68499999981,0
2022-03-23,98714.4599999998,30.0,98744.4599999998,1
2022-03-24,98724.2349999998,0.0,98724.2349999998,0
2022-03-25,98724.2349999998,0.0,98724.2349999998,0
2022-03-28,98715.09449999979,0.0,98715.09449999979,1
2022-03-29,98705.9539999998,0.0,98705.9539999998,0
2022-03-30,98655.72899999979,30.0,98685.72899999979,1
2022-03-31,98615.27899999978,30.000000000000043,98645.27899999978,1
2022-04-01,98625.05399999977,0.0,98625.05399999977,0
2022-04-04,98616.31399999977,0.0,98616.31399999977,1
2022-04-05,98557.34899999975,30.0,98587.34899999975,1
2022-04-06,98567.12399999975,0.0,98567.12399999975,0
2022-04-07,98567.12399999975,0.0,98567.12399999975,0
2022-04-08,98545.77399999974,0.0,98545.77399999974,1
2022-04-11,98524.42399999974,0.0,98524.42399999974,0
2022-04-12,98524.42399999974,0.0,98524.42399999974,0
2022-04-13,98474.19899999973,30.000000000000014,98504.19899999973,1
2022-04-14,98483.97399999973,0.0,98483.97399999973,0
2022-04-18,98433.74899999972,30.0,98463.74899999972,1
2022-04-19,98424.42399999971,0.0,98424.42399999971,1
2022-04-20,98405.3239999997,0.0,98405.3239999997,0
2022-04-21,98405.3239999997,0.0,98405.3239999997,0
2022-04-22,98405.3239999997,0.0,98405.3239999997,0
2022-04-25,98355.0989999997,29.99999999999997,98385.0989999997,1
2022-04-26,98368.52399999968,-13.200000000000259,98355.32399999969,1
2022-04-27,98345.77399999968,0.0,98345.77399999968,0
2022-04-28,98295.54899999968,30.000000000000014,98325.54899999968,1
2022-04-29,98319.77399999967,-24.0,98295.77399999967,1
2022-05-02,98286.22399999967,0.0,98286.22399999967,0
2022-05-03,98286.22399999967,0.0,98286.22399999967,0
2022-05-04,98267.12399999966,0.0,98267.12399999966,1
2022-05-05,98239.00949999965,0.0,98239.00949999965,1
2022-05-06,98229.99499999965,0.0,98229.99499999965,0
2022-05-09,98221.26849999964,0.0,98221.26849999964,1
2022-05-10,98212.12799999963,0.0,98212.12799999963,2
2022-05-11,98185.72349999963,0.0,98185.72349999963,1
2022-05-12,98177.18599999962,0.0,98177.18599999962,0
2022-05-13,98177.18599999962,0.0,98177.18599999962,0
2022-05-16,98177.18599999962,0.0,98177.18599999962,0
2022-05-17,98155.83599999962,0.0,98155.83599999962,1
2022-05-18,98134.48599999961,0.0,98134.48599999961,0
2022-05-19,98134.48599999961,0.0,98134.48599999961,0
2022-05-20,98134.48599999961,0.0,98134.48599999961,0
2022-05-23,98134.48599999961,0.0,98134.48599999961,0
2022-05-24,98134.48599999961,0.0,98134.48599999961,0
2022-05-25,98113.1359999996,0.0,98113.1359999996,1
2022-05-26,98062.9109999996,30.0,98092.9109999996,2
2022-05-27,98051.33599999959,0.0,98051.33599999959,0
2022-05-31,98029.98599999958,0.0,98029.98599999958,1
2022-06-01,98008.63599999958,0.0,98008.63599999958,0
2022-06-02,98008.63599999958,0.0,98008.63599999958,0
2022-06-03,97958.41099999957,30.0,97988.41099999957,1
2022-06-06,97937.06099999956,30.0,97967.06099999956,2
2022-06-07,97925.48599999955,0.0,97925.48599999955,0
2022-06-08,97875.26099999955,30.0,97905.26099999955,1
2022-06-09,97885.03599999954,0.0,97885.03599999954,0
2022-06-10,97875.57599999954,0.0,97875.57599999954,1
2022-06-13,97856.56599999953,0.0,97856.56599999953,1
2022-06-14,97847.52449999952,0.0,97847.52449999952,2
2022-06-15,97809.8329999995,0.0,97809.8329999995,1
2022-06-16,97780.4404999995,0.0,97780.4404999995,1
2022-06-17,97770.5034999995,0.0,97770.5034999995,2
2022-06-21,97750.2739999995,0.0,97750.2739999995,0
2022-06-22,97740.99849999949,0.0,97740.99849999949,1
2022-06-23,97710.37299999948,0.0,97710.37299999948,1
2022-06-24,97638.79799999947,29.999999999999986,97668.79799999947,1
2022-06-27,97648.57299999947,0.0,97648.57299999947,0
2022-06-28,97648.57299999947,0.0,97648.57299999947,0
2022-06-29,97598.34799999946,30.0,97628.34799999946,1
2022-06-30,97557.89799999945,30.0,97587.89799999945,1
2022-07-01,97517.44799999944,30.0,97547.44799999944,1
2022-07-05,97527.22299999943,0.0,97527.22299999943,0
2022-07-06,97527.22299999943,0.0,97527.22299999943,0
2022-07-07,97527.22299999943,0.0,97527.22299999943,0
2022-07-08,97476.99799999942,30.0,97506.99799999942,1
2022-07-11,97486.77299999942,0.0,97486.77299999942,0
2022-07-12,97486.77299999942,0.0,97486.77299999942,0
2022-07-13,97486.77299999942,0.0,97486.77299999942,0
2022-07-14,97436.54799999941,30.000000000000014,97466.54799999941,1
2022-07-15,97427.2229999994,0.0,97427.2229999994,1
2022-07-18,97397.69549999939,0.0,97397.69549999939,1
2022-07-19,97387.26799999939,0.0,97387.26799999939,0
2022-07-20,97387.26799999939,0.0,97387.26799999939,0
2022-07-21,97387.26799999939,0.0,97387.26799999939,0
2022-07-22,97368.16799999938,0.0,97368.16799999938,1
2022-07-25,97349.06799999937,0.0,97349.06799999937,0
2022-07-26,97329.96799999937,0.0,97329.96799999937,1
2022-07-27,97310.86799999936,0.0,97310.86799999936,0
2022-07-28,97301.79949999935,0.0,97301.79949999935,1
2022-07-29,97292.73099999936,0.0,97292.73099999936,0
2022-08-01,97273.63099999935,0.0,97273.63099999935,1
2022-08-02,97223.40599999935,30.000000000000043,97253.40599999935,2
2022-08-03,97204.28349999934,0.0,97204.28349999934,1
2022-08-04,97194.48599999934,0.0,97194.48599999934,0
2022-08-05,97184.24749999933,0.0,97184.24749999933,1
2022-08-08,97123.78399999932,30.0,97153.78399999932,1
2022-08-09,97133.55899999931,0.0,97133.55899999931,0
2022-08-10,97124.1289999993,-0.11999999999990507,97124.0089999993,1
2022-08-11,97095.3589999993,0.0,97095.3589999993,1
2022-08-12,97067.6539999993,0.0,97067.6539999993,1
2022-08-15,97063.17899999929,-13.679999999999822,97049.4989999993,1
2022-08-16,97030.2639999993,0.0,97030.2639999993,1
2022-08-17,97020.5789999993,0.0,97020.5789999993,0
2022-08-18,97010.0794999993,0.0,97010.0794999993,1
2022-08-19,96999.57999999929,0.0,96999.57999999929,0
2022-08-22,96980.47999999928,0.0,96980.47999999928,1
2022-08-23,96911.15499999927,29.999999999999986,96941.15499999927,1
2022-08-24,96892.05499999927,29.999999999999986,96922.05499999927,2
2022-08-25,96872.95949999926,0.0,96872.95949999926,1
2022-08-26,96863.18899999926,0.0,96863.18899999926,0
2022-08-29,96863.18899999926,0.0,96863.18899999926,0
2022-08-30,96863.18899999926,0.0,96863.18899999926,0
2022-08-31,96863.18899999926,0.0,96863.18899999926,0
2022-09-01,96844.08899999925,0.0,96844.08899999925,1
2022-09-02,96824.98899999924,0.0,96824.98899999924,0
2022-09-06,96824.98899999924,0.0,96824.98899999924,0
2022-09-07,96749.12299999924,56.64000000000033,96805.76299999924,1
2022-09-08,96730.02299999923,56.64000000000033,96786.66299999923,2
2022-09-09,96679.79799999922,86.64000000000036,96766.43799999922,3
2022-09-12,96707.88699999922,0.0,96707.88699999922,0
2022-09-13,96707.88699999922,0.0,96707.88699999922,0
2022-09-14,96688.78699999921,0.0,96688.78699999921,1
2022-09-15,96669.6869999992,0.0,96669.6869999992,0
2022-09-16,96650.5869999992,0.0,96650.5869999992,1
2022-09-19,96581.26199999919,29.999999999999986,96611.26199999919,1
2022-09-20,96591.03699999918,0.0,96591.03699999918,0
2022-09-21,96582.56249999919,0.0,96582.56249999919,1
2022-09-22,96573.36349999918,0.0,96573.36349999918,2
2022-09-23,96512.91249999918,24.60000000000015,96537.51249999918,1
2022-09-26,96510.09549999918,0.0,96510.09549999918,1
2022-09-27,96492.03499999919,0.0,96492.03499999919,1
2022-09-28,96464.11399999919,0.0,96464.11399999919,1
2022-09-29,96445.01399999918,0.0,96445.01399999918,0
2022-09-30,96434.48299999918,0.0,96434.48299999918,1
2022-10-03,96373.72699999917,29.99999999999997,96403.72699999917,1
2022-10-04,96323.50199999916,59.99999999999997,96383.50199999916,2
2022-10-05,96273.27699999916,89.99999999999999,96363.27699999916,3
2022-10-06,96293.86199999914,0.0,96293.86199999914,1
2022-10-07,96276.56649999913,0.0,96276.56649999913,1
2022-10-10,96268.01099999913,0.0,96268.01099999913,0
2022-10-11,96259.47799999913,0.0,96259.47799999913,1
2022-10-12,96250.94499999913,0.0,96250.94499999913,0
2022-10-13,96231.84499999913,0.0,96231.84499999913,1
2022-10-14,96204.26149999912,0.0,96204.26149999912,1
2022-10-17,96145.55299999911,30.0,96175.55299999911,1
2022-10-18,96155.3279999991,0.0,96155.3279999991,0
2022-10-19,96155.3279999991,0.0,96155.3279999991,0
2022-10-20,96145.5934999991,0.0,96145.5934999991,1
2022-10-21,96135.8589999991,0.0,96135.8589999991,0
2022-10-24,96116.75899999909,0.0,96116.75899999909,1
2022-10-25,96097.65899999908,0.0,96097.65899999908,0
2022-10-26,96024.10299999907,54.23999999999975,96078.34299999908,1
2022-10-27,96005.00299999907,54.23999999999975,96059.24299999907,2
2022-10-28,96020.82699999906,0.0,96020.82699999906,0
2022-10-31,96001.72699999905,0.0,96001.72699999905,1
2022-11-01,95982.62699999905,0.0,95982.62699999905,2
2022-11-02,95925.32699999903,0.0,95925.32699999903,1
2022-11-03,95887.12699999902,0.0,95887.12699999902,1
2022-11-04,95868.02699999901,0.0,95868.02699999901,0
2022-11-07,95868.02699999901,0.0,95868.02699999901,0
2022-11-08,95825.826999999,24.0,95849.826999999,1
2022-11-09,95831.626999999,0.0,95831.626999999,0
2022-11-10,95825.796999999,-3.7200000000000415,95822.076999999,1
2022-11-11,95802.306499999,0.0,95802.306499999,1
2022-11-14,95772.985999999,0.0,95772.985999999,1
2022-11-15,95753.885999999,0.0,95753.885999999,0
2022-11-16,95734.78599999899,0.0,95734.78599999899,1
2022-11-17,95715.25599999898,-9.119999999999877,95706.13599999898,1
2022-11-18,95706.16949999897,-9.119999999999877,95697.04949999898,2
2022-11-21,95678.41299999897,0.0,95678.41299999897,0
2022-11-22,95668.81799999897,0.0,95668.81799999897,1
2022-11-23,95650.76199999897,0.0,95650.76199999897,1
2022-11-25,95642.30099999897,0.0,95642.30099999897,0
2022-11-28,95623.20099999897,0.0,95623.20099999897,1
2022-11-29,95604.10099999896,0.0,95604.10099999896,0
2022-11-30,95595.59499999895,0.0,95595.59499999895,1
2022-12-01,95587.08899999896,0.0,95587.08899999896,0
2022-12-02,95578.39849999896,0.0,95578.39849999896,1
2022-12-05,95550.60799999896,0.0,95550.60799999896,1
2022-12-06,95531.50799999895,0.0,95531.50799999895,2
2022-12-07,95443.08299999894,29.999999999999986,95473.08299999894,1
2022-12-08,95423.98299999893,29.999999999999986,95453.98299999893,2
2022-12-09,95414.65799999892,0.0,95414.65799999892,0
2022-12-12,95404.63549999891,0.0,95404.63549999891,1
2022-12-13,95375.5129999989,0.0,95375.5129999989,1
2022-12-14,95356.4129999989,0.0,95356.4129999989,2
2022-12-15,95337.31299999889,0.0,95337.31299999889,3
2022-12-16,95318.21299999888,0.0,95318.21299999888,4
2022-12-19,95241.81299999886,0.0,95241.81299999886,0
2022-12-20,95222.71299999885,0.0,95222.71299999885,1
2022-12-21,95203.61299999885,0.0,95203.61299999885,2
2022-12-22,95146.31299999883,0.0,95146.31299999883,1
2022-12-23,95052.84849999881,55.07999999999967,95107.92849999882,1
2022-12-27,95088.6439999988,0.0,95088.6439999988,0
2022-12-28,95088.6439999988,0.0,95088.6439999988,0
2022-12-29,95069.5439999988,0.0,95069.5439999988,1
2022-12-30,94972.15249999879,59.16000000000008,95031.31249999879,1
2023-01-03,94993.08099999878,0.0,94993.08099999878,1
2023-01-04,94940.55899999877,14.88000000000011,94955.43899999878,1
2023-01-05,94936.89699999877,0.0,94936.89699999877,0
2023-01-06,94895.62099999876,23.040000000000177,94918.66099999876,1
2023-01-09,94851.80399999875,48.72000000000003,94900.52399999875,2
2023-01-10,94864.15099999876,0.0,94864.15099999876,0
2023-01-11,94864.15099999876,0.0,94864.15099999876,0
2023-01-12,94864.15099999876,0.0,94864.15099999876,0
2023-01-13,94864.15099999876,0.0,94864.15099999876,0
2023-01-17,94819.29449999875,26.76000000000022,94846.05449999875,1
2023-01-18,94808.85799999874,0.0,94808.85799999874,1
2023-01-19,94774.04999999874,16.320000000000178,94790.36999999874,2
2023-01-20,94752.78199999873,0.0,94752.78199999873,0
2023-01-23,94752.78199999873,0.0,94752.78199999873,0
2023-01-24,94752.78199999873,0.0,94752.78199999873,0
2023-01-25,94743.38949999872,0.0,94743.38949999872,1
2023-01-26,94727.44699999872,-3.0,94724.44699999872,1
2023-01-27,94695.79699999871,0.0,94695.79699999871,1
2023-01-30,94657.5969999987,0.0,94657.5969999987,1
2023-01-31,94629.61299999869,0.0,94629.61299999869,1
2023-02-01,94601.57899999867,9.600000000000122,94611.17899999868,1
2023-02-02,94592.87999999868,0.0,94592.87999999868,1
2023-02-03,94533.90599999868,29.999999999999986,94563.90599999868,1
2023-02-06,94543.68099999867,0.0,94543.68099999867,0
2023-02-07,94531.85099999867,2.2799999999999727,94534.13099999867,1
2023-02-08,94505.48099999866,0.0,94505.48099999866,1
2023-02-09,94431.11649999865,55.07999999999967,94486.19649999865,2
2023-02-10,94437.37999999864,0.0,94437.37999999864,1
2023-02-13,94418.37449999864,0.0,94418.37449999864,1
2023-02-14,94399.18899999863,0.0,94399.18899999863,1
2023-02-15,94378.56799999863,0.0,94378.56799999863,1
2023-02-16,94329.59299999863,20.640000000000327,94350.23299999863,1
2023-02-17,94331.90699999862,0.0,94331.90699999862,0
2023-02-21,94312.80699999862,0.0,94312.80699999862,1
2023-02-22,94276.84399999861,17.51999999999977,94294.36399999862,2
2023-02-23,94257.74399999861,17.51999999999977,94275.26399999861,3
2023-02-24,94222.7049999986,34.07999999999973,94256.7849999986,4
2023-02-27,94181.6629999986,0.0,94181.6629999986,0
2023-02-28,94181.6629999986,0.0,94181.6629999986,0
2023-03-01,94162.5629999986,0.0,94162.5629999986,1
2023-03-02,94145.4339999986,0.0,94145.4339999986,2
2023-03-03,94109.20499999859,0.0,94109.20499999859,0
2023-03-06,94090.10499999858,0.0,94090.10499999858,1
2023-03-07,94071.00499999858,0.0,94071.00499999858,0
2023-03-08,94051.90499999857,0.0,94051.90499999857,1
2023-03-09,94023.95699999857,0.0,94023.95699999857,1
2023-03-10,94015.10899999857,0.0,94015.10899999857,0
2023-03-13,94015.10899999857,0.0,94015.10899999857,0
2023-03-14,93996.00899999856,0.0,93996.00899999856,1
2023-03-15,93976.90899999856,0.0,93976.90899999856,2
2023-03-16,93944.98849999855,13.320000000000164,93958.30849999856,3
2023-03-17,93891.96249999854,0.0,93891.96249999854,1
2023-03-20,93863.31699999854,0.0,93863.31699999854,1
2023-03-21,93844.21699999853,0.0,93844.21699999853,2
2023-03-22,93795.51749999852,0.0,93795.51749999852,1
2023-03-23,93785.01799999851,0.0,93785.01799999851,0
2023-03-24,93765.9179999985,0.0,93765.9179999985,1
2023-03-27,93746.8179999985,0.0,93746.8179999985,2
2023-03-28,93727.7179999985,0.0,93727.7179999985,3
2023-03-29,93670.41799999848,0.0,93670.41799999848,0
2023-03-30,93670.41799999848,0.0,93670.41799999848,0
2023-03-31,93670.41799999848,0.0,93670.41799999848,0
2023-04-03,93670.41799999848,0.0,93670.41799999848,0
2023-04-04,93651.31799999847,0.0,93651.31799999847,1
2023-04-05,93632.21799999847,0.0,93632.21799999847,0
2023-04-06,93632.21799999847,0.0,93632.21799999847,0
2023-04-10,93632.21799999847,0.0,93632.21799999847,0
2023-04-11,93613.11799999846,0.0,93613.11799999846,1
2023-04-12,93574.91799999845,0.0,93574.91799999845,1
2023-04-13,93545.57949999844,0.0,93545.57949999844,1
2023-04-14,93535.34099999843,0.0,93535.34099999843,0
2023-04-17,93526.26799999842,0.0,93526.26799999842,1
2023-04-18,93517.19499999842,0.0,93517.19499999842,0
2023-04-19,93517.19499999842,0.0,93517.19499999842,0
2023-04-20,93517.19499999842,0.0,93517.19499999842,0
2023-04-21,93517.19499999842,0.0,93517.19499999842,0
2023-04-24,93517.19499999842,0.0,93517.19499999842,0
2023-04-25,93517.19499999842,0.0,93517.19499999842,0
2023-04-26,93517.19499999842,0.0,93517.19499999842,0
2023-04-27,93517.19499999842,0.0,93517.19499999842,0
2023-04-28,93496.48499999841,11.160000000000096,93507.64499999842,1
2023-05-01,93473.10449999842,6.119999999999905,93479.22449999841,1
2023-05-02,93441.25399999841,0.0,93441.25399999841,1
2023-05-03,93422.15399999841,0.0,93422.15399999841,0
2023-05-04,93401.5524999984,1.5599999999999454,93403.1124999984,1
2023-05-05,93384.07099999841,0.0,93384.07099999841,0
2023-05-08,93367.0049999984,0.0,93367.0049999984,1
2023-05-09,93347.9049999984,0.0,93347.9049999984,2
2023-05-10,93311.73899999839,0.0,93311.73899999839,0
2023-05-11,93292.63899999838,0.0,93292.63899999838,1
2023-05-12,93274.96999999837,0.0,93274.96999999837,2
2023-05-15,93238.20099999837,0.0,93238.20099999837,0
2023-05-16,93216.21349999837,3.0,93219.21349999837,1
2023-05-17,93190.77949999836,0.0,93190.77949999836,1
2023-05-18,93171.43649999835,0.0,93171.43649999835,1
2023-05-19,93143.68199999834,0.0,93143.68199999834,1
2023-05-22,93125.82399999835,0.0,93125.82399999835,0
2023-05-23,93106.72399999834,0.0,93106.72399999834,1
2023-05-24,93087.62399999834,0.0,93087.62399999834,2
2023-05-25,93049.42399999833,0.0,93049.42399999833,0
2023-05-26,93039.63399999832,0.23999999999979593,93039.87399999832,1
2023-05-30,93030.32399999832,0.0,93030.32399999832,0
2023-05-31,93030.32399999832,0.0,93030.32399999832,0
2023-06-01,93021.59299999832,0.0,93021.59299999832,1
2023-06-02,93002.37599999832,0.0,93002.37599999832,1
2023-06-05,92974.6799999983,0.0,92974.6799999983,1
2023-06-06,92947.0334999983,0.0,92947.0334999983,1
2023-06-07,92936.5969999983,0.0,92936.5969999983,0
2023-06-08,92927.4384999983,0.0,92927.4384999983,1
2023-06-09,92918.2799999983,0.0,92918.2799999983,0
2023-06-12,92908.1899999983,0.0,92908.1899999983,1
2023-06-13,92868.6299999983,19.920000000000286,92888.5499999983,1
2023-06-14,92870.4309999983,0.0,92870.4309999983,1
2023-06-15,92851.23199999829,0.0,92851.23199999829,1
2023-06-16,92815.26499999828,6.480000000000246,92821.74499999828,1
2023-06-20,92802.88799999829,0.0,92802.88799999829,0
2023-06-21,92802.88799999829,0.0,92802.88799999829,0
2023-06-22,92794.01749999828,0.0,92794.01749999828,1
2023-06-23,92785.14699999828,0.0,92785.14699999828,0
2023-06-26,92766.04699999827,0.0,92766.04699999827,1
2023-06-27,92737.92349999827,0.0,92737.92349999827,1
2023-06-28,92728.89999999828,0.0,92728.89999999828,0
2023-06-29,92728.89999999828,0.0,92728.89999999828,0
2023-06-30,92728.89999999828,0.0,92728.89999999828,0
2023-07-03,92728.89999999828,0.0,92728.89999999828,0
2023-07-05,92728.89999999828,0.0,92728.89999999828,0
2023-07-06,92728.89999999828,0.0,92728.89999999828,0
2023-07-07,92709.79999999827,0.0,92709.79999999827,1
2023-07-10,92690.69999999827,0.0,92690.69999999827,0
2023-07-11,92682.25699999827,0.0,92682.25699999827,1
2023-07-12,92673.81399999827,0.0,92673.81399999827,0
2023-07-13,92664.06599999826,0.0,92664.06599999826,1
2023-07-14,92654.31799999825,0.0,92654.31799999825,0
2023-07-17,92634.68799999825,10.079999999999686,92644.76799999825,1
2023-07-18,92626.03249999824,0.0,92626.03249999824,1
2023-07-19,92616.84699999823,0.0,92616.84699999823,0
2023-07-20,92616.84699999823,0.0,92616.84699999823,0
2023-07-21,92616.84699999823,0.0,92616.84699999823,0
2023-07-24,92616.84699999823,0.0,92616.84699999823,0
2023-07-25,92616.84699999823,0.0,92616.84699999823,0
2023-07-26,92607.52649999823,0.0,92607.52649999823,1
2023-07-27,92579.10599999822,0.0,92579.10599999822,1
2023-07-28,92560.00599999822,0.0,92560.00599999822,0
2023-07-31,92551.45049999822,0.0,92551.45049999822,1
2023-08-01,92542.89499999821,0.0,92542.89499999821,0
2023-08-02,92523.9119999982,0.0,92523.9119999982,1
2023-08-03,92504.8119999982,0.0,92504.8119999982,2
2023-08-04,92466.7289999982,0.0,92466.7289999982,0
2023-08-07,92448.26799999819,0.0,92448.26799999819,1
2023-08-08,92411.83199999819,0.0,92411.83199999819,1
2023-08-09,92393.85699999818,0.0,92393.85699999818,0
2023-08-10,92393.85699999818,0.0,92393.85699999818,0
2023-08-11,92382.26449999819,-7.79999999999977,92374.46449999818,1
2023-08-14,92337.67299999818,0.0,92337.67299999818,1
2023-08-15,92320.27399999817,0.0,92320.27399999817,0
2023-08-16,92320.27399999817,0.0,92320.27399999817,0
2023-08-17,92320.27399999817,0.0,92320.27399999817,0
2023-08-18,92301.17399999817,0.0,92301.17399999817,1
2023-08-21,92282.66799999816,0.0,92282.66799999816,2
2023-08-22,92245.06199999816,0.0,92245.06199999816,0
2023-08-23,92225.96199999815,0.0,92225.96199999815,1
2023-08-24,92198.16249999814,0.0,92198.16249999814,1
2023-08-25,92170.38999999814,0.0,92170.38999999814,1
2023-08-28,92134.23299999813,0.0,92134.23299999813,1
2023-08-29,92117.14899999813,0.0,92117.14899999813,0
2023-08-30,92098.95799999812,0.0,92098.95799999812,1
2023-08-31,92061.98199999811,0.0,92061.98199999811,1
2023-09-01,92043.9529999981,0.0,92043.9529999981,2
2023-09-05,92025.53699999809,0.0,92025.53699999809,3
2023-09-06,91952.30499999809,0.0,91952.30499999809,1
2023-09-07,91931.47249999808,1.7999999999997414,91933.27249999809,2
2023-09-08,91877.60599999808,0.0,91877.60599999808,1
2023-09-11,91858.97399999808,0.0,91858.97399999808,0
2023-09-12,91840.76499999808,0.0,91840.76499999808,1
2023-09-13,91823.02399999807,0.0,91823.02399999807,2
2023-09-14,91768.29799999806,0.0,91768.29799999806,1
2023-09-15,91749.52199999806,0.0,91749.52199999806,0
2023-09-18,91731.65499999805,0.0,91731.65499999805,1
2023-09-19,91712.55499999804,0.0,91712.55499999804,2
2023-09-20,91666.64999999803,0.0,91666.64999999803,1
2023-09-21,91647.53649999804,0.0,91647.53649999804,1
2023-09-22,91627.62199999804,0.0,91627.62199999804,1
2023-09-25,91600.78999999803,0.0,91600.78999999803,1
2023-09-26,91574.54299999803,0.0,91574.54299999803,1
2023-09-27,91546.28899999803,0.0,91546.28899999803,1
2023-09-28,91527.18899999802,0.0,91527.18899999802,0
2023-09-29,91516.52299999802,0.0,91516.52299999802,1
2023-10-02,91486.75699999802,0.0,91486.75699999802,1
2023-10-03,91458.82249999802,0.0,91458.82249999802,1
2023-10-04,91430.88799999801,0.0,91430.88799999801,1
2023-10-05,91392.687999998,0.0,91392.687999998,1
2023-10-06,91349.174999998,5.51999999999974,91354.694999998,1
2023-10-09,91316.70199999798,0.0,91316.70199999798,1
2023-10-10,91273.18899999798,5.51999999999974,91278.70899999798,1
2023-10-11,91259.81599999797,0.0,91259.81599999797,0
2023-10-12,91240.71599999796,0.0,91240.71599999796,1
2023-10-13,91221.61599999796,0.0,91221.61599999796,2
2023-10-16,91165.25199999794,0.0,91165.25199999794,1
2023-10-17,91147.08799999794,0.0,91147.08799999794,0
2023-10-18,91130.41349999793,-2.5199999999997544,91127.89349999792,1
2023-10-19,91108.69899999793,0.0,91108.69899999793,0
2023-10-20,91099.68449999792,0.0,91099.68449999792,1
2023-10-23,91089.92749999792,0.0,91089.92749999792,2
2023-10-24,91053.28899999791,0.0,91053.28899999791,1
2023-10-25,91026.9744999979,0.0,91026.9744999979,1
2023-10-26,91010.0794999979,0.0,91010.0794999979,1
2023-10-27,90992.3879999979,0.0,90992.3879999979,1
2023-10-30,90983.14399999789,0.0,90983.14399999789,0
2023-10-31,90965.66399999788,0.0,90965.66399999788,1
2023-11-01,90931.18999999788,0.0,90931.18999999788,1
2023-11-02,90903.31199999787,9.119999999999877,90912.43199999786,2
2023-11-03,90880.63149999786,12.839999999999918,90893.47149999786,3
2023-11-06,90811.68949999784,8.279999999999987,90819.96949999784,1
2023-11-07,90794.32649999783,8.279999999999987,90802.60649999783,2
2023-11-08,90777.25149999782,8.279999999999987,90785.53149999781,3
2023-11-09,90758.15149999781,8.279999999999987,90766.43149999781,4
2023-11-10,90694.10399999781,0.0,90694.10399999781,0
2023-11-13,90675.0039999978,0.0,90675.0039999978,1
2023-11-14,90655.9039999978,0.0,90655.9039999978,0
2023-11-15,90636.80399999779,0.0,90636.80399999779,1
2023-11-16,90617.70399999779,0.0,90617.70399999779,0
2023-11-17,90617.70399999779,0.0,90617.70399999779,0
2023-11-20,90617.70399999779,0.0,90617.70399999779,0
2023-11-21,90617.70399999779,0.0,90617.70399999779,0
2023-11-22,90617.70399999779,0.0,90617.70399999779,0
2023-11-24,90604.55399999778,3.6000000000001364,90608.15399999778,1
2023-11-27,90598.60399999778,0.0,90598.60399999778,0
2023-11-28,90598.60399999778,0.0,90598.60399999778,0
2023-11-29,90579.50399999777,0.0,90579.50399999777,1
2023-11-30,90551.48399999777,0.0,90551.48399999777,1
2023-12-01,90533.41899999777,0.0,90533.41899999777,1
2023-12-04,90515.48449999776,0.0,90515.48449999776,1
2023-12-05,90506.69499999777,0.0,90506.69499999777,0
2023-12-06,90487.81099999776,0.0,90487.81099999776,1
2023-12-07,90468.92699999776,0.0,90468.92699999776,0
2023-12-08,90459.46699999775,0.0,90459.46699999775,1
2023-12-11,90441.35249999774,0.0,90441.35249999774,1
2023-12-12,90423.55299999773,0.0,90423.55299999773,1
2023-12-13,90404.63299999772,0.0,90404.63299999772,1
2023-12-14,90394.85799999772,0.0,90394.85799999772,0
2023-12-15,90394.85799999772,0.0,90394.85799999772,0
2023-12-18,90394.85799999772,0.0,90394.85799999772,0
2023-12-19,90385.37999999772,0.0,90385.37999999772,1
2023-12-20,90358.36799999772,0.0,90358.36799999772,1
2023-12-21,90332.31899999772,0.0,90332.31899999772,1
2023-12-22,90323.80399999772,0.0,90323.80399999772,0
2023-12-26,90306.45399999771,7.79999999999977,90314.25399999772,1
2023-12-27,90295.83349999771,0.0,90295.83349999771,1
2023-12-28,90286.9629999977,0.0,90286.9629999977,0
2023-12-29,90286.9629999977,0.0,90286.9629999977,0
2024-01-02,90276.3554999977,0.0,90276.3554999977,1
2024-01-03,90247.73699999771,0.0,90247.73699999771,1
2024-01-04,90229.72599999771,0.0,90229.72599999771,0
2024-01-05,90210.6259999977,0.0,90210.6259999977,1
2024-01-08,90191.5259999977,0.0,90191.5259999977,0
2024-01-09,90172.4259999977,0.0,90172.4259999977,1
2024-01-10,90153.32599999769,0.0,90153.32599999769,0
2024-01-11,90153.32599999769,0.0,90153.32599999769,0
2024-01-12,90134.22599999768,0.0,90134.22599999768,1
2024-01-16,90095.96299999768,0.0,90095.96299999768,1
2024-01-17,90076.86299999767,0.0,90076.86299999767,2
2024-01-18,90038.59999999766,0.0,90038.59999999766,0
2024-01-19,90030.14349999766,0.0,90030.14349999766,1
2024-01-22,90021.68699999766,0.0,90021.68699999766,0
2024-01-23,90012.07399999766,0.0,90012.07399999766,1
2024-01-24,89987.86549999766,-4.6799999999998505,89983.18549999766,1
2024-01-25,89953.47349999766,0.0,89953.47349999766,1
2024-01-26,89943.03699999767,0.0,89943.03699999767,0
2024-01-29,89918.24699999766,15.239999999999768,89933.48699999767,1
2024-01-30,89923.93699999766,0.0,89923.93699999766,0
2024-01-31,89904.83699999766,0.0,89904.83699999766,1
2024-02-01,89875.82699999765,0.0,89875.82699999765,1
2024-02-02,89856.07449999765,0.0,89856.07449999765,1
2024-02-05,89846.23199999765,0.0,89846.23199999765,0
2024-02-06,89836.22299999764,0.0,89836.22299999764,1
2024-02-07,89815.80899999764,0.0,89815.80899999764,1
2024-02-08,89805.40399999764,0.0,89805.40399999764,0
2024-02-09,89781.45399999764,14.399999999999864,89795.85399999763,1
2024-02-12,89786.30399999765,0.0,89786.30399999765,0
2024-02-13,89786.30399999765,0.0,89786.30399999765,0
2024-02-14,89776.11049999764,0.0,89776.11049999764,1
2024-02-15,89757.27149999765,0.0,89757.27149999765,1
2024-02-16,89729.52599999764,0.0,89729.52599999764,1
2024-02-20,89710.42599999763,0.0,89710.42599999763,0
2024-02-21,89701.87049999763,0.0,89701.87049999763,1
2024-02-22,89684.88999999763,0.0,89684.88999999763,1
2024-02-23,89676.46499999762,0.0,89676.46499999762,0
2024-02-26,89658.25599999762,0.0,89658.25599999762,1
2024-02-27,89631.36549999761,0.0,89631.36549999761,1
2024-02-28,89622.68399999761,0.0,89622.68399999761,0
2024-02-29,89622.68399999761,0.0,89622.68399999761,0
2024-03-01,89612.1664999976,0.0,89612.1664999976,1
2024-03-04,89601.6489999976,0.0,89601.6489999976,0
2024-03-05,89601.6489999976,0.0,89601.6489999976,0
2024-03-06,89601.6489999976,0.0,89601.6489999976,0
2024-03-07,89601.6489999976,0.0,89601.6489999976,0
2024-03-08,89584.0969999976,0.0,89584.0969999976,1
2024-03-11,89557.5709999976,0.0,89557.5709999976,1
2024-03-12,89517.68699999759,21.359999999999687,89539.04699999759,1
2024-03-13,89529.49699999759,0.0,89529.49699999759,0
2024-03-14,89519.92449999758,0.0,89519.92449999758,1
2024-03-15,89493.21549999758,-2.040000000000191,89491.17549999758,1
2024-03-18,89476.04149999758,-2.040000000000191,89474.00149999758,2
2024-03-19,89419.58099999758,8.520000000000422,89428.10099999758,1
2024-03-20,89409.21699999757,0.0,89409.21699999757,1
2024-03-21,89382.76299999756,0.0,89382.76299999756,1
2024-03-22,89365.64299999757,0.0,89365.64299999757,0
2024-03-25,89365.64299999757,0.0,89365.64299999757,0
2024-03-26,89346.54299999756,0.0,89346.54299999756,1
2024-03-27,89318.71649999755,0.0,89318.71649999755,1
2024-03-28,89309.98999999755,0.0,89309.98999999755,0
2024-04-01,89309.98999999755,0.0,89309.98999999755,0
2024-04-02,89309.98999999755,0.0,89309.98999999755,0
2024-04-03,89297.70449999753,-7.080000000000368,89290.62449999753,1
2024-04-04,89280.34149999752,-7.080000000000368,89273.26149999752,2
2024-04-05,89236.53299999752,0.0,89236.53299999752,0
2024-04-08,89218.58499999752,0.0,89218.58499999752,1
2024-04-09,89200.63699999751,0.0,89200.63699999751,0
2024-04-10,89182.32899999751,0.0,89182.32899999751,1
2024-04-11,89165.0289999975,0.0,89165.0289999975,2
2024-04-12,89129.4209999975,0.0,89129.4209999975,0
2024-04-15,89129.4209999975,0.0,89129.4209999975,0
2024-04-16,89129.4209999975,0.0,89129.4209999975,0
2024-04-17,89129.4209999975,0.0,89129.4209999975,0
2024-04-18,89129.4209999975,0.0,89129.4209999975,0
2024-04-19,89129.4209999975,0.0,89129.4209999975,0
2024-04-22,89107.0869999975,3.3599999999996726,89110.4469999975,1
2024-04-23,89072.37299999749,0.0,89072.37299999749,1
2024-04-24,89053.27299999748,0.0,89053.27299999748,2
2024-04-25,88997.33199999746,0.0,88997.33199999746,1
2024-04-26,88979.59099999747,0.0,88979.59099999747,0
2024-04-29,88960.49099999746,0.0,88960.49099999746,1
2024-04-30,88932.73199999746,0.0,88932.73199999746,1
2024-05-01,88924.07299999746,0.0,88924.07299999746,0
2024-05-02,88904.62649999745,0.3599999999996868,88904.98649999745,1
2024-05-03,88885.52649999745,0.3599999999996868,88885.88649999745,2
2024-05-06,88847.69999999744,0.0,88847.69999999744,0
2024-05-07,88830.52599999744,0.0,88830.52599999744,1
2024-05-08,88813.39699999744,0.0,88813.39699999744,2
2024-05-09,88779.09399999744,0.0,88779.09399999744,0
2024-05-10,88760.74999999742,0.0,88760.74999999742,1
2024-05-13,88731.13949999741,10.919999999999604,88742.05949999741,2
2024-05-14,88705.02499999742,0.0,88705.02499999742,0
2024-05-15,88705.02499999742,0.0,88705.02499999742,0
2024-05-16,88685.92499999741,0.0,88685.92499999741,1
2024-05-17,88666.8249999974,0.0,88666.8249999974,0
2024-05-20,88666.8249999974,0.0,88666.8249999974,0
2024-05-21,88657.8869999974,0.0,88657.8869999974,1
2024-05-22,88648.9489999974,0.0,88648.9489999974,0
2024-05-23,88629.8489999974,0.0,88629.8489999974,1
2024-05-24,88610.74899999739,0.0,88610.74899999739,0
2024-05-28,88601.11349999739,0.0,88601.11349999739,1
2024-05-29,88591.47799999738,0.0,88591.47799999738,0
2024-05-30,88574.52899999738,0.0,88574.52899999738,1
2024-05-31,88557.57999999738,0.0,88557.57999999738,0
2024-06-03,88557.57999999738,0.0,88557.57999999738,0
2024-06-04,88557.57999999738,0.0,88557.57999999738,0
2024-06-05,88557.57999999738,0.0,88557.57999999738,0
2024-06-06,88557.57999999738,0.0,88557.57999999738,0
2024-06-07,88539.37099999738,0.0,88539.37099999738,1
2024-06-10,88521.16199999738,0.0,88521.16199999738,0
2024-06-11,88512.48949999738,0.0,88512.48949999738,1
2024-06-12,88503.81699999738,0.0,88503.81699999738,0
2024-06-13,88495.36949999737,0.0,88495.36949999737,1
2024-06-14,88478.37099999737,0.0,88478.37099999737,1
2024-06-17,88461.21499999736,0.0,88461.21499999736,1
2024-06-18,88443.73949999736,0.0,88443.73949999736,1
2024-06-20,88434.86899999736,0.0,88434.86899999736,0
2024-06-21,88434.86899999736,0.0,88434.86899999736,0
2024-06-24,88417.80299999735,0.0,88417.80299999735,1
2024-06-25,88391.26349999734,0.0,88391.26349999734,1
2024-06-26,88372.46949999734,0.0,88372.46949999734,1
2024-06-27,88363.53599999734,0.0,88363.53599999734,2
2024-06-28,88326.88399999734,0.0,88326.88399999734,1
2024-07-01,88308.48599999734,0.0,88308.48599999734,0
2024-07-02,88299.38149999734,0.0,88299.38149999734,1
2024-07-03,88263.20699999733,17.520000000000437,88280.72699999734,1
2024-07-05,88261.78899999733,0.0,88261.78899999733,1
2024-07-08,88252.40099999732,0.0,88252.40099999732,0
2024-07-09,88252.40099999732,0.0,88252.40099999732,0
2024-07-10,88243.44499999731,0.0,88243.44499999731,1
2024-07-11,88215.3889999973,0.0,88215.3889999973,1
2024-07-12,88196.2889999973,0.0,88196.2889999973,0
2024-07-15,88196.2889999973,0.0,88196.2889999973,0
2024-07-16,88186.6759999973,0.0,88186.6759999973,1
2024-07-17,88159.7089999973,0.0,88159.7089999973,1
2024-07-18,88140.60899999729,0.0,88140.60899999729,2
2024-07-19,88122.41799999728,0.0,88122.41799999728,3
2024-07-22,88067.77299999727,0.0,88067.77299999727,0
2024-07-23,88049.77099999726,0.0,88049.77099999726,1
2024-07-24,88031.76899999726,0.0,88031.76899999726,0
2024-07-25,88031.76899999726,0.0,88031.76899999726,0
2024-07-26,88012.66899999726,0.0,88012.66899999726,1
2024-07-29,87993.56899999725,0.0,87993.56899999725,0
2024-07-30,87993.56899999725,0.0,87993.56899999725,0
2024-07-31,87974.46899999725,0.0,87974.46899999725,1
2024-08-01,87955.36899999724,0.0,87955.36899999724,0
2024-08-02,87938.15899999723,0.0,87938.15899999723,1
2024-08-05,87920.94899999723,0.0,87920.94899999723,0
2024-08-06,87910.43149999723,0.0,87910.43149999723,1
2024-08-07,87901.48449999723,0.0,87901.48449999723,2
2024-08-08,87882.01999999722,0.0,87882.01999999722,0
2024-08-09,87882.01999999722,0.0,87882.01999999722,0
2024-08-12,87882.01999999722,0.0,87882.01999999722,0
2024-08-13,87862.91999999722,0.0,87862.91999999722,1
2024-08-14,87829.38249999721,15.0,87844.38249999721,2
2024-08-15,87789.38199999719,0.0,87789.38199999719,1
2024-08-16,87752.91899999719,0.0,87752.91899999719,1
2024-08-19,87733.81899999718,0.0,87733.81899999718,0
2024-08-20,87699.70399999717,15.599999999999454,87715.30399999718,1
2024-08-21,87696.78899999718,0.0,87696.78899999718,0
2024-08-22,87663.59799999718,14.640000000000342,87678.23799999717,1
2024-08-23,87659.68699999718,0.0,87659.68699999718,0
2024-08-26,87640.58699999718,0.0,87640.58699999718,1
2024-08-27,87621.48699999717,0.0,87621.48699999717,0
2024-08-28,87582.75199999717,20.40000000000053,87603.15199999716,1
2024-08-29,87563.65199999716,20.40000000000053,87584.05199999716,2
2024-08-30,87546.61699999716,0.0,87546.61699999716,0
2024-09-03,87527.51699999715,0.0,87527.51699999715,1
2024-09-04,87497.44449999715,11.400000000000546,87508.84449999714,2
2024-09-05,87478.34449999714,11.400000000000546,87489.74449999713,3
2024-09-06,87432.87199999712,0.0,87432.87199999712,0
2024-09-09,87397.48649999712,16.919999999999618,87414.40649999712,1
2024-09-10,87364.41099999711,31.44000000000007,87395.85099999711,2
2024-09-11,87345.3109999971,31.44000000000007,87376.75099999711,3
2024-09-12,87315.7004999971,42.35999999999967,87358.0604999971,4
2024-09-13,87265.95799999707,0.0,87265.95799999707,1
2024-09-16,87246.85799999707,0.0,87246.85799999707,2
2024-09-17,87193.10399999705,0.0,87193.10399999705,1
2024-09-18,87175.26399999704,0.0,87175.26399999704,2
2024-09-19,87140.06099999705,0.0,87140.06099999705,0
2024-09-20,87140.06099999705,0.0,87140.06099999705,0
2024-09-23,87140.06099999705,0.0,87140.06099999705,0
2024-09-24,87131.09599999705,0.0,87131.09599999705,1
2024-09-25,87122.13099999705,0.0,87122.13099999705,0
2024-09-26,87122.13099999705,0.0,87122.13099999705,0
2024-09-27,87122.13099999705,0.0,87122.13099999705,0
2024-09-30,87113.13899999706,0.0,87113.13899999706,1
2024-10-01,87104.14699999706,0.0,87104.14699999706,0
2024-10-02,87104.14699999706,0.0,87104.14699999706,0
2024-10-03,87104.14699999706,0.0,87104.14699999706,0
2024-10-04,87095.50599999705,0.0,87095.50599999705,1
2024-10-07,87069.74499999704,0.0,87069.74499999704,1
2024-10-08,87052.62499999705,0.0,87052.62499999705,0
2024-10-09,87044.03799999705,0.0,87044.03799999705,1
2024-10-10,87035.45099999705,0.0,87035.45099999705,0
2024-10-11,87035.45099999705,0.0,87035.45099999705,0
2024-10-14,87025.59499999705,0.0,87025.59499999705,1
2024-10-15,86994.09799999704,2.6400000000003416,86996.73799999704,1
2024-10-16,86969.22199999704,0.0,86969.22199999704,1
2024-10-17,86941.60699999704,0.0,86941.60699999704,1
2024-10-18,86922.50699999703,0.0,86922.50699999703,0
2024-10-21,86913.57349999703,0.0,86913.57349999703,1
2024-10-22,86894.33399999703,0.0,86894.33399999703,1
2024-10-23,86884.02799999704,0.0,86884.02799999704,0
2024-10-24,86884.02799999704,0.0,86884.02799999704,0
2024-10-25,86864.92799999703,0.0,86864.92799999703,1
2024-10-28,86826.72799999702,0.0,86826.72799999702,1
2024-10-29,86807.62799999701,0.0,86807.62799999701,0
2024-10-30,86788.64349999701,-0.11999999999990507,86788.52349999701,1
2024-10-31,86769.41899999701,0.0,86769.41899999701,0
2024-11-01,86769.41899999701,0.0,86769.41899999701,0
2024-11-04,86750.318999997,0.0,86750.318999997,1
2024-11-05,86732.748999997,0.0,86732.748999997,2
2024-11-06,86696.07899999699,0.0,86696.07899999699,0
2024-11-07,86696.07899999699,0.0,86696.07899999699,0
2024-11-08,86696.07899999699,0.0,86696.07899999699,0
2024-11-11,86696.07899999699,0.0,86696.07899999699,0
2024-11-12,86696.07899999699,0.0,86696.07899999699,0
2024-11-13,86696.07899999699,0.0,86696.07899999699,0
2024-11-14,86676.97899999698,0.0,86676.97899999698,1
2024-11-15,86657.87899999697,0.0,86657.87899999697,2
2024-11-18,86619.67899999696,0.0,86619.67899999696,0
2024-11-19,86619.67899999696,0.0,86619.67899999696,0
2024-11-20,86619.67899999696,0.0,86619.67899999696,0
2024-11-21,86619.67899999696,0.0,86619.67899999696,0
2024-11-22,86619.67899999696,0.0,86619.67899999696,0
2024-11-25,86600.57899999696,0.0,86600.57899999696,1
2024-11-26,86581.47899999695,0.0,86581.47899999695,0
2024-11-27,86562.37899999694,0.0,86562.37899999694,1
2024-11-29,86543.27899999694,0.0,86543.27899999694,0
2024-12-02,86543.27899999694,0.0,86543.27899999694,0
2024-12-03,86543.27899999694,0.0,86543.27899999694,0
2024-12-04,86532.67599999694,0.0,86532.67599999694,1
2024-12-05,86522.07299999693,0.0,86522.07299999693,0
2024-12-06,86522.07299999693,0.0,86522.07299999693,0
2024-12-09,86522.07299999693,0.0,86522.07299999693,0
2024-12-10,86504.95299999692,0.0,86504.95299999692,1
2024-12-11,86487.83299999693,0.0,86487.83299999693,0
2024-12-12,86468.73299999692,0.0,86468.73299999692,1
2024-12-13,86449.63299999692,0.0,86449.63299999692,0
2024-12-16,86449.63299999692,0.0,86449.63299999692,0
2024-12-17,86438.73349999692,-8.520000000000422,86430.21349999691,1
2024-12-18,86410.79399999691,0.0,86410.79399999691,0
2024-12-19,86410.79399999691,0.0,86410.79399999691,0
2024-12-20,86391.6939999969,0.0,86391.6939999969,1
2024-12-23,86369.0134999969,3.719999999999345,86372.7334999969,2
2024-12-24,86316.74299999689,0.0,86316.74299999689,1
2024-12-26,86298.84899999689,0.0,86298.84899999689,2
2024-12-27,86244.04049999689,-0.11999999999990507,86243.9204999969,1
2024-12-30,86224.94049999688,-0.11999999999990507,86224.82049999689,2
2024-12-31,86186.61599999688,0.0,86186.61599999688,0
2025-01-02,86186.61599999688,0.0,86186.61599999688,0
2025-01-03,86169.27099999688,0.0,86169.27099999688,1
2025-01-06,86146.01299999688,4.320000000000164,86150.33299999688,2
2025-01-07,86114.04999999687,0.0,86114.04999999687,0
2025-01-08,86089.05949999687,6.119999999999905,86095.17949999687,1
2025-01-10,86076.30899999688,0.0,86076.30899999688,0
2025-01-13,86057.20899999687,0.0,86057.20899999687,1
2025-01-14,86040.07999999687,0.0,86040.07999999687,2
2025-01-15,86022.97799999687,0.0,86022.97799999687,3
2025-01-16,85969.64699999687,0.0,85969.64699999687,0
2025-01-17,85950.54699999686,0.0,85950.54699999686,1
2025-01-21,85931.44699999686,0.0,85931.44699999686,0
2025-01-22,85912.34699999685,0.0,85912.34699999685,1
2025-01-23,85893.24699999685,0.0,85893.24699999685,0
2025-01-24,85874.14699999684,0.0,85874.14699999684,1
2025-01-27,85855.04699999683,0.0,85855.04699999683,0
2025-01-28,85855.04699999683,0.0,85855.04699999683,0
2025-01-29,85837.57599999683,0.0,85837.57599999683,1
2025-01-30,85820.10499999682,0.0,85820.10499999682,0
2025-01-31,85801.00499999682,0.0,85801.00499999682,1
2025-02-03,85781.90499999681,0.0,85781.90499999681,0
2025-02-04,85762.8049999968,0.0,85762.8049999968,1
2025-02-05,85743.7049999968,0.0,85743.7049999968,0
2025-02-06,85725.79299999679,0.0,85725.79299999679,1
2025-02-07,85688.78099999679,0.0,85688.78099999679,1
2025-02-10,85650.58099999678,0.0,85650.58099999678,1
2025-02-11,85627.90049999677,3.719999999999345,85631.62049999677,2
2025-02-12,85574.45999999676,0.0,85574.45999999676,1
2025-02-13,85555.35999999676,0.0,85555.35999999676,0
2025-02-14,85555.35999999676,0.0,85555.35999999676,0
2025-02-18,85555.35999999676,0.0,85555.35999999676,0
2025-02-19,85546.74149999676,0.0,85546.74149999676,1
2025-02-20,85538.12299999676,0.0,85538.12299999676,0
2025-02-21,85538.12299999676,0.0,85538.12299999676,0
2025-02-24,85538.12299999676,0.0,85538.12299999676,0
2025-02-25,85519.70699999675,0.0,85519.70699999675,1
2025-02-26,85501.29099999675,0.0,85501.29099999675,0
2025-02-27,85491.71849999674,0.0,85491.71849999674,1
2025-02-28,85463.04599999674,0.0,85463.04599999674,1
2025-03-03,85419.63599999674,14.760000000000218,85434.39599999673,1
2025-03-04,85424.84599999675,0.0,85424.84599999675,0
2025-03-05,85407.49199999674,0.0,85407.49199999674,1
2025-03-06,85390.13799999673,0.0,85390.13799999673,0
2025-03-07,85371.03799999673,0.0,85371.03799999673,1
2025-03-10,85342.12699999672,0.0,85342.12699999672,1
2025-03-11,85332.16299999671,0.0,85332.16299999671,2
2025-03-12,85312.3879999967,0.0,85312.3879999967,0
2025-03-13,85302.1989999967,0.0,85302.1989999967,1
2025-03-14,85274.8809999967,0.0,85274.8809999967,1
2025-03-17,85257.7519999967,0.0,85257.7519999967,0
2025-03-18,85257.7519999967,0.0,85257.7519999967,0
2025-03-19,85238.6519999967,0.0,85238.6519999967,1
2025-03-20,85209.7814999967,0.0,85209.7814999967,1
2025-03-21,85180.91099999669,0.0,85180.91099999669,1
2025-03-24,85142.71099999668,0.0,85142.71099999668,1
2025-03-25,85123.61099999667,0.0,85123.61099999667,2
2025-03-26,85085.41099999666,0.0,85085.41099999666,0
2025-03-27,85066.31099999665,0.0,85066.31099999665,1
2025-03-28,85037.36399999664,0.0,85037.36399999664,1
2025-03-31,85001.37149999665,7.320000000000178,85008.69149999665,1
2025-04-01,84971.06799999664,18.96000000000049,84990.02799999664,2
2025-04-02,84951.96799999663,18.96000000000049,84970.92799999664,3
2025-04-03,84905.55399999663,0.0,84905.55399999663,1
2025-04-04,84890.57899999662,-3.3599999999996726,84887.21899999662,1
2025-04-07,84877.66899999662,0.0,84877.66899999662,0
2025-04-08,84867.45299999662,0.0,84867.45299999662,1
2025-04-09,84857.23699999662,0.0,84857.23699999662,0
2025-04-10,84857.23699999662,0.0,84857.23699999662,0
2025-04-11,84857.23699999662,0.0,84857.23699999662,0
2025-04-14,84857.23699999662,0.0,84857.23699999662,0
2025-04-15,84857.23699999662,0.0,84857.23699999662,0
2025-04-16,84857.23699999662,0.0,84857.23699999662,0
2025-04-17,84857.23699999662,0.0,84857.23699999662,0
2025-04-21,84857.23699999662,0.0,84857.23699999662,0
2025-04-22,84857.23699999662,0.0,84857.23699999662,0
2025-04-23,84857.23699999662,0.0,84857.23699999662,0
2025-04-24,84857.23699999662,0.0,84857.23699999662,0
2025-04-25,84857.23699999662,0.0,84857.23699999662,0
2025-04-28,84857.23699999662,0.0,84857.23699999662,0
2025-04-29,84857.23699999662,0.0,84857.23699999662,0
2025-04-30,84857.23699999662,0.0,84857.23699999662,0
2025-05-01,84857.23699999662,0.0,84857.23699999662,0
2025-05-02,84857.23699999662,0.0,84857.23699999662,0
2025-05-05,84857.23699999662,0.0,84857.23699999662,0
2025-05-06,84857.23699999662,0.0,84857.23699999662,0
2025-05-07,84857.23699999662,0.0,84857.23699999662,0
2025-05-08,84838.13699999661,0.0,84838.13699999661,1
2025-05-09,84799.9369999966,0.0,84799.9369999966,1
2025-05-12,84780.8369999966,0.0,84780.8369999966,0
2025-05-13,84730.61199999659,29.99999999999997,84760.61199999659,1
2025-05-14,84740.38699999658,0.0,84740.38699999658,0
2025-05-15,84731.04399999657,0.0,84731.04399999657,1
2025-05-16,84721.75099999658,-9.599999999999454,84712.15099999658,1
2025-05-19,84694.85099999659,-1.7999999999997414,84693.05099999659,1
2025-05-20,84672.98349999658,0.0,84672.98349999658,1
2025-05-21,84618.64899999657,25.67999999999985,84644.32899999656,1
2025-05-22,84626.19199999658,0.0,84626.19199999658,0
2025-05-23,84626.19199999658,0.0,84626.19199999658,0
2025-05-27,84602.84199999657,13.799999999999713,84616.64199999657,1
2025-05-28,84561.77349999656,27.239999999999768,84589.01349999657,1
2025-05-29,84570.93499999656,0.0,84570.93499999656,0
2025-05-30,84570.93499999656,0.0,84570.93499999656,0
2025-06-02,84570.93499999656,0.0,84570.93499999656,0
2025-06-03,84570.93499999656,0.0,84570.93499999656,0
2025-06-04,84551.83499999656,0.0,84551.83499999656,1
2025-06-05,84534.48999999656,0.0,84534.48999999656,2
2025-06-06,84498.04499999655,0.0,84498.04499999655,0
2025-06-09,84478.94499999654,0.0,84478.94499999654,1
2025-06-10,84449.43099999653,0.0,84449.43099999653,1
2025-06-11,84439.01699999653,0.0,84439.01699999653,0
2025-06-12,84430.02949999653,0.0,84430.02949999653,1
2025-06-13,84403.74199999652,0.0,84403.74199999652,1
2025-06-16,84386.44199999652,0.0,84386.44199999652,0
2025-06-17,84367.34199999651,0.0,84367.34199999651,1
2025-06-18,84348.2419999965,0.0,84348.2419999965,2
2025-06-20,84329.1419999965,0.0,84329.1419999965,3
2025-06-23,84271.84199999648,0.0,84271.84199999648,0
2025-06-24,84271.84199999648,0.0,84271.84199999648,0
2025-06-25,84271.84199999648,0.0,84271.84199999648,0
2025-06-26,84263.13349999647,0.0,84263.13349999647,1
2025-06-27,84244.83449999648,0.0,84244.83449999648,1
2025-06-30,84224.72649999647,0.0,84224.72649999647,1
2025-07-01,84214.20899999647,0.0,84214.20899999647,0
2025-07-02,84204.86149999646,0.0,84204.86149999646,1
2025-07-03,84195.51399999646,0.0,84195.51399999646,0
2025-07-07,84195.51399999646,0.0,84195.51399999646,0
2025-07-08,84195.51399999646,0.0,84195.51399999646,0
2025-07-09,84185.54099999646,0.0,84185.54099999646,1
2025-07-10,84156.17799999646,9.840000000000614,84166.01799999646,1
2025-07-11,84156.46799999646,0.0,84156.46799999646,0
2025-07-14,84146.83249999645,0.0,84146.83249999645,1
2025-07-15,84120.02299999645,0.0,84120.02299999645,1
2025-07-16,84093.64999999644,0.0,84093.64999999644,1
2025-07-17,84074.01899999645,0.0,84074.01899999645,1
2025-07-18,84063.58699999645,0.0,84063.58699999645,0
2025-07-21,84044.48699999644,0.0,84044.48699999644,1
2025-07-22,84016.34999999644,0.0,84016.34999999644,1
2025-07-23,83997.40749999644,0.0,83997.40749999644,1
2025-07-24,83987.50199999644,0.0,83987.50199999644,0
2025-07-25,83978.89699999645,0.0,83978.89699999645,1
2025-07-28,83970.29199999645,0.0,83970.29199999645,0
2025-07-29,83970.29199999645,0.0,83970.29199999645,0
2025-07-30,83970.29199999645,0.0,83970.29199999645,0
2025-07-31,83951.19199999644,0.0,83951.19199999644,1
2025-08-01,83933.63999999643,0.0,83933.63999999643,2
2025-08-04,83896.98799999643,0.0,83896.98799999643,0
2025-08-05,83877.88799999643,0.0,83877.88799999643,1
2025-08-06,83858.78799999642,0.0,83858.78799999642,0
2025-08-07,83841.71299999641,0.0,83841.71299999641,1
2025-08-08,83824.63799999641,0.0,83824.63799999641,0
2025-08-11,83805.5379999964,0.0,83805.5379999964,1
2025-08-12,83775.8484999964,0.0,83775.8484999964,1
2025-08-13,83765.2589999964,0.0,83765.2589999964,0
2025-08-14,83765.2589999964,0.0,83765.2589999964,0
2025-08-15,83765.2589999964,0.0,83765.2589999964,0
2025-08-18,83765.2589999964,0.0,83765.2589999964,0
2025-08-19,83746.15899999639,0.0,83746.15899999639,1
2025-08-20,83727.05899999638,0.0,83727.05899999638,0
2025-08-21,83727.05899999638,0.0,83727.05899999638,0
2025-08-22,83717.64849999639,0.0,83717.64849999639,1
2025-08-25,83689.13799999638,0.0,83689.13799999638,1
2025-08-26,83658.56799999638,1.9199999999996038,83660.48799999637,1
2025-08-27,83650.93799999637,0.0,83650.93799999637,0
2025-08-28,83640.90199999636,0.0,83640.90199999636,1
2025-08-29,83630.86599999637,0.0,83630.86599999637,0
2025-09-02,83608.64749999637,3.2399999999997675,83611.88749999637,1
2025-09-03,83592.90899999636,0.0,83592.90899999636,0
2025-09-04,83583.75499999635,0.0,83583.75499999635,1
2025-09-05,83574.60099999636,0.0,83574.60099999636,0
2025-09-08,83574.60099999636,0.0,83574.60099999636,0
2025-09-09,83561.09099999635,3.9600000000005053,83565.05099999635,1
2025-09-10,83555.50099999635,0.0,83555.50099999635,0
2025-09-11,83547.01749999635,0.0,83547.01749999635,1
2025-09-12,83538.53399999635,0.0,83538.53399999635,0
2025-09-15,83529.39349999634,0.0,83529.39349999634,1
2025-09-16,83520.25299999634,0.0,83520.25299999634,0
2025-09-17,83520.25299999634,0.0,83520.25299999634,0
2025-09-18,83520.25299999634,0.0,83520.25299999634,0
2025-09-19,83511.28799999635,0.0,83511.28799999635,1
2025-09-22,83493.60099999634,0.0,83493.60099999634,1
2025-09-23,83484.87899999635,0.0,83484.87899999635,0
2025-09-24,83484.87899999635,0.0,83484.87899999635,0
2025-09-25,83484.87899999635,0.0,83484.87899999635,0
2025-09-26,83476.14799999635,0.0,83476.14799999635,1
2025-09-29,83467.41699999635,0.0,83467.41699999635,0
2025-09-30,83458.39799999635,0.0,83458.39799999635,1
2025-10-01,83440.52649999634,0.0,83440.52649999634,1
2025-10-02,83431.67399999635,0.0,83431.67399999635,0
2025-10-03,83412.57399999634,0.0,83412.57399999634,1
2025-10-06,83393.47399999633,0.0,83393.47399999633,0
2025-10-07,83393.47399999633,0.0,83393.47399999633,0
2025-10-08,83384.77449999633,0.0,83384.77449999633,1
2025-10-09,83376.07499999633,0.0,83376.07499999633,0
2025-10-10,83376.07499999633,0.0,83376.07499999633,0
2025-10-13,83356.97499999632,0.0,83356.97499999632,1
2025-10-14,83339.88199999632,0.0,83339.88199999632,2
2025-10-15,83318.81849999631,2.039999999999509,83320.8584999963,3
2025-10-16,83265.64199999631,0.0,83265.64199999631,0
2025-10-17,83239.49649999631,7.320000000000178,83246.81649999632,1
2025-10-20,83210.0609999963,0.0,83210.0609999963,1
2025-10-21,83190.9609999963,0.0,83190.9609999963,2
2025-10-22,83136.81099999629,0.0,83136.81099999629,1
2025-10-23,83102.17499999629,0.0,83102.17499999629,1
2025-10-24,83085.09999999628,0.0,83085.09999999628,2
2025-10-27,83050.50899999628,0.0,83050.50899999628,0
2025-10-28,83050.50899999628,0.0,83050.50899999628,0
2025-10-29,83033.55999999627,0.0,83033.55999999627,1
2025-10-30,83014.45999999627,0.0,83014.45999999627,2
2025-10-31,82978.41099999627,0.0,82978.41099999627,0
2025-11-03,82978.41099999627,0.0,82978.41099999627,0
2025-11-04,82956.53899999626,2.880000000000109,82959.41899999627,1
2025-11-05,82937.43899999626,2.880000000000109,82940.31899999626,2
2025-11-06,82914.75849999626,6.599999999999454,82921.35849999626,3
2025-11-07,82896.53149999626,6.599999999999454,82903.13149999626,4
2025-11-10,82827.85199999626,0.0,82827.85199999626,0
2025-11-11,82827.85199999626,0.0,82827.85199999626,0
2025-11-12,82810.20999999625,0.0,82810.20999999625,1
2025-11-13,82792.56799999624,0.0,82792.56799999624,0
2025-11-14,82775.20499999623,0.0,82775.20499999623,1
2025-11-17,82757.84199999624,0.0,82757.84199999624,0
2025-11-18,82757.84199999624,0.0,82757.84199999624,0
2025-11-19,82740.87499999623,0.0,82740.87499999623,1
2025-11-20,82715.46949999622,0.0,82715.46949999622,1
2025-11-21,82688.80399999622,0.0,82688.80399999622,1
2025-11-24,82669.70399999621,0.0,82669.70399999621,2
2025-11-25,82650.60399999621,0.0,82650.60399999621,3
2025-11-26,82575.07699999619,0.0,82575.07699999619,1
2025-11-28,82555.97699999619,0.0,82555.97699999619,0
2025-12-01,82536.87699999618,0.0,82536.87699999618,1
2025-12-02,82517.77699999617,0.0,82517.77699999617,2
2025-12-03,82479.57699999616,0.0,82479.57699999616,0
2025-12-04,82479.57699999616,0.0,82479.57699999616,0
2025-12-05,82460.47699999616,0.0,82460.47699999616,1
2025-12-08,82441.37699999615,0.0,82441.37699999615,0
2025-12-09,82422.27699999615,0.0,82422.27699999615,1
2025-12-10,82392.53349999613,0.0,82392.53349999613,1
2025-12-11,82371.96649999612,0.0,82371.96649999612,1
2025-12-12,82344.52699999612,0.0,82344.52699999612,1
2025-12-15,82325.42699999611,0.0,82325.42699999611,2
2025-12-16,82307.34399999611,0.0,82307.34399999611,3
2025-12-17,82252.6449999961,0.0,82252.6449999961,0
2025-12-18,82252.6449999961,0.0,82252.6449999961,0
2025-12-19,82233.5449999961,0.0,82233.5449999961,1
2025-12-22,82212.4814999961,2.039999999999509,82214.52149999609,2
2025-12-23,82176.39799999609,0.0,82176.39799999609,0
2025-12-24,82176.39799999609,0.0,82176.39799999609,0
2025-12-26,82153.71749999608,3.719999999999345,82157.43749999609,1
2025-12-29,82134.61749999608,3.719999999999345,82138.33749999608,2
2025-12-30,82117.32649999607,3.719999999999345,82121.04649999607,3
2025-12-31,82046.59499999606,0.0,82046.59499999606,1
2026-01-02,82029.14199999605,0.0,82029.14199999605,2
2026-01-05,82012.09399999604,0.0,82012.09399999604,3
2026-01-06,81958.49299999604,0.0,81958.49299999604,0
2026-01-07,81939.39299999604,0.0,81939.39299999604,1
2026-01-08,81920.29299999603,0.0,81920.29299999603,0
2026-01-09,81920.29299999603,0.0,81920.29299999603,0
2026-01-12,81920.29299999603,0.0,81920.29299999603,0
2026-01-13,81920.29299999603,0.0,81920.29299999603,0
2026-01-14,81920.29299999603,0.0,81920.29299999603,0
2026-01-15,81903.20899999603,0.0,81903.20899999603,1
2026-01-16,81885.60299999603,0.0,81885.60299999603,2
2026-01-20,81850.91299999603,0.0,81850.91299999603,0
2026-01-21,81832.17299999602,0.0,81832.17299999602,1
2026-01-22,81813.07299999602,0.0,81813.07299999602,2
2026-01-23,81793.97299999601,0.0,81793.97299999601,3
2026-01-26,81719.975999996,0.0,81719.975999996,1
2026-01-27,81700.87599999599,0.0,81700.87599999599,2
2026-01-28,81681.77599999598,0.0,81681.77599999598,3
2026-01-29,81626.51899999597,0.0,81626.51899999597,0
2026-01-30,81607.41899999596,0.0,81607.41899999596,1
2026-02-02,81588.68799999596,0.0,81588.68799999596,2
2026-02-03,81570.01099999595,0.0,81570.01099999595,3
2026-02-04,81550.91099999595,0.0,81550.91099999595,4
2026-02-05,81475.30299999594,0.0,81475.30299999594,0
2026-02-06,81449.04199999594,7.440000000000069,81456.48199999594,1
2026-02-09,81430.88699999594,7.440000000000069,81438.32699999594,2
2026-02-10,81382.25099999594,0.0,81382.25099999594,1
2026-02-11,81344.05099999593,0.0,81344.05099999593,1
2026-02-12,81324.95099999593,0.0,81324.95099999593,0
2026-02-13,81324.95099999593,0.0,81324.95099999593,0
2026-02-17,81305.85099999592,0.0,81305.85099999592,1
2026-02-18,81286.75099999591,0.0,81286.75099999591,2
2026-02-19,81223.4449999959,6.239999999999782,81229.68499999591,1
2026-02-20,81210.8189999959,0.0,81210.8189999959,0
2026-02-23,81210.8189999959,0.0,81210.8189999959,0
2026-02-24,81191.7189999959,0.0,81191.7189999959,1
2026-02-25,81155.18399999588,0.0,81155.18399999588,1
2026-02-26,81110.56399999587,8.400000000000531,81118.96399999586,1
2026-02-27,81080.02949999586,20.280000000000655,81100.30949999586,2
2026-03-02,81062.17149999585,20.280000000000655,81082.45149999585,3
2026-03-03,81043.07149999584,20.280000000000655,81063.35149999584,4
2026-03-04,81023.97149999584,20.280000000000655,81044.25149999584,5
2026-03-05,81004.87149999583,20.280000000000655,81025.15149999583,6
2026-03-06,80912.55399999583,0.0,80912.55399999583,0
2026-03-09,80893.45399999582,0.0,80893.45399999582,1
2026-03-10,80863.82299999581,0.0,80863.82299999581,1
2026-03-11,80853.29199999581,0.0,80853.29199999581,0
2026-03-12,80843.26499999581,0.0,80843.26499999581,1
2026-03-13,80822.65749999581,0.0,80822.65749999581,1
2026-03-16,80812.07699999581,0.0,80812.07699999581,0
2026-03-17,80812.07699999581,0.0,80812.07699999581,0
2026-03-18,80801.8834999958,0.0,80801.8834999958,1
2026-03-19,80772.5899999958,0.0,80772.5899999958,1
2026-03-20,80744.5834999958,0.0,80744.5834999958,1
2026-03-23,80730.6869999958,-4.559999999999931,80726.1269999958,1
2026-03-24,80721.9559999958,-4.559999999999931,80717.3959999958,2
2026-03-25,80699.1149999958,0.0,80699.1149999958,0
2026-03-26,80689.5244999958,0.0,80689.5244999958,1
2026-03-27,80670.79349999578,0.0,80670.79349999578,1
2026-03-30,80651.21649999579,0.0,80651.21649999579,1
2026-03-31,80621.67999999579,0.0,80621.67999999579,1
2026-04-01,80602.57999999578,0.0,80602.57999999578,0
2026-04-02,80583.47999999578,0.0,80583.47999999578,1
