timestamp_utc,plan_id,symbol,strategy,action,quantity,current_mark,entry_debit,order_id,unrealized_pnl,unrealized_pnl_pct,signal,closed,note
2026-04-07T13:48:27.585917+00:00,META_20260407_1348,META,bear,SELL,17,569.12,569.12,2,0.0,0.0,open,0,placed
2026-04-07T13:48:27.991800+00:00,GOOGL_20260407_1347,GOOGL,bear,SELL,33,300.89,300.89,3,0.0,0.0,open,0,placed
2026-04-07T13:48:28.253526+00:00,META_20260407_1348,META,bear,hold,17,569.12,569.12,2,0.0,0.0,hold,0,
2026-04-07T13:48:28.513199+00:00,GOOGL_20260407_1347,GOOGL,bear,hold,33,300.89,300.89,3,0.0,0.0,hold,0,
2026-04-07T13:54:42.595929+00:00,MSFT_20260407_1354,MSFT,bear,SELL,27,370.31,370.31,4,0.0,0.0,open,0,placed
2026-04-07T13:54:42.856301+00:00,META_20260407_1348,META,bear,hold,17,569.12,569.12,2,0.0,0.0,plan_no_longer_active,0,
2026-04-07T13:54:43.059632+00:00,META_20260407_1348,META,bear,BUY,17,569.12,569.12,5,0.0,0.0,closed,1,plan_no_longer_active
2026-04-07T13:54:43.320998+00:00,GOOGL_20260407_1347,GOOGL,bear,hold,33,300.89,300.89,3,0.0,0.0,plan_no_longer_active,0,
2026-04-07T13:54:43.524433+00:00,GOOGL_20260407_1347,GOOGL,bear,BUY,33,300.89,300.89,6,0.0,0.0,closed,1,plan_no_longer_active
2026-04-07T13:54:43.776135+00:00,MSFT_20260407_1354,MSFT,bear,hold,27,370.31,370.31,4,0.0,0.0,hold,0,
2026-04-07T14:03:13.458264+00:00,TSLA_20260407_1402,TSLA,bear,SELL,29,343.62,343.62,7,0.0,0.0,open,0,placed
2026-04-07T14:03:14.277107+00:00,META_20260407_1401,META,bear,SELL,17,570.46,570.46,8,0.0,0.0,open,0,placed
2026-04-07T14:03:14.784710+00:00,QQQ_20260407_1403,QQQ,bear,SELL,17,583.83,583.83,9,0.0,0.0,open,0,placed
2026-04-07T14:03:15.193152+00:00,AAPL_20260407_1400,AAPL,bear,SELL,39,250.2,250.2,10,0.0,0.0,open,0,placed
2026-04-07T14:03:15.457075+00:00,MSFT_20260407_1354,MSFT,bear,hold,27,370.31,370.31,4,0.0,0.0,plan_no_longer_active,0,
2026-04-07T14:03:16.062546+00:00,MSFT_20260407_1354,MSFT,bear,BUY,27,370.31,370.31,11,0.0,0.0,closed,1,plan_no_longer_active
2026-04-07T14:03:16.328215+00:00,TSLA_20260407_1402,TSLA,bear,hold,29,343.62,343.62,7,0.0,0.0,hold,0,
2026-04-07T14:03:16.854312+00:00,META_20260407_1401,META,bear,hold,17,570.46,570.46,8,0.0,0.0,hold,0,
2026-04-07T14:03:17.384020+00:00,QQQ_20260407_1403,QQQ,bear,hold,17,583.83,583.83,9,0.0,0.0,hold,0,
2026-04-07T14:03:17.896453+00:00,AAPL_20260407_1400,AAPL,bear,hold,39,250.2,250.2,10,0.0,0.0,hold,0,
2026-04-07T14:10:52.835669+00:00,GOOGL_20260407_1409,GOOGL,bear,SELL,33,300.27,300.27,12,0.0,0.0,open,0,placed
2026-04-07T14:10:53.106005+00:00,TSLA_20260407_1402,TSLA,bear,hold,29,343.62,343.62,7,0.0,0.0,plan_no_longer_active,0,
2026-04-07T14:10:53.308595+00:00,TSLA_20260407_1402,TSLA,bear,BUY,29,343.62,343.62,13,0.0,0.0,closed,1,plan_no_longer_active
2026-04-07T14:10:53.827418+00:00,META_20260407_1401,META,bear,hold,17,570.46,570.46,8,0.0,0.0,plan_no_longer_active,0,
2026-04-07T14:10:54.331758+00:00,META_20260407_1401,META,bear,BUY,17,570.46,570.46,14,0.0,0.0,closed,1,plan_no_longer_active
2026-04-07T14:10:54.855033+00:00,QQQ_20260407_1403,QQQ,bear,hold,17,583.83,583.83,9,0.0,0.0,plan_no_longer_active,0,
2026-04-07T14:10:55.279896+00:00,QQQ_20260407_1403,QQQ,bear,BUY,17,583.83,583.83,15,0.0,0.0,closed,1,plan_no_longer_active
2026-04-07T14:10:55.799664+00:00,AAPL_20260407_1400,AAPL,bear,hold,39,250.2,250.2,10,0.0,0.0,plan_no_longer_active,0,
2026-04-07T14:10:56.505895+00:00,AAPL_20260407_1400,AAPL,bear,BUY,39,250.2,250.2,16,0.0,0.0,closed,1,plan_no_longer_active
2026-04-07T14:10:57.028588+00:00,GOOGL_20260407_1409,GOOGL,bear,hold,33,300.27,300.27,12,0.0,0.0,hold,0,
2026-04-07T14:19:05.370437+00:00,TSLA_20260407_1417,TSLA,bear,SELL,29,342.79,342.79,17,0.0,0.0,open,0,placed
2026-04-07T14:19:05.797523+00:00,META_20260407_1416,META,bear,SELL,17,568.35,568.35,18,0.0,0.0,open,0,placed
2026-04-07T14:19:06.315429+00:00,MSFT_20260407_1417,MSFT,bear,SELL,27,369.21,369.21,19,0.0,0.0,open,0,placed
2026-04-07T14:19:06.722531+00:00,QQQ_20260407_1419,QQQ,bear,SELL,17,581.99,581.99,20,0.0,0.0,open,0,placed
2026-04-07T14:19:07.429743+00:00,NVDA_20260407_1417,NVDA,bear,SELL,57,175.22,175.22,21,0.0,0.0,open,0,placed
2026-04-07T14:19:07.936572+00:00,SPY_20260407_1418,SPY,bear,SELL,15,653.58,653.58,22,0.0,0.0,open,0,placed
2026-04-07T14:19:08.644301+00:00,AAPL_20260407_1416,AAPL,bear,SELL,40,249.37,249.37,23,0.0,0.0,open,0,placed
2026-04-07T14:19:08.918638+00:00,GOOGL_20260407_1409,GOOGL,bear,hold,33,300.27,300.27,12,0.0,0.0,plan_no_longer_active,0,
2026-04-07T14:19:09.326778+00:00,GOOGL_20260407_1409,GOOGL,bear,BUY,33,300.27,300.27,24,0.0,0.0,closed,1,plan_no_longer_active
2026-04-07T14:19:09.856817+00:00,TSLA_20260407_1417,TSLA,bear,hold,29,342.79,342.79,17,0.0,0.0,hold,0,
2026-04-07T14:19:10.119362+00:00,META_20260407_1416,META,bear,hold,17,568.35,568.35,18,0.0,0.0,hold,0,
2026-04-07T14:19:10.650054+00:00,MSFT_20260407_1417,MSFT,bear,hold,27,369.21,369.21,19,0.0,0.0,hold,0,
2026-04-07T14:19:10.913779+00:00,QQQ_20260407_1419,QQQ,bear,hold,17,581.99,581.99,20,0.0,0.0,hold,0,
2026-04-07T14:19:11.178869+00:00,NVDA_20260407_1417,NVDA,bear,hold,57,175.22,175.22,21,0.0,0.0,hold,0,
2026-04-07T14:19:11.445996+00:00,SPY_20260407_1418,SPY,bear,hold,15,653.58,653.58,22,0.0,0.0,hold,0,
2026-04-07T14:19:11.710545+00:00,AAPL_20260407_1416,AAPL,bear,hold,40,249.37,249.37,23,0.0,0.0,hold,0,
2026-04-07T14:27:43.349513+00:00,GOOGL_20260407_1425,GOOGL,bear,SELL,33,297.78,297.78,25,0.0,0.0,open,0,placed
2026-04-07T14:27:43.756513+00:00,AMZN_20260407_1424,AMZN,bear,SELL,47,209.72,209.72,26,0.0,0.0,open,0,placed
2026-04-07T14:27:44.019022+00:00,TSLA_20260407_1417,TSLA,bear,hold,29,342.79,342.79,17,0.0,0.0,plan_no_longer_active,0,
2026-04-07T14:27:44.222619+00:00,TSLA_20260407_1417,TSLA,bear,BUY,29,342.79,342.79,27,0.0,0.0,closed,1,plan_no_longer_active
2026-04-07T14:27:44.490826+00:00,META_20260407_1416,META,bear,hold,17,568.35,568.35,18,0.0,0.0,plan_no_longer_active,0,
2026-04-07T14:27:44.894181+00:00,META_20260407_1416,META,bear,BUY,17,568.35,568.35,28,0.0,0.0,closed,1,plan_no_longer_active
2026-04-07T14:27:45.146071+00:00,MSFT_20260407_1417,MSFT,bear,hold,27,369.21,369.21,19,0.0,0.0,plan_no_longer_active,0,
2026-04-07T14:27:45.349402+00:00,MSFT_20260407_1417,MSFT,bear,BUY,27,369.21,369.21,29,0.0,0.0,closed,1,plan_no_longer_active
2026-04-07T14:27:45.616758+00:00,QQQ_20260407_1419,QQQ,bear,hold,17,581.99,581.99,20,0.0,0.0,plan_no_longer_active,0,
2026-04-07T14:27:46.121261+00:00,QQQ_20260407_1419,QQQ,bear,BUY,17,581.99,581.99,30,0.0,0.0,closed,1,plan_no_longer_active
2026-04-07T14:27:46.651336+00:00,NVDA_20260407_1417,NVDA,bear,hold,57,175.22,175.22,21,0.0,0.0,plan_no_longer_active,0,
2026-04-07T14:27:47.356167+00:00,NVDA_20260407_1417,NVDA,bear,BUY,57,175.22,175.22,31,0.0,0.0,closed,1,plan_no_longer_active
2026-04-07T14:27:47.618915+00:00,SPY_20260407_1418,SPY,bear,hold,15,653.58,653.58,22,0.0,0.0,plan_no_longer_active,0,
2026-04-07T14:27:48.224751+00:00,SPY_20260407_1418,SPY,bear,BUY,15,653.58,653.58,32,0.0,0.0,closed,1,plan_no_longer_active
2026-04-07T14:27:48.741260+00:00,AAPL_20260407_1416,AAPL,bear,hold,40,249.37,249.37,23,0.0,0.0,plan_no_longer_active,0,
2026-04-07T14:27:49.046010+00:00,AAPL_20260407_1416,AAPL,bear,BUY,40,249.37,249.37,33,0.0,0.0,closed,1,plan_no_longer_active
2026-04-07T14:27:49.557328+00:00,GOOGL_20260407_1425,GOOGL,bear,hold,33,297.78,297.78,25,0.0,0.0,hold,0,
2026-04-07T14:27:49.820898+00:00,AMZN_20260407_1424,AMZN,bear,hold,47,209.72,209.72,26,0.0,0.0,hold,0,
2026-04-07T14:35:48.508298+00:00,TSLA_20260407_1435,TSLA,bear,SELL,29,340.86,340.86,34,0.0,0.0,open,0,placed
2026-04-07T14:35:48.714081+00:00,META_20260407_1434,META,bear,SELL,17,567.82,567.82,35,0.0,0.0,open,0,placed
2026-04-07T14:35:48.931063+00:00,MSFT_20260407_1434,MSFT,bear,SELL,27,368.76,368.76,36,0.0,0.0,open,0,placed
2026-04-07T14:35:49.137492+00:00,QQQ_20260407_1435,QQQ,bear,SELL,17,581.13,581.13,37,0.0,0.0,open,0,placed
2026-04-07T14:35:49.344184+00:00,NVDA_20260407_1434,NVDA,bear,SELL,57,174.97,174.97,38,0.0,0.0,open,0,placed
2026-04-07T14:35:49.550520+00:00,AAPL_20260407_1433,AAPL,bear,SELL,40,248.48,248.48,39,0.0,0.0,open,0,placed
2026-04-07T14:35:49.815168+00:00,GOOGL_20260407_1425,GOOGL,bear,hold,33,297.78,297.78,25,0.0,0.0,plan_no_longer_active,0,
2026-04-07T14:35:50.118563+00:00,GOOGL_20260407_1425,GOOGL,bear,BUY,33,297.78,297.78,40,0.0,0.0,closed,1,plan_no_longer_active
2026-04-07T14:35:50.376649+00:00,AMZN_20260407_1424,AMZN,bear,hold,47,209.72,209.72,26,0.0,0.0,plan_no_longer_active,0,
2026-04-07T14:35:50.880649+00:00,AMZN_20260407_1424,AMZN,bear,BUY,47,209.72,209.72,41,0.0,0.0,closed,1,plan_no_longer_active
2026-04-07T14:35:51.134990+00:00,TSLA_20260407_1435,TSLA,bear,hold,29,340.86,340.86,34,0.0,0.0,hold,0,
2026-04-07T14:35:51.397949+00:00,META_20260407_1434,META,bear,hold,17,567.82,567.82,35,0.0,0.0,hold,0,
2026-04-07T14:35:51.662886+00:00,MSFT_20260407_1434,MSFT,bear,hold,27,368.76,368.76,36,0.0,0.0,hold,0,
2026-04-07T14:35:52.178191+00:00,QQQ_20260407_1435,QQQ,bear,hold,17,581.13,581.13,37,0.0,0.0,hold,0,
2026-04-07T14:35:52.711821+00:00,NVDA_20260407_1434,NVDA,bear,hold,57,174.97,174.97,38,0.0,0.0,hold,0,
2026-04-07T14:35:53.226105+00:00,AAPL_20260407_1433,AAPL,bear,hold,40,248.48,248.48,39,0.0,0.0,hold,0,
2026-04-07T14:42:00.050701+00:00,TSLA_20260407_1435,TSLA,bear,hold,29,340.86,340.86,34,0.0,0.0,plan_no_longer_active,0,
2026-04-07T14:42:00.253079+00:00,TSLA_20260407_1435,TSLA,bear,BUY,29,340.86,340.86,42,0.0,0.0,closed,1,plan_no_longer_active
2026-04-07T14:42:00.509702+00:00,META_20260407_1434,META,bear,hold,17,567.82,567.82,35,0.0,0.0,plan_no_longer_active,0,
2026-04-07T14:42:00.813215+00:00,META_20260407_1434,META,bear,BUY,17,567.82,567.82,43,0.0,0.0,closed,1,plan_no_longer_active
2026-04-07T14:42:01.072299+00:00,MSFT_20260407_1434,MSFT,bear,hold,27,368.76,368.76,36,0.0,0.0,plan_no_longer_active,0,
2026-04-07T14:42:01.375008+00:00,MSFT_20260407_1434,MSFT,bear,BUY,27,368.76,368.76,44,0.0,0.0,closed,1,plan_no_longer_active
2026-04-07T14:42:01.633250+00:00,QQQ_20260407_1435,QQQ,bear,hold,17,581.13,581.13,37,0.0,0.0,plan_no_longer_active,0,
2026-04-07T14:42:01.936139+00:00,QQQ_20260407_1435,QQQ,bear,BUY,17,581.13,581.13,45,0.0,0.0,closed,1,plan_no_longer_active
2026-04-07T14:42:02.460887+00:00,NVDA_20260407_1434,NVDA,bear,hold,57,174.97,174.97,38,0.0,0.0,plan_no_longer_active,0,
2026-04-07T14:42:03.065804+00:00,NVDA_20260407_1434,NVDA,bear,BUY,57,174.97,174.97,46,0.0,0.0,closed,1,plan_no_longer_active
2026-04-07T14:42:03.328608+00:00,AAPL_20260407_1433,AAPL,bear,hold,40,248.48,248.48,39,0.0,0.0,plan_no_longer_active,0,
2026-04-07T14:42:04.134258+00:00,AAPL_20260407_1433,AAPL,bear,BUY,40,248.48,248.48,47,0.0,0.0,closed,1,plan_no_longer_active
2026-04-07T14:48:58.623461+00:00,TSLA_20260407_1448,TSLA,bear,SELL,29,341.91,341.91,48,0.0,0.0,open,0,placed
2026-04-07T14:48:58.929277+00:00,NVDA_20260407_1447,NVDA,bear,SELL,57,174.81,174.81,49,0.0,0.0,open,0,placed
2026-04-07T14:48:59.140854+00:00,MSFT_20260407_1447,MSFT,bear,SELL,27,369.5,369.5,50,0.0,0.0,open,0,placed
2026-04-07T14:48:59.345787+00:00,QQQ_20260407_1448,QQQ,bear,SELL,17,581.89,581.89,51,0.0,0.0,open,0,placed
2026-04-07T14:48:59.551244+00:00,AAPL_20260407_1447,AAPL,bear,SELL,40,247.43,247.43,52,0.0,0.0,open,0,placed
2026-04-07T14:48:59.810843+00:00,TSLA_20260407_1448,TSLA,bear,hold,29,341.91,341.91,48,0.0,0.0,hold,0,
2026-04-07T14:49:00.075298+00:00,NVDA_20260407_1447,NVDA,bear,hold,57,174.81,174.81,49,0.0,0.0,hold,0,
2026-04-07T14:49:00.340255+00:00,MSFT_20260407_1447,MSFT,bear,hold,27,369.5,369.5,50,0.0,0.0,hold,0,
2026-04-07T14:49:00.602415+00:00,QQQ_20260407_1448,QQQ,bear,hold,17,581.89,581.89,51,0.0,0.0,hold,0,
2026-04-07T14:49:00.864749+00:00,AAPL_20260407_1447,AAPL,bear,hold,40,247.43,247.43,52,0.0,0.0,hold,0,
2026-04-07T14:56:27.067124+00:00,META_20260407_1455,META,bear,SELL,17,568.32,568.32,53,0.0,0.0,open,0,placed
2026-04-07T14:56:27.334876+00:00,TSLA_20260407_1448,TSLA,bear,hold,29,341.91,341.91,48,0.0,0.0,plan_no_longer_active,0,
2026-04-07T14:56:27.540205+00:00,TSLA_20260407_1448,TSLA,bear,BUY,29,341.91,341.91,54,0.0,0.0,closed,1,plan_no_longer_active
2026-04-07T14:56:27.800747+00:00,NVDA_20260407_1447,NVDA,bear,hold,57,174.81,174.81,49,0.0,0.0,plan_no_longer_active,0,
2026-04-07T14:56:28.003703+00:00,NVDA_20260407_1447,NVDA,bear,BUY,57,174.81,174.81,55,0.0,0.0,closed,1,plan_no_longer_active
2026-04-07T14:56:28.269402+00:00,MSFT_20260407_1447,MSFT,bear,hold,27,369.5,369.5,50,0.0,0.0,plan_no_longer_active,0,
2026-04-07T14:56:28.572508+00:00,MSFT_20260407_1447,MSFT,bear,BUY,27,369.5,369.5,56,0.0,0.0,closed,1,plan_no_longer_active
2026-04-07T14:56:28.831716+00:00,QQQ_20260407_1448,QQQ,bear,hold,17,581.89,581.89,51,0.0,0.0,plan_no_longer_active,0,
2026-04-07T14:56:29.134607+00:00,QQQ_20260407_1448,QQQ,bear,BUY,17,581.89,581.89,57,0.0,0.0,closed,1,plan_no_longer_active
2026-04-07T14:56:29.390986+00:00,AAPL_20260407_1447,AAPL,bear,hold,40,247.43,247.43,52,0.0,0.0,plan_no_longer_active,0,
2026-04-07T14:56:29.796456+00:00,AAPL_20260407_1447,AAPL,bear,BUY,40,247.43,247.43,58,0.0,0.0,closed,1,plan_no_longer_active
2026-04-07T14:56:30.326344+00:00,META_20260407_1455,META,bear,hold,17,568.32,568.32,53,0.0,0.0,hold,0,
2026-04-07T15:03:59.512461+00:00,TSLA_20260407_1503,TSLA,bear,SELL,29,340.39,340.39,59,0.0,0.0,open,0,placed
2026-04-07T15:03:59.717453+00:00,MSFT_20260407_1502,MSFT,bear,SELL,27,368.88,368.88,60,0.0,0.0,open,0,placed
2026-04-07T15:04:00.030538+00:00,NVDA_20260407_1502,NVDA,bear,SELL,57,174.8,174.8,61,0.0,0.0,open,0,placed
2026-04-07T15:04:00.339953+00:00,QQQ_20260407_1503,QQQ,bear,SELL,17,581.81,581.81,62,0.0,0.0,open,0,placed
2026-04-07T15:04:00.545071+00:00,AAPL_20260407_1501,AAPL,bear,SELL,40,247.33,247.33,63,0.0,0.0,open,0,placed
2026-04-07T15:04:01.064810+00:00,META_20260407_1455,META,bear,hold,17,568.32,568.32,53,0.0,0.0,plan_no_longer_active,0,
2026-04-07T15:04:01.367926+00:00,META_20260407_1455,META,bear,BUY,17,568.32,568.32,64,0.0,0.0,closed,1,plan_no_longer_active
2026-04-07T15:04:01.623885+00:00,TSLA_20260407_1503,TSLA,bear,hold,29,340.39,340.39,59,0.0,0.0,hold,0,
2026-04-07T15:04:02.152608+00:00,MSFT_20260407_1502,MSFT,bear,hold,27,368.88,368.88,60,0.0,0.0,hold,0,
2026-04-07T15:04:02.418256+00:00,NVDA_20260407_1502,NVDA,bear,hold,57,174.8,174.8,61,0.0,0.0,hold,0,
2026-04-07T15:04:02.682428+00:00,QQQ_20260407_1503,QQQ,bear,hold,17,581.81,581.81,62,0.0,0.0,hold,0,
2026-04-07T15:04:03.195438+00:00,AAPL_20260407_1501,AAPL,bear,hold,40,247.33,247.33,63,0.0,0.0,hold,0,
2026-04-07T15:11:34.336230+00:00,META_20260407_1509,META,bear,SELL,17,566.88,566.88,65,0.0,0.0,open,0,placed
2026-04-07T15:11:34.606697+00:00,TSLA_20260407_1503,TSLA,bear,hold,29,340.39,340.39,59,0.0,0.0,plan_no_longer_active,0,
2026-04-07T15:11:34.810037+00:00,TSLA_20260407_1503,TSLA,bear,BUY,29,340.39,340.39,66,0.0,0.0,closed,1,plan_no_longer_active
2026-04-07T15:11:35.075838+00:00,MSFT_20260407_1502,MSFT,bear,hold,27,368.88,368.88,60,0.0,0.0,plan_no_longer_active,0,
2026-04-07T15:11:35.280383+00:00,MSFT_20260407_1502,MSFT,bear,BUY,27,368.88,368.88,67,0.0,0.0,closed,1,plan_no_longer_active
2026-04-07T15:11:35.541240+00:00,NVDA_20260407_1502,NVDA,bear,hold,57,174.8,174.8,61,0.0,0.0,plan_no_longer_active,0,
2026-04-07T15:11:35.744803+00:00,NVDA_20260407_1502,NVDA,bear,BUY,57,174.8,174.8,68,0.0,0.0,closed,1,plan_no_longer_active
2026-04-07T15:11:36.009622+00:00,QQQ_20260407_1503,QQQ,bear,hold,17,581.81,581.81,62,0.0,0.0,plan_no_longer_active,0,
2026-04-07T15:11:36.312396+00:00,QQQ_20260407_1503,QQQ,bear,BUY,17,581.81,581.81,69,0.0,0.0,closed,1,plan_no_longer_active
2026-04-07T15:11:36.571922+00:00,AAPL_20260407_1501,AAPL,bear,hold,40,247.33,247.33,63,0.0,0.0,plan_no_longer_active,0,
2026-04-07T15:11:37.077146+00:00,AAPL_20260407_1501,AAPL,bear,BUY,40,247.33,247.33,70,0.0,0.0,closed,1,plan_no_longer_active
2026-04-07T15:11:37.329605+00:00,META_20260407_1509,META,bear,hold,17,566.88,566.88,65,0.0,0.0,hold,0,
2026-04-07T15:19:56.701559+00:00,MSFT_20260407_1517,MSFT,bear,SELL,27,367.25,367.25,71,0.0,0.0,open,0,placed
2026-04-07T15:19:56.908227+00:00,TSLA_20260407_1518,TSLA,bear,SELL,29,338.13,338.13,72,0.0,0.0,open,0,placed
2026-04-07T15:19:57.113704+00:00,NVDA_20260407_1518,NVDA,bear,SELL,57,173.99,173.99,73,0.0,0.0,open,0,placed
2026-04-07T15:19:57.320115+00:00,QQQ_20260407_1519,QQQ,bear,SELL,17,579.46,579.46,74,0.0,0.0,open,0,placed
2026-04-07T15:19:57.525575+00:00,GOOGL_20260407_1517,GOOGL,bear,SELL,33,299.76,299.76,75,0.0,0.0,open,0,placed
2026-04-07T15:19:57.830913+00:00,SPY_20260407_1519,SPY,bear,SELL,15,652.2,652.2,76,0.0,0.0,open,0,placed
2026-04-07T15:19:58.136603+00:00,AMZN_20260407_1517,AMZN,bear,SELL,47,209.68,209.68,77,0.0,0.0,open,0,placed
2026-04-07T15:19:58.442927+00:00,AAPL_20260407_1516,AAPL,bear,SELL,40,245.98,245.98,78,0.0,0.0,open,0,placed
2026-04-07T15:19:58.704623+00:00,META_20260407_1509,META,bear,hold,17,566.88,566.88,65,0.0,0.0,plan_no_longer_active,0,
2026-04-07T15:19:58.907508+00:00,META_20260407_1509,META,bear,BUY,17,566.88,566.88,79,0.0,0.0,closed,1,plan_no_longer_active
2026-04-07T15:19:59.163792+00:00,MSFT_20260407_1517,MSFT,bear,hold,27,367.25,367.25,71,0.0,0.0,hold,0,
2026-04-07T15:19:59.426398+00:00,TSLA_20260407_1518,TSLA,bear,hold,29,338.13,338.13,72,0.0,0.0,hold,0,
2026-04-07T15:19:59.688032+00:00,NVDA_20260407_1518,NVDA,bear,hold,57,173.99,173.99,73,0.0,0.0,hold,0,
2026-04-07T15:19:59.949996+00:00,QQQ_20260407_1519,QQQ,bear,hold,17,579.46,579.46,74,0.0,0.0,hold,0,
2026-04-07T15:20:00.215116+00:00,GOOGL_20260407_1517,GOOGL,bear,hold,33,299.76,299.76,75,0.0,0.0,hold,0,
2026-04-07T15:20:00.477454+00:00,SPY_20260407_1519,SPY,bear,hold,15,652.2,652.2,76,0.0,0.0,hold,0,
2026-04-07T15:20:00.740623+00:00,AMZN_20260407_1517,AMZN,bear,hold,47,209.68,209.68,77,0.0,0.0,hold,0,
2026-04-07T15:20:00.993688+00:00,AAPL_20260407_1516,AAPL,bear,hold,40,245.98,245.98,78,0.0,0.0,hold,0,
2026-04-07T15:28:17.188497+00:00,META_20260407_1526,META,bear,SELL,17,565.44,565.44,80,0.0,0.0,open,0,placed
2026-04-07T15:28:17.451587+00:00,MSFT_20260407_1517,MSFT,bear,hold,27,367.25,367.25,71,0.0,0.0,plan_no_longer_active,0,
2026-04-07T15:28:17.655170+00:00,MSFT_20260407_1517,MSFT,bear,BUY,27,367.25,367.25,81,0.0,0.0,closed,1,plan_no_longer_active
2026-04-07T15:28:17.916820+00:00,TSLA_20260407_1518,TSLA,bear,hold,29,338.13,338.13,72,0.0,0.0,plan_no_longer_active,0,
2026-04-07T15:28:18.121000+00:00,TSLA_20260407_1518,TSLA,bear,BUY,29,338.13,338.13,82,0.0,0.0,closed,1,plan_no_longer_active
2026-04-07T15:28:18.382295+00:00,NVDA_20260407_1518,NVDA,bear,hold,57,173.99,173.99,73,0.0,0.0,plan_no_longer_active,0,
2026-04-07T15:28:18.685884+00:00,NVDA_20260407_1518,NVDA,bear,BUY,57,173.99,173.99,83,0.0,0.0,closed,1,plan_no_longer_active
2026-04-07T15:28:18.946829+00:00,QQQ_20260407_1519,QQQ,bear,hold,17,579.46,579.46,74,0.0,0.0,plan_no_longer_active,0,
2026-04-07T15:28:19.350624+00:00,QQQ_20260407_1519,QQQ,bear,BUY,17,579.46,579.46,84,0.0,0.0,closed,1,plan_no_longer_active
2026-04-07T15:28:19.604477+00:00,GOOGL_20260407_1517,GOOGL,bear,hold,33,299.76,299.76,75,0.0,0.0,plan_no_longer_active,0,
2026-04-07T15:28:20.007912+00:00,GOOGL_20260407_1517,GOOGL,bear,BUY,33,299.76,299.76,85,0.0,0.0,closed,1,plan_no_longer_active
2026-04-07T15:28:20.517555+00:00,SPY_20260407_1519,SPY,bear,hold,15,652.2,652.2,76,0.0,0.0,plan_no_longer_active,0,
2026-04-07T15:28:21.223709+00:00,SPY_20260407_1519,SPY,bear,BUY,15,652.2,652.2,86,0.0,0.0,closed,1,plan_no_longer_active
2026-04-07T15:28:21.748518+00:00,AMZN_20260407_1517,AMZN,bear,hold,47,209.68,209.68,77,0.0,0.0,plan_no_longer_active,0,
2026-04-07T15:28:22.256461+00:00,AMZN_20260407_1517,AMZN,bear,BUY,47,209.68,209.68,87,0.0,0.0,closed,1,plan_no_longer_active
2026-04-07T15:28:22.785872+00:00,AAPL_20260407_1516,AAPL,bear,hold,40,245.98,245.98,78,0.0,0.0,plan_no_longer_active,0,
2026-04-07T15:28:23.089940+00:00,AAPL_20260407_1516,AAPL,bear,BUY,40,245.98,245.98,88,0.0,0.0,closed,1,plan_no_longer_active
2026-04-07T15:28:23.622296+00:00,META_20260407_1526,META,bear,hold,17,565.44,565.44,80,0.0,0.0,hold,0,
2026-04-07T15:36:51.325561+00:00,MSFT_20260407_1535,MSFT,bear,SELL,27,368.1,368.1,89,0.0,0.0,open,0,placed
2026-04-07T15:36:51.834597+00:00,TSLA_20260407_1535,TSLA,bear,SELL,29,339.02,339.02,90,0.0,0.0,open,0,placed
2026-04-07T15:36:52.641331+00:00,QQQ_20260407_1536,QQQ,bear,SELL,17,580.85,580.85,91,0.0,0.0,open,0,placed
2026-04-07T15:36:53.154075+00:00,NVDA_20260407_1535,NVDA,bear,SELL,57,174.74,174.74,92,0.0,0.0,open,0,placed
2026-04-07T15:36:53.875309+00:00,AAPL_20260407_1533,AAPL,bear,SELL,40,247.37,247.37,93,0.0,0.0,open,0,placed
2026-04-07T15:36:54.673738+00:00,META_20260407_1526,META,bear,hold,17,565.44,565.44,80,0.0,0.0,plan_no_longer_active,0,
2026-04-07T15:36:55.286599+00:00,META_20260407_1526,META,bear,BUY,17,565.44,565.44,94,0.0,0.0,closed,1,plan_no_longer_active
2026-04-07T15:36:55.804954+00:00,MSFT_20260407_1535,MSFT,bear,hold,27,368.1,368.1,89,0.0,0.0,hold,0,
2026-04-07T15:36:56.323844+00:00,TSLA_20260407_1535,TSLA,bear,hold,29,339.02,339.02,90,0.0,0.0,hold,0,
2026-04-07T15:36:56.852364+00:00,QQQ_20260407_1536,QQQ,bear,hold,17,580.85,580.85,91,0.0,0.0,hold,0,
2026-04-07T15:36:57.119342+00:00,NVDA_20260407_1535,NVDA,bear,hold,57,174.74,174.74,92,0.0,0.0,hold,0,
2026-04-07T15:36:57.643169+00:00,AAPL_20260407_1533,AAPL,bear,hold,40,247.37,247.37,93,0.0,0.0,hold,0,
2026-04-07T15:43:57.577039+00:00,META_20260407_1542,META,bear,SELL,17,567.27,567.27,95,0.0,0.0,open,0,placed
2026-04-07T15:43:58.098129+00:00,MSFT_20260407_1535,MSFT,bear,hold,27,368.1,368.1,89,0.0,0.0,plan_no_longer_active,0,
2026-04-07T15:43:58.602880+00:00,MSFT_20260407_1535,MSFT,bear,BUY,27,368.1,368.1,96,0.0,0.0,closed,1,plan_no_longer_active
2026-04-07T15:43:59.126254+00:00,TSLA_20260407_1535,TSLA,bear,hold,29,339.02,339.02,90,0.0,0.0,plan_no_longer_active,0,
2026-04-07T15:43:59.631409+00:00,TSLA_20260407_1535,TSLA,bear,BUY,29,339.02,339.02,97,0.0,0.0,closed,1,plan_no_longer_active
2026-04-07T15:44:00.160379+00:00,QQQ_20260407_1536,QQQ,bear,hold,17,580.85,580.85,91,0.0,0.0,plan_no_longer_active,0,
2026-04-07T15:44:00.464843+00:00,QQQ_20260407_1536,QQQ,bear,BUY,17,580.85,580.85,98,0.0,0.0,closed,1,plan_no_longer_active
2026-04-07T15:44:00.994732+00:00,NVDA_20260407_1535,NVDA,bear,hold,57,174.74,174.74,92,0.0,0.0,plan_no_longer_active,0,
2026-04-07T15:44:01.500319+00:00,NVDA_20260407_1535,NVDA,bear,BUY,57,174.74,174.74,99,0.0,0.0,closed,1,plan_no_longer_active
2026-04-07T15:44:01.755638+00:00,AAPL_20260407_1533,AAPL,bear,hold,40,247.37,247.37,93,0.0,0.0,plan_no_longer_active,0,
2026-04-07T15:44:02.262776+00:00,AAPL_20260407_1533,AAPL,bear,BUY,40,247.37,247.37,100,0.0,0.0,closed,1,plan_no_longer_active
2026-04-07T15:44:02.790949+00:00,META_20260407_1542,META,bear,hold,17,567.27,567.27,95,0.0,0.0,hold,0,
2026-04-07T15:50:29.932896+00:00,TSLA_20260407_1550,TSLA,bear,SELL,29,338.85,338.85,101,0.0,0.0,open,0,placed
2026-04-07T15:50:30.138475+00:00,MSFT_20260407_1550,MSFT,bear,SELL,27,368.28,368.28,102,0.0,0.0,open,0,placed
2026-04-07T15:50:30.343606+00:00,AAPL_20260407_1549,AAPL,bear,SELL,40,247.65,247.65,103,0.0,0.0,open,0,placed
2026-04-07T15:50:30.606757+00:00,META_20260407_1542,META,bear,hold,17,567.27,567.27,95,0.0,0.0,plan_no_longer_active,0,
2026-04-07T15:50:30.809905+00:00,META_20260407_1542,META,bear,BUY,17,567.27,567.27,104,0.0,0.0,closed,1,plan_no_longer_active
2026-04-07T15:50:31.063509+00:00,TSLA_20260407_1550,TSLA,bear,hold,29,338.85,338.85,101,0.0,0.0,hold,0,
2026-04-07T15:50:31.329515+00:00,MSFT_20260407_1550,MSFT,bear,hold,27,368.28,368.28,102,0.0,0.0,hold,0,
2026-04-07T15:50:31.593700+00:00,AAPL_20260407_1549,AAPL,bear,hold,40,247.65,247.65,103,0.0,0.0,hold,0,
2026-04-07T15:57:42.348169+00:00,META_20260407_1556,META,bear,SELL,17,566.5,566.5,105,0.0,0.0,open,0,placed
2026-04-07T15:57:42.558779+00:00,QQQ_20260407_1557,QQQ,bear,SELL,17,580.96,580.96,106,0.0,0.0,open,0,placed
2026-04-07T15:57:42.831706+00:00,TSLA_20260407_1550,TSLA,bear,hold,29,338.85,338.85,101,0.0,0.0,plan_no_longer_active,0,
2026-04-07T15:57:43.036445+00:00,TSLA_20260407_1550,TSLA,bear,BUY,29,338.85,338.85,107,0.0,0.0,closed,1,plan_no_longer_active
2026-04-07T15:57:43.306068+00:00,MSFT_20260407_1550,MSFT,bear,hold,27,368.28,368.28,102,0.0,0.0,plan_no_longer_active,0,
2026-04-07T15:57:43.614037+00:00,MSFT_20260407_1550,MSFT,bear,BUY,27,368.28,368.28,108,0.0,0.0,closed,1,plan_no_longer_active
2026-04-07T15:57:43.875212+00:00,AAPL_20260407_1549,AAPL,bear,hold,40,247.65,247.65,103,0.0,0.0,plan_no_longer_active,0,
2026-04-07T15:57:44.380617+00:00,AAPL_20260407_1549,AAPL,bear,BUY,40,247.65,247.65,109,0.0,0.0,closed,1,plan_no_longer_active
2026-04-07T15:57:44.647555+00:00,META_20260407_1556,META,bear,hold,17,566.5,566.5,105,0.0,0.0,hold,0,
2026-04-07T15:57:44.910843+00:00,QQQ_20260407_1557,QQQ,bear,hold,17,580.96,580.96,106,0.0,0.0,hold,0,
2026-04-07T16:04:47.917541+00:00,TSLA_20260407_1604,TSLA,bear,SELL,29,339.17,339.17,110,0.0,0.0,open,0,placed
2026-04-07T16:04:48.132595+00:00,MSFT_20260407_1604,MSFT,bear,SELL,27,368.38,368.38,111,0.0,0.0,open,0,placed
2026-04-07T16:04:48.340474+00:00,AAPL_20260407_1603,AAPL,bear,SELL,40,247.97,247.97,112,0.0,0.0,open,0,placed
2026-04-07T16:04:48.608574+00:00,META_20260407_1556,META,bear,hold,17,566.5,566.5,105,0.0,0.0,plan_no_longer_active,0,
2026-04-07T16:04:48.916951+00:00,META_20260407_1556,META,bear,BUY,17,566.5,566.5,113,0.0,0.0,closed,1,plan_no_longer_active
2026-04-07T16:04:49.178751+00:00,QQQ_20260407_1557,QQQ,bear,hold,17,580.96,580.96,106,0.0,0.0,plan_no_longer_active,0,
2026-04-07T16:04:49.584124+00:00,QQQ_20260407_1557,QQQ,bear,BUY,17,580.96,580.96,114,0.0,0.0,closed,1,plan_no_longer_active
2026-04-07T16:04:50.107009+00:00,TSLA_20260407_1604,TSLA,bear,hold,29,339.17,339.17,110,0.0,0.0,hold,0,
2026-04-07T16:04:50.369150+00:00,MSFT_20260407_1604,MSFT,bear,hold,27,368.38,368.38,111,0.0,0.0,hold,0,
2026-04-07T16:04:50.634244+00:00,AAPL_20260407_1603,AAPL,bear,hold,40,247.97,247.97,112,0.0,0.0,hold,0,
2026-04-07T16:11:47.222437+00:00,META_20260407_1611,META,bear,SELL,17,567.09,567.09,115,0.0,0.0,open,0,placed
2026-04-07T16:11:47.490068+00:00,TSLA_20260407_1604,TSLA,bear,hold,29,339.17,339.17,110,0.0,0.0,plan_no_longer_active,0,
2026-04-07T16:11:47.699892+00:00,TSLA_20260407_1604,TSLA,bear,BUY,29,339.17,339.17,116,0.0,0.0,closed,1,plan_no_longer_active
2026-04-07T16:11:47.960667+00:00,MSFT_20260407_1604,MSFT,bear,hold,27,368.38,368.38,111,0.0,0.0,plan_no_longer_active,0,
2026-04-07T16:11:48.164677+00:00,MSFT_20260407_1604,MSFT,bear,BUY,27,368.38,368.38,117,0.0,0.0,closed,1,plan_no_longer_active
2026-04-07T16:11:48.428835+00:00,AAPL_20260407_1603,AAPL,bear,hold,40,247.97,247.97,112,0.0,0.0,plan_no_longer_active,0,
2026-04-07T16:11:48.731642+00:00,AAPL_20260407_1603,AAPL,bear,BUY,40,247.97,247.97,118,0.0,0.0,closed,1,plan_no_longer_active
2026-04-07T16:11:48.995023+00:00,META_20260407_1611,META,bear,hold,17,567.09,567.09,115,0.0,0.0,hold,0,
2026-04-07T16:19:40.957867+00:00,TSLA_20260407_1618,TSLA,bear,SELL,29,341.26,341.26,119,0.0,0.0,open,0,placed
2026-04-07T16:19:41.219639+00:00,META_20260407_1611,META,bear,hold,17,567.09,567.09,115,0.0,0.0,plan_no_longer_active,0,
2026-04-07T16:19:41.427894+00:00,META_20260407_1611,META,bear,BUY,17,567.09,567.09,120,0.0,0.0,closed,1,plan_no_longer_active
2026-04-07T16:19:41.682123+00:00,TSLA_20260407_1618,TSLA,bear,hold,29,341.26,341.26,119,0.0,0.0,hold,0,
2026-04-07T16:27:20.836978+00:00,META_20260407_1625,META,bear,SELL,17,567.49,567.49,121,0.0,0.0,open,0,placed
2026-04-07T16:27:21.098916+00:00,TSLA_20260407_1618,TSLA,bear,hold,29,341.26,341.26,119,0.0,0.0,plan_no_longer_active,0,
2026-04-07T16:27:21.301715+00:00,TSLA_20260407_1618,TSLA,bear,BUY,29,341.26,341.26,122,0.0,0.0,closed,1,plan_no_longer_active
2026-04-07T16:27:21.567889+00:00,META_20260407_1625,META,bear,hold,17,567.49,567.49,121,0.0,0.0,hold,0,
2026-04-07T16:35:10.834366+00:00,TSLA_20260407_1633,TSLA,bear,SELL,29,340.68,340.68,123,0.0,0.0,open,0,placed
2026-04-07T16:35:11.101306+00:00,META_20260407_1625,META,bear,hold,17,567.49,567.49,121,0.0,0.0,plan_no_longer_active,0,
2026-04-07T16:35:11.305313+00:00,META_20260407_1625,META,bear,BUY,17,567.49,567.49,124,0.0,0.0,closed,1,plan_no_longer_active
2026-04-07T16:35:11.567054+00:00,TSLA_20260407_1633,TSLA,bear,hold,29,340.68,340.68,123,0.0,0.0,hold,0,
2026-04-07T16:42:42.240853+00:00,TSLA_20260407_1633,TSLA,bear,hold,29,340.68,340.68,123,0.0,0.0,plan_no_longer_active,0,
2026-04-07T16:42:42.449332+00:00,TSLA_20260407_1633,TSLA,bear,BUY,29,340.68,340.68,125,0.0,0.0,closed,1,plan_no_longer_active
2026-04-07T17:43:13.403446+00:00,META_20260407_1741,META,bear,SELL,17,567.74,567.74,126,0.0,0.0,open,0,placed
2026-04-07T17:43:13.929559+00:00,META_20260407_1741,META,bear,hold,17,567.74,567.74,126,0.0,0.0,hold,0,
2026-04-07T17:50:58.082078+00:00,META_20260407_1741,META,bear,hold,17,567.74,567.74,126,0.0,0.0,plan_no_longer_active,0,
2026-04-07T17:50:58.285898+00:00,META_20260407_1741,META,bear,BUY,17,567.74,567.74,127,0.0,0.0,closed,1,plan_no_longer_active
2026-04-07T19:03:00.239114+00:00,META_20260407_1900,META,bear,SELL,17,567.7,567.7,128,0.0,0.0,open,0,placed
2026-04-07T19:03:00.444099+00:00,TSLA_20260407_1901,TSLA,bear,SELL,29,341.0,341.0,129,0.0,0.0,open,0,placed
2026-04-07T19:03:00.711980+00:00,META_20260407_1900,META,bear,hold,17,567.7,567.7,128,0.0,0.0,hold,0,
2026-04-07T19:03:00.974824+00:00,TSLA_20260407_1901,TSLA,bear,hold,29,341.0,341.0,129,0.0,0.0,hold,0,
2026-04-07T19:09:34.509029+00:00,META_20260407_1900,META,bear,hold,17,567.7,567.7,128,0.0,0.0,plan_no_longer_active,0,
2026-04-07T19:09:34.712554+00:00,META_20260407_1900,META,bear,BUY,17,567.7,567.7,130,0.0,0.0,closed,1,plan_no_longer_active
2026-04-07T19:09:34.975251+00:00,TSLA_20260407_1901,TSLA,bear,hold,29,341.0,341.0,129,0.0,0.0,plan_no_longer_active,0,
2026-04-07T19:09:35.178053+00:00,TSLA_20260407_1901,TSLA,bear,BUY,29,341.0,341.0,131,0.0,0.0,closed,1,plan_no_longer_active
2026-04-07T19:16:42.586751+00:00,META_20260407_1916,META,bear,SELL,17,566.1,566.1,132,0.0,0.0,open,0,placed
2026-04-07T19:16:42.791480+00:00,MSFT_20260407_1916,MSFT,bear,SELL,27,368.9,368.9,133,0.0,0.0,open,0,placed
2026-04-07T19:16:42.996598+00:00,TSLA_20260407_1916,TSLA,bear,SELL,29,340.07,340.07,134,0.0,0.0,open,0,placed
2026-04-07T19:16:43.255523+00:00,META_20260407_1916,META,bear,hold,17,566.1,566.1,132,0.0,0.0,hold,0,
2026-04-07T19:16:43.506886+00:00,MSFT_20260407_1916,MSFT,bear,hold,27,368.9,368.9,133,0.0,0.0,hold,0,
2026-04-07T19:16:43.769896+00:00,TSLA_20260407_1916,TSLA,bear,hold,29,340.07,340.07,134,0.0,0.0,hold,0,
2026-04-07T19:23:45.266531+00:00,META_20260407_1916,META,bear,hold,17,566.1,566.1,132,0.0,0.0,plan_no_longer_active,0,
2026-04-07T19:23:45.671159+00:00,META_20260407_1916,META,bear,BUY,17,566.1,566.1,135,0.0,0.0,closed,1,plan_no_longer_active
2026-04-07T19:23:45.932076+00:00,MSFT_20260407_1916,MSFT,bear,hold,27,368.9,368.9,133,0.0,0.0,plan_no_longer_active,0,
2026-04-07T19:23:46.240054+00:00,MSFT_20260407_1916,MSFT,bear,BUY,27,368.9,368.9,136,0.0,0.0,closed,1,plan_no_longer_active
2026-04-07T19:23:46.500579+00:00,TSLA_20260407_1916,TSLA,bear,hold,29,340.07,340.07,134,0.0,0.0,plan_no_longer_active,0,
2026-04-07T19:23:46.904713+00:00,TSLA_20260407_1916,TSLA,bear,BUY,29,340.07,340.07,137,0.0,0.0,closed,1,plan_no_longer_active
2026-04-08T17:36:54.288458+00:00,TSLA_20260408_1735,TSLA,bear,SELL,28,347.79,347.79,138,0.0,0.0,open,0,placed
2026-04-08T17:36:57.648024+00:00,TSLA_20260408_1735,TSLA,bear,hold,28,347.79,347.79,138,0.0,0.0,hold,0,
2026-04-08T17:44:37.768806+00:00,TSLA_20260408_1735,TSLA,bear,hold,28,347.79,347.79,138,0.0,0.0,plan_no_longer_active,0,
2026-04-08T17:44:38.374655+00:00,TSLA_20260408_1735,TSLA,bear,BUY,28,347.79,347.79,139,0.0,0.0,closed,1,plan_no_longer_active
2026-04-08T17:53:07.628332+00:00,TSLA_20260408_1750,TSLA,bear,SELL,28,348.31,348.31,140,0.0,0.0,open,0,placed
2026-04-08T17:53:07.887418+00:00,TSLA_20260408_1750,TSLA,bear,hold,28,348.31,348.31,140,0.0,0.0,hold,0,
2026-04-08T18:00:47.672003+00:00,MSFT_20260408_1758,MSFT,bear,SELL,26,375.3,375.3,141,0.0,0.0,open,0,placed
2026-04-08T18:00:47.928818+00:00,TSLA_20260408_1750,TSLA,bear,hold,28,348.31,348.31,140,0.0,0.0,plan_no_longer_active,0,
2026-04-08T18:00:48.131976+00:00,TSLA_20260408_1750,TSLA,bear,BUY,28,348.31,348.31,142,0.0,0.0,closed,1,plan_no_longer_active
2026-04-08T18:00:48.393918+00:00,MSFT_20260408_1758,MSFT,bear,hold,26,375.3,375.3,141,0.0,0.0,hold,0,
2026-04-08T18:08:09.338753+00:00,TSLA_20260408_1806,TSLA,bear,SELL,28,346.29,346.29,143,0.0,0.0,open,0,placed
2026-04-08T18:08:09.611782+00:00,MSFT_20260408_1758,MSFT,bear,hold,26,375.3,375.3,141,0.0,0.0,plan_no_longer_active,0,
2026-04-08T18:08:09.815600+00:00,MSFT_20260408_1758,MSFT,bear,BUY,26,375.3,375.3,144,0.0,0.0,closed,1,plan_no_longer_active
2026-04-08T18:08:10.078335+00:00,TSLA_20260408_1806,TSLA,bear,hold,28,346.29,346.29,143,0.0,0.0,hold,0,
2026-04-08T18:15:32.458087+00:00,TSLA_20260408_1806,TSLA,bear,hold,28,346.29,346.29,143,0.0,0.0,plan_no_longer_active,0,
2026-04-08T18:15:32.661911+00:00,TSLA_20260408_1806,TSLA,bear,BUY,28,346.29,346.29,145,0.0,0.0,closed,1,plan_no_longer_active
2026-04-08T18:24:21.643796+00:00,TSLA_20260408_1822,TSLA,bear,SELL,28,347.66,347.66,146,0.0,0.0,open,0,placed
2026-04-08T18:24:21.924257+00:00,TSLA_20260408_1822,TSLA,bear,hold,28,347.66,347.66,146,0.0,0.0,hold,0,
2026-04-08T18:32:16.651256+00:00,TSLA_20260408_1822,TSLA,bear,hold,28,347.66,347.66,146,0.0,0.0,plan_no_longer_active,0,
2026-04-08T18:32:16.859070+00:00,TSLA_20260408_1822,TSLA,bear,BUY,28,347.66,347.66,147,0.0,0.0,closed,1,plan_no_longer_active
2026-04-08T18:40:27.973167+00:00,TSLA_20260408_1838,TSLA,bear,SELL,29,344.75,344.75,148,0.0,0.0,open,0,placed
2026-04-08T18:40:28.283091+00:00,MSFT_20260408_1838,MSFT,bear,SELL,26,374.18,374.18,149,0.0,0.0,open,0,placed
2026-04-08T18:40:28.546425+00:00,TSLA_20260408_1838,TSLA,bear,hold,29,344.75,344.75,148,0.0,0.0,hold,0,
2026-04-08T18:40:28.804298+00:00,MSFT_20260408_1838,MSFT,bear,hold,26,374.18,374.18,149,0.0,0.0,hold,0,
2026-04-08T18:49:13.392833+00:00,TSLA_20260408_1838,TSLA,bear,hold,29,344.75,344.75,148,0.0,0.0,plan_no_longer_active,0,
2026-04-08T18:49:13.600057+00:00,TSLA_20260408_1838,TSLA,bear,BUY,29,344.75,344.75,150,0.0,0.0,closed,1,plan_no_longer_active
2026-04-08T18:49:13.863987+00:00,MSFT_20260408_1838,MSFT,bear,hold,26,374.18,374.18,149,0.0,0.0,plan_no_longer_active,0,
2026-04-08T18:49:14.071806+00:00,MSFT_20260408_1838,MSFT,bear,BUY,26,374.18,374.18,151,0.0,0.0,closed,1,plan_no_longer_active
2026-04-08T18:57:11.861522+00:00,TSLA_20260408_1855,TSLA,bear,SELL,29,342.71,342.71,152,0.0,0.0,open,0,placed
2026-04-08T18:57:12.069729+00:00,MSFT_20260408_1855,MSFT,bear,SELL,26,373.85,373.85,153,0.0,0.0,open,0,placed
2026-04-08T18:57:12.330601+00:00,TSLA_20260408_1855,TSLA,bear,hold,29,342.71,342.71,152,0.0,0.0,hold,0,
2026-04-08T18:57:12.595582+00:00,MSFT_20260408_1855,MSFT,bear,hold,26,373.85,373.85,153,0.0,0.0,hold,0,
2026-04-08T19:05:24.224680+00:00,TSLA_20260408_1855,TSLA,bear,hold,29,342.71,342.71,152,0.0,0.0,plan_no_longer_active,0,
2026-04-08T19:05:24.431192+00:00,TSLA_20260408_1855,TSLA,bear,BUY,29,342.71,342.71,154,0.0,0.0,closed,1,plan_no_longer_active
2026-04-08T19:05:24.692092+00:00,MSFT_20260408_1855,MSFT,bear,hold,26,373.85,373.85,153,0.0,0.0,plan_no_longer_active,0,
2026-04-08T19:05:24.894940+00:00,MSFT_20260408_1855,MSFT,bear,BUY,26,373.85,373.85,155,0.0,0.0,closed,1,plan_no_longer_active
2026-04-08T19:12:47.280242+00:00,TSLA_20260408_1912,TSLA,bear,SELL,29,340.5,340.5,156,0.0,0.0,open,0,placed
2026-04-08T19:12:47.493020+00:00,MSFT_20260408_1912,MSFT,bear,SELL,26,372.38,372.38,157,0.0,0.0,open,0,placed
2026-04-08T19:12:47.758028+00:00,TSLA_20260408_1912,TSLA,bear,hold,29,340.5,340.5,156,0.0,0.0,hold,0,
2026-04-08T19:12:48.022074+00:00,MSFT_20260408_1912,MSFT,bear,hold,26,372.38,372.38,157,0.0,0.0,hold,0,
2026-04-08T19:20:03.144446+00:00,TSLA_20260408_1912,TSLA,bear,hold,29,340.5,340.5,156,0.0,0.0,plan_no_longer_active,0,
2026-04-08T19:20:03.451041+00:00,TSLA_20260408_1912,TSLA,bear,BUY,29,340.5,340.5,158,0.0,0.0,closed,1,plan_no_longer_active
2026-04-08T19:20:03.718029+00:00,MSFT_20260408_1912,MSFT,bear,hold,26,372.38,372.38,157,0.0,0.0,plan_no_longer_active,0,
2026-04-08T19:20:04.323846+00:00,MSFT_20260408_1912,MSFT,bear,BUY,26,372.38,372.38,159,0.0,0.0,closed,1,plan_no_longer_active
2026-04-08T19:28:30.460449+00:00,TSLA_20260408_1927,TSLA,bear,SELL,29,342.33,342.33,160,0.0,0.0,open,0,placed
2026-04-08T19:28:30.768855+00:00,MSFT_20260408_1926,MSFT,bear,SELL,26,372.45,372.45,161,0.0,0.0,open,0,placed
2026-04-08T19:28:31.033804+00:00,TSLA_20260408_1927,TSLA,bear,hold,29,342.33,342.33,160,0.0,0.0,hold,0,
2026-04-08T19:28:31.295659+00:00,MSFT_20260408_1926,MSFT,bear,hold,26,372.45,372.45,161,0.0,0.0,hold,0,
2026-04-08T19:33:41.354660+00:00,TSLA_20260408_1927,TSLA,bear,hold,29,342.33,342.33,160,0.0,0.0,plan_no_longer_active,0,
2026-04-08T19:33:41.559697+00:00,TSLA_20260408_1927,TSLA,bear,BUY,29,342.33,342.33,162,0.0,0.0,closed,1,plan_no_longer_active
2026-04-08T19:33:41.824458+00:00,MSFT_20260408_1926,MSFT,bear,hold,26,372.45,372.45,161,0.0,0.0,plan_no_longer_active,0,
2026-04-08T19:33:42.129281+00:00,MSFT_20260408_1926,MSFT,bear,BUY,26,372.45,372.45,163,0.0,0.0,closed,1,plan_no_longer_active
