timestamp_utc,plan_id,symbol,strategy,entry_debit,entry_mid,current_mark,peak_mark,unrealized_pnl,unrealized_pnl_pct,signal,closed,dte
2026-04-06T18:36:26Z,TSLA_20260406_1834,TSLA,,3661.0,3625.0,3625.0,3625.0,-36.0,-0.98,hold,0,25.1
2026-04-06T18:36:35Z,MSFT_20260406_1834,MSFT,,2680.0,2654.0,2730.0,2730.0,50.0,1.87,hold,0,25.1
2026-04-06T18:36:45Z,GOOGL_20260406_1833,GOOGL,,2155.0,2133.0,2133.0,2133.0,-22.0,-1.02,hold,0,25.099
2026-04-06T18:36:50Z,AMZN_20260406_1833,AMZN,,1720.0,1703.0,1717.0,1717.0,-3.0,-0.17,hold,0,25.099
2026-04-06T18:37:27Z,SPY_20260406_1835,SPY,,2811.0,2783.0,2783.0,2783.0,-28.0,-1.0,hold,0,32.099
2026-04-06T18:37:53Z,QQQ_20260406_1835,QQQ,,2929.0,2900.0,2900.0,2900.0,-29.0,-0.99,hold,0,32.099
2026-04-06T18:38:03Z,NVDA_20260406_1834,NVDA,,1070.0,1060.0,1074.0,1074.0,4.0,0.37,hold,0,25.099
2026-04-06T18:38:10Z,AAPL_20260406_1833,AAPL,,1611.0,1595.0,1595.0,1595.0,-16.0,-0.99,hold,0,32.098
2026-04-06T18:39:30Z,TSLA_20260406_1834,TSLA,,3661.0,3625.0,3625.0,3625.0,-36.0,-0.98,hold,0,25.098
2026-04-06T18:39:49Z,MSFT_20260406_1834,MSFT,,2680.0,2654.0,2730.0,2730.0,50.0,1.87,hold,0,25.097
2026-04-06T18:40:00Z,GOOGL_20260406_1833,GOOGL,,2155.0,2133.0,2103.0,2133.0,-52.0,-2.41,hold,0,25.097
2026-04-06T18:40:05Z,AMZN_20260406_1833,AMZN,,1720.0,1703.0,1725.0,1725.0,5.0,0.29,hold,0,25.097
2026-04-06T18:40:49Z,SPY_20260406_1835,SPY,,2811.0,2783.0,2783.0,2783.0,-28.0,-1.0,hold,0,32.097
2026-04-06T18:41:16Z,QQQ_20260406_1835,QQQ,,2929.0,2900.0,2900.0,2900.0,-29.0,-0.99,hold,0,32.096
2026-04-06T18:41:28Z,NVDA_20260406_1834,NVDA,,1070.0,1060.0,1070.0,1074.0,0.0,0.0,hold,0,25.096
2026-04-06T18:41:35Z,AAPL_20260406_1833,AAPL,,1611.0,1595.0,1595.0,1595.0,-16.0,-0.99,hold,0,32.096
2026-04-06T18:42:49Z,TSLA_20260406_1834,TSLA,,3661.0,3625.0,3590.0,3625.0,-71.0,-1.94,hold,0,25.095
2026-04-06T18:43:00Z,MSFT_20260406_1834,MSFT,,2680.0,2654.0,2668.0,2730.0,-12.0,-0.45,hold,0,25.095
2026-04-06T18:43:14Z,GOOGL_20260406_1833,GOOGL,,2155.0,2133.0,2175.0,2175.0,20.0,0.93,hold,0,25.095
2026-04-06T18:43:21Z,AMZN_20260406_1833,AMZN,,1720.0,1703.0,1713.0,1725.0,-7.0,-0.41,hold,0,25.095
2026-04-06T18:43:57Z,SPY_20260406_1835,SPY,,2811.0,2783.0,2783.0,2783.0,-28.0,-1.0,hold,0,32.094
2026-04-06T18:44:22Z,QQQ_20260406_1835,QQQ,,2929.0,2900.0,2900.0,2900.0,-29.0,-0.99,hold,0,32.094
2026-04-06T18:44:35Z,NVDA_20260406_1834,NVDA,,1070.0,1060.0,1075.0,1075.0,5.0,0.47,hold,0,25.094
2026-04-06T18:44:44Z,AAPL_20260406_1833,AAPL,,1611.0,1595.0,1615.0,1615.0,4.0,0.25,hold,0,32.094
2026-04-06T18:46:03Z,TSLA_20260406_1842,TSLA,,3626.0,3590.0,3550.0,3550.0,-76.0,-2.1,hold,0,25.093
2026-04-06T18:46:27Z,MSFT_20260406_1841,MSFT,,2694.0,2668.0,2668.0,2668.0,-26.0,-0.97,hold,0,25.093
2026-04-06T18:46:46Z,GOOGL_20260406_1841,GOOGL,,2217.0,2195.0,2125.0,2125.0,-92.0,-4.15,hold,0,25.093
2026-04-06T18:46:52Z,AMZN_20260406_1841,AMZN,,1743.0,1725.0,1715.0,1715.0,-28.0,-1.61,hold,0,25.092
2026-04-06T18:47:19Z,NVDA_20260406_1842,NVDA,,1080.0,1070.0,1075.0,1075.0,-5.0,-0.46,hold,0,25.092
2026-04-06T18:54:27Z,TSLA_20260406_1852,TSLA,,3644.0,3608.0,3595.0,3595.0,-49.0,-1.34,hold,0,25.087
2026-04-06T18:54:33Z,AMZN_20260406_1851,AMZN,,1753.0,1735.0,1735.0,1735.0,-18.0,-1.03,hold,0,25.087
2026-04-06T18:54:44Z,GOOGL_20260406_1852,GOOGL,,2136.0,2115.0,2115.0,2115.0,-21.0,-0.98,hold,0,25.087
2026-04-06T18:55:15Z,SPY_20260406_1853,SPY,,2786.0,2759.0,2759.0,2759.0,-27.0,-0.97,hold,0,32.087
2026-04-06T18:55:24Z,NVDA_20260406_1852,NVDA,,1072.0,1062.0,1069.0,1069.0,-3.0,-0.28,hold,0,25.087
2026-04-06T18:55:56Z,QQQ_20260406_1853,QQQ,,2993.0,2963.0,2963.0,2963.0,-30.0,-1.0,hold,0,32.086
2026-04-06T18:56:09Z,AAPL_20260406_1851,AAPL,,1843.0,1825.0,1825.0,1825.0,-18.0,-0.98,hold,0,32.086
2026-04-06T18:57:24Z,TSLA_20260406_1852,TSLA,,3644.0,3608.0,3595.0,3595.0,-49.0,-1.34,hold,0,25.085
2026-04-06T18:57:29Z,AMZN_20260406_1851,AMZN,,1753.0,1735.0,1718.0,1735.0,-35.0,-2.0,hold,0,25.085
2026-04-06T18:57:41Z,GOOGL_20260406_1852,GOOGL,,2136.0,2115.0,2125.0,2125.0,-11.0,-0.51,hold,0,25.085
2026-04-06T18:58:19Z,SPY_20260406_1853,SPY,,2786.0,2759.0,2759.0,2759.0,-27.0,-0.97,hold,0,32.084
2026-04-06T18:58:33Z,NVDA_20260406_1852,NVDA,,1072.0,1062.0,1071.0,1071.0,-1.0,-0.09,hold,0,25.084
2026-04-07T13:49:11Z,META_20260407_1348,META,,5485.0,5430.0,5570.0,5570.0,85.0,1.55,hold,0,24.258
2026-04-07T13:49:27Z,GOOGL_20260407_1347,GOOGL,,2480.0,2455.0,2442.0,2442.0,-38.0,-1.53,hold,0,24.257
2026-04-07T13:49:35Z,AMZN_20260407_1347,AMZN,,1682.0,1666.0,1715.0,1715.0,33.0,1.96,hold,0,24.257
2026-04-07T13:51:30Z,META_20260407_1348,META,,5485.0,5430.0,5570.0,5570.0,85.0,1.55,hold,0,24.256
2026-04-07T13:52:18Z,GOOGL_20260407_1347,GOOGL,,2480.0,2455.0,2485.0,2485.0,5.0,0.2,hold,0,24.255
2026-04-07T13:52:26Z,AMZN_20260407_1347,AMZN,,1682.0,1666.0,1708.0,1715.0,26.0,1.55,hold,0,24.255
2026-04-07T13:53:46Z,META_20260407_1348,META,,5485.0,5430.0,5570.0,5570.0,85.0,1.55,hold,0,24.254
2026-04-07T13:54:02Z,GOOGL_20260407_1347,GOOGL,,2480.0,2455.0,2460.0,2485.0,-20.0,-0.81,hold,0,24.254
2026-04-07T13:54:10Z,AMZN_20260407_1347,AMZN,,1682.0,1666.0,1730.0,1730.0,48.0,2.85,hold,0,24.254
2026-04-07T13:55:22Z,MSFT_20260407_1354,MSFT,,2971.0,2942.0,2942.0,2942.0,-29.0,-0.98,hold,0,24.253
2026-04-07T13:55:27Z,AMZN_20260407_1353,AMZN,,1745.0,1728.0,1724.0,1724.0,-21.0,-1.2,hold,0,24.253
2026-04-07T13:55:38Z,NVDA_20260407_1354,NVDA,,1060.0,1050.0,1060.0,1060.0,0.0,0.0,hold,0,24.253
2026-04-07T13:55:56Z,GOOGL_20260407_1354,GOOGL,,2202.0,2180.0,2180.0,2180.0,-22.0,-1.0,hold,0,24.253
2026-04-07T13:57:06Z,MSFT_20260407_1354,MSFT,,2971.0,2942.0,2942.0,2942.0,-29.0,-0.98,hold,0,24.252
2026-04-07T13:57:13Z,AMZN_20260407_1353,AMZN,,1745.0,1728.0,1724.0,1724.0,-21.0,-1.2,hold,0,24.252
2026-04-07T13:57:26Z,NVDA_20260407_1354,NVDA,,1060.0,1050.0,1068.0,1068.0,8.0,0.75,hold,0,24.252
2026-04-07T13:57:40Z,GOOGL_20260407_1354,GOOGL,,2202.0,2180.0,2180.0,2180.0,-22.0,-1.0,hold,0,24.252
2026-04-07T13:58:52Z,MSFT_20260407_1354,MSFT,,2971.0,2942.0,2935.0,2942.0,-36.0,-1.21,hold,0,24.251
2026-04-07T13:58:59Z,AMZN_20260407_1353,AMZN,,1745.0,1728.0,1750.0,1750.0,5.0,0.29,hold,0,24.251
2026-04-07T13:59:09Z,NVDA_20260407_1354,NVDA,,1060.0,1050.0,1070.0,1070.0,10.0,0.94,hold,0,24.251
2026-04-07T13:59:21Z,GOOGL_20260407_1354,GOOGL,,2202.0,2180.0,2180.0,2180.0,-22.0,-1.0,hold,0,24.25
2026-04-07T14:00:48Z,MSFT_20260407_1354,MSFT,,2971.0,2942.0,2943.0,2943.0,-28.0,-0.94,hold,0,24.249
2026-04-07T14:00:58Z,AMZN_20260407_1353,AMZN,,1745.0,1728.0,1750.0,1750.0,5.0,0.29,hold,0,24.249
2026-04-07T14:01:20Z,NVDA_20260407_1354,NVDA,,1060.0,1050.0,1060.0,1070.0,0.0,0.0,hold,0,24.249
2026-04-07T14:01:34Z,GOOGL_20260407_1354,GOOGL,,2202.0,2180.0,2167.0,2180.0,-35.0,-1.59,hold,0,24.249
2026-04-07T14:02:42Z,MSFT_20260407_1354,MSFT,,2971.0,2942.0,2922.0,2943.0,-49.0,-1.65,hold,0,24.248
2026-04-07T14:02:50Z,AMZN_20260407_1353,AMZN,,1745.0,1728.0,1750.0,1750.0,5.0,0.29,hold,0,24.248
2026-04-07T14:03:05Z,NVDA_20260407_1354,NVDA,,1060.0,1050.0,1068.0,1070.0,8.0,0.75,hold,0,24.248
2026-04-07T14:03:22Z,GOOGL_20260407_1354,GOOGL,,2202.0,2180.0,2136.0,2180.0,-66.0,-3.0,hold,0,24.248
2026-04-07T14:04:39Z,TSLA_20260407_1402,TSLA,,3581.0,3545.0,3543.0,3543.0,-38.0,-1.06,hold,0,24.247
2026-04-07T14:05:07Z,META_20260407_1401,META,,5670.0,5613.0,5551.0,5551.0,-119.0,-2.1,hold,0,24.246
2026-04-07T14:05:46Z,QQQ_20260407_1403,QQQ,,321.0,294.0,309.0,309.0,-12.0,-3.74,hold,0,31.246
2026-04-07T14:06:00Z,AAPL_20260407_1400,AAPL,,241.0,225.0,210.0,210.0,-31.0,-12.86,hold,0,31.246
2026-04-07T14:06:18Z,NVDA_20260407_1402,NVDA,,1082.0,1071.0,1065.0,1065.0,-17.0,-1.57,hold,0,24.246
2026-04-07T14:06:35Z,GOOGL_20260407_1400,GOOGL,,2189.0,2167.0,2136.0,2136.0,-53.0,-2.42,hold,0,24.245
2026-04-07T14:06:44Z,AMZN_20260407_1400,AMZN,,1768.0,1750.0,1747.0,1747.0,-21.0,-1.19,hold,0,24.245
2026-04-07T14:08:00Z,TSLA_20260407_1402,TSLA,,3581.0,3545.0,3549.0,3549.0,-32.0,-0.89,hold,0,24.244
2026-04-07T14:08:25Z,META_20260407_1401,META,,5670.0,5613.0,5551.0,5551.0,-119.0,-2.1,hold,0,24.244
2026-04-07T14:08:57Z,QQQ_20260407_1403,QQQ,,321.0,294.0,303.0,309.0,-18.0,-5.61,hold,0,31.244
2026-04-07T14:09:12Z,AAPL_20260407_1400,AAPL,,241.0,225.0,202.0,210.0,-39.0,-16.18,hold,0,31.244
2026-04-07T14:09:28Z,NVDA_20260407_1402,NVDA,,1082.0,1071.0,1068.0,1068.0,-14.0,-1.29,hold,0,24.243
2026-04-07T14:09:47Z,GOOGL_20260407_1400,GOOGL,,2189.0,2167.0,2083.0,2136.0,-106.0,-4.84,hold,0,24.243
2026-04-07T14:09:58Z,AMZN_20260407_1400,AMZN,,1768.0,1750.0,1747.0,1747.0,-21.0,-1.19,hold,0,24.243
2026-04-07T14:11:25Z,META_20260407_1409,META,,5607.0,5551.0,5551.0,5551.0,-56.0,-1.0,hold,0,24.242
2026-04-07T14:11:41Z,GOOGL_20260407_1409,GOOGL,,2354.0,2330.0,2339.0,2339.0,-15.0,-0.64,hold,0,24.242
2026-04-07T14:11:58Z,TSLA_20260407_1410,TSLA,,3561.0,3525.0,3569.0,3569.0,8.0,0.22,hold,0,24.242
2026-04-07T14:12:09Z,AAPL_20260407_1408,AAPL,,220.0,202.0,222.0,222.0,2.0,0.91,hold,0,31.242
2026-04-07T14:12:57Z,SPY_20260407_1410,SPY,,2928.0,2899.0,2942.0,2942.0,14.0,0.48,hold,0,31.241
2026-04-07T14:13:05Z,AMZN_20260407_1408,AMZN,,1765.0,1747.0,1747.0,1747.0,-18.0,-1.02,hold,0,24.241
2026-04-07T14:14:29Z,META_20260407_1409,META,,5607.0,5551.0,5521.0,5551.0,-86.0,-1.53,hold,0,24.24
2026-04-07T14:14:44Z,GOOGL_20260407_1409,GOOGL,,2354.0,2330.0,2339.0,2339.0,-15.0,-0.64,hold,0,24.24
2026-04-07T14:15:00Z,TSLA_20260407_1410,TSLA,,3561.0,3525.0,3540.0,3569.0,-21.0,-0.59,hold,0,24.24
2026-04-07T14:15:15Z,AAPL_20260407_1408,AAPL,,220.0,202.0,195.0,222.0,-25.0,-11.36,hold,0,31.239
2026-04-07T14:15:51Z,SPY_20260407_1410,SPY,,2928.0,2899.0,2890.0,2942.0,-38.0,-1.3,hold,0,31.239
2026-04-07T14:15:58Z,AMZN_20260407_1408,AMZN,,1765.0,1747.0,1770.0,1770.0,5.0,0.28,hold,0,24.239
2026-04-07T14:17:16Z,META_20260407_1409,META,,5607.0,5551.0,5521.0,5551.0,-86.0,-1.53,hold,0,24.238
2026-04-07T14:17:30Z,GOOGL_20260407_1409,GOOGL,,2354.0,2330.0,2339.0,2339.0,-15.0,-0.64,hold,0,24.238
2026-04-07T14:17:47Z,TSLA_20260407_1410,TSLA,,3561.0,3525.0,3526.0,3569.0,-35.0,-0.98,hold,0,24.238
2026-04-07T14:17:57Z,AAPL_20260407_1408,AAPL,,220.0,202.0,195.0,222.0,-25.0,-11.36,hold,0,31.238
2026-04-07T14:18:44Z,SPY_20260407_1410,SPY,,2928.0,2899.0,2890.0,2942.0,-38.0,-1.3,hold,0,31.237
2026-04-07T14:18:58Z,AMZN_20260407_1408,AMZN,,1765.0,1747.0,1710.0,1770.0,-55.0,-3.12,hold,0,24.237
2026-04-07T14:20:14Z,TSLA_20260407_1417,TSLA,,3561.0,3526.0,3565.0,3565.0,4.0,0.11,hold,0,24.236
2026-04-07T14:20:40Z,META_20260407_1416,META,,5577.0,5521.0,5521.0,5521.0,-56.0,-1.0,hold,0,24.236
2026-04-07T14:20:51Z,MSFT_20260407_1417,MSFT,,2900.0,2871.0,2905.0,2905.0,5.0,0.17,hold,0,24.236
2026-04-07T14:21:05Z,GOOGL_20260407_1416,GOOGL,,2363.0,2339.0,2339.0,2339.0,-24.0,-1.02,hold,0,24.235
2026-04-07T14:21:42Z,QQQ_20260407_1419,QQQ,,-4.0,-30.0,-30.0,-30.0,-26.0,-650.0,hold,0,31.235
2026-04-07T14:21:57Z,NVDA_20260407_1417,NVDA,,1339.0,1326.0,1338.0,1338.0,-1.0,-0.07,hold,0,24.235
2026-04-07T14:22:37Z,SPY_20260407_1418,SPY,,230.0,202.0,128.0,128.0,-102.0,-44.35,hold,0,31.234
2026-04-07T14:22:48Z,AAPL_20260407_1416,AAPL,,213.0,195.0,206.0,206.0,-7.0,-3.29,hold,0,31.234
2026-04-07T14:24:09Z,TSLA_20260407_1417,TSLA,,3561.0,3526.0,3562.0,3565.0,1.0,0.03,hold,0,24.233
2026-04-07T14:24:37Z,META_20260407_1416,META,,5577.0,5521.0,5724.0,5724.0,147.0,2.64,hold,0,24.233
2026-04-07T14:24:49Z,MSFT_20260407_1417,MSFT,,2900.0,2871.0,2907.0,2907.0,7.0,0.24,hold,0,24.233
2026-04-07T14:25:04Z,GOOGL_20260407_1416,GOOGL,,2363.0,2339.0,2408.0,2408.0,45.0,1.9,hold,0,24.233
2026-04-07T14:25:40Z,QQQ_20260407_1419,QQQ,,-4.0,-30.0,358.0,358.0,362.0,9050.0,take_profit,1,31.232
2026-04-07T14:25:57Z,NVDA_20260407_1417,NVDA,,1339.0,1326.0,1336.0,1338.0,-3.0,-0.22,hold,0,24.232
2026-04-07T14:26:37Z,SPY_20260407_1418,SPY,,230.0,202.0,230.0,230.0,-0.0,-0.0,hold,0,31.232
2026-04-07T14:26:47Z,AAPL_20260407_1416,AAPL,,213.0,195.0,178.0,206.0,-35.0,-16.43,hold,0,31.231
2026-04-07T14:28:13Z,META_20260407_1425,META,,5672.0,5616.0,5651.0,5651.0,-21.0,-0.37,hold,0,24.23
2026-04-07T14:28:29Z,TSLA_20260407_1426,TSLA,,3580.0,3544.0,3605.0,3605.0,25.0,0.7,hold,0,24.23
2026-04-07T14:28:40Z,MSFT_20260407_1425,MSFT,,2958.0,2929.0,2911.0,2911.0,-47.0,-1.59,hold,0,24.23
2026-04-07T14:28:53Z,GOOGL_20260407_1425,GOOGL,,2432.0,2408.0,2418.0,2418.0,-14.0,-0.58,hold,0,24.23
2026-04-07T14:29:23Z,QQQ_20260407_1427,QQQ,,19.0,-7.0,235.0,235.0,216.0,1136.84,take_profit,1,31.23
2026-04-07T14:29:43Z,NVDA_20260407_1426,NVDA,,1350.0,1336.0,1343.0,1343.0,-7.0,-0.52,hold,0,24.229
2026-04-07T14:29:51Z,AMZN_20260407_1424,AMZN,,1987.0,1967.0,1980.0,1980.0,-7.0,-0.35,hold,0,24.229
2026-04-07T14:31:09Z,SPY_20260407_1427,SPY,,194.0,165.0,165.0,165.0,-29.0,-14.95,hold,0,31.228
2026-04-07T14:31:19Z,AAPL_20260407_1424,AAPL,,1798.0,1780.0,1751.0,1751.0,-47.0,-2.61,hold,0,24.228
2026-04-07T14:32:48Z,META_20260407_1425,META,,5672.0,5616.0,5581.0,5651.0,-91.0,-1.6,hold,0,24.227
2026-04-07T14:33:05Z,TSLA_20260407_1426,TSLA,,3580.0,3544.0,3552.0,3605.0,-28.0,-0.78,hold,0,24.227
2026-04-07T14:34:15Z,GOOGL_20260407_1425,GOOGL,,2432.0,2408.0,2455.0,2455.0,23.0,0.95,hold,0,24.226
2026-04-07T14:34:43Z,QQQ_20260407_1427,QQQ,,19.0,-7.0,241.0,241.0,222.0,1168.42,take_profit,1,31.226
2026-04-07T14:34:59Z,NVDA_20260407_1426,NVDA,,1350.0,1336.0,1347.0,1347.0,-3.0,-0.22,hold,0,24.226
2026-04-07T14:35:09Z,AMZN_20260407_1424,AMZN,,1987.0,1967.0,2020.0,2020.0,33.0,1.66,hold,0,24.226
2026-04-07T14:35:48Z,SPY_20260407_1427,SPY,,194.0,165.0,150.0,165.0,-44.0,-22.68,hold,0,31.225
2026-04-07T14:36:01Z,AAPL_20260407_1424,AAPL,,1798.0,1780.0,1737.0,1751.0,-61.0,-3.39,hold,0,24.225
2026-04-07T14:37:20Z,TSLA_20260407_1435,TSLA,,3557.0,3522.0,3530.0,3530.0,-27.0,-0.76,hold,0,24.224
2026-04-07T14:37:47Z,META_20260407_1434,META,,5655.0,5599.0,5605.0,5605.0,-50.0,-0.88,hold,0,24.224
2026-04-07T14:37:59Z,MSFT_20260407_1434,MSFT,,2954.0,2924.0,2914.0,2914.0,-40.0,-1.35,hold,0,24.224
2026-04-07T14:38:14Z,GOOGL_20260407_1433,GOOGL,,2479.0,2455.0,2409.0,2409.0,-70.0,-2.82,hold,0,24.223
2026-04-07T14:38:52Z,QQQ_20260407_1435,QQQ,,317.0,288.0,221.0,221.0,-96.0,-30.28,hold,0,31.223
2026-04-07T14:39:06Z,NVDA_20260407_1434,NVDA,,1361.0,1347.0,1312.0,1312.0,-49.0,-3.6,hold,0,24.223
2026-04-07T14:39:18Z,AAPL_20260407_1433,AAPL,,1768.0,1751.0,1750.0,1750.0,-18.0,-1.02,hold,0,24.223
2026-04-07T14:40:37Z,TSLA_20260407_1435,TSLA,,3557.0,3522.0,3539.0,3539.0,-18.0,-0.51,hold,0,24.222
2026-04-07T14:41:05Z,META_20260407_1434,META,,5655.0,5599.0,5605.0,5605.0,-50.0,-0.88,hold,0,24.221
2026-04-07T14:41:19Z,MSFT_20260407_1434,MSFT,,2954.0,2924.0,2911.0,2914.0,-43.0,-1.46,hold,0,24.221
2026-04-07T14:41:32Z,GOOGL_20260407_1433,GOOGL,,2479.0,2455.0,2409.0,2409.0,-70.0,-2.82,hold,0,24.221
2026-04-07T14:42:00Z,QQQ_20260407_1435,QQQ,,317.0,288.0,221.0,221.0,-96.0,-30.28,hold,0,31.221
2026-04-07T14:42:22Z,NVDA_20260407_1434,NVDA,,1361.0,1347.0,1325.0,1325.0,-36.0,-2.65,hold,0,24.221
2026-04-07T14:42:32Z,AAPL_20260407_1433,AAPL,,1768.0,1751.0,1731.0,1750.0,-37.0,-2.09,hold,0,24.22
2026-04-07T14:43:47Z,TSLA_20260407_1441,TSLA,,3555.0,3520.0,3577.0,3577.0,22.0,0.62,hold,0,24.22
2026-04-07T14:43:58Z,MSFT_20260407_1441,MSFT,,2941.0,2911.0,2932.0,2932.0,-9.0,-0.31,hold,0,24.219
2026-04-07T14:44:08Z,AAPL_20260407_1441,AAPL,,1757.0,1740.0,1715.0,1715.0,-42.0,-2.39,hold,0,24.219
2026-04-07T14:45:27Z,TSLA_20260407_1441,TSLA,,3555.0,3520.0,3563.0,3577.0,8.0,0.23,hold,0,24.218
2026-04-07T14:45:43Z,MSFT_20260407_1441,MSFT,,2941.0,2911.0,2917.0,2932.0,-24.0,-0.82,hold,0,24.218
2026-04-07T14:45:59Z,AAPL_20260407_1441,AAPL,,1757.0,1740.0,1710.0,1715.0,-47.0,-2.68,hold,0,24.218
2026-04-07T14:47:16Z,TSLA_20260407_1441,TSLA,,3555.0,3520.0,3569.0,3577.0,14.0,0.39,hold,0,24.217
2026-04-07T14:47:27Z,MSFT_20260407_1441,MSFT,,2941.0,2911.0,2917.0,2932.0,-24.0,-0.82,hold,0,24.217
2026-04-07T14:47:38Z,AAPL_20260407_1441,AAPL,,1757.0,1740.0,1703.0,1715.0,-54.0,-3.07,hold,0,24.217
2026-04-07T14:48:58Z,TSLA_20260407_1441,TSLA,,3555.0,3520.0,3569.0,3577.0,14.0,0.39,hold,0,24.216
2026-04-07T14:49:12Z,MSFT_20260407_1441,MSFT,,2941.0,2911.0,2917.0,2932.0,-24.0,-0.82,hold,0,24.216
2026-04-07T14:49:23Z,AAPL_20260407_1441,AAPL,,1757.0,1740.0,1714.0,1715.0,-43.0,-2.45,hold,0,24.216
2026-04-07T14:50:46Z,TSLA_20260407_1448,TSLA,,3604.0,3569.0,3539.0,3539.0,-65.0,-1.8,hold,0,24.215
2026-04-07T14:51:12Z,NVDA_20260407_1447,NVDA,,1340.0,1327.0,1325.0,1325.0,-15.0,-1.12,hold,0,24.214
2026-04-07T14:51:24Z,MSFT_20260407_1447,MSFT,,2946.0,2917.0,2917.0,2917.0,-29.0,-0.98,hold,0,24.214
2026-04-07T14:53:03Z,AAPL_20260407_1447,AAPL,,1864.0,1845.0,1812.0,1812.0,-52.0,-2.79,hold,0,24.213
2026-04-07T14:54:16Z,TSLA_20260407_1448,TSLA,,3604.0,3569.0,3527.0,3539.0,-77.0,-2.14,hold,0,24.212
2026-04-07T14:54:28Z,NVDA_20260407_1447,NVDA,,1340.0,1327.0,1328.0,1328.0,-12.0,-0.9,hold,0,24.212
2026-04-07T14:54:44Z,MSFT_20260407_1447,MSFT,,2946.0,2917.0,2917.0,2917.0,-29.0,-0.98,hold,0,24.212
2026-04-07T14:55:16Z,QQQ_20260407_1448,QQQ,,222.0,192.0,192.0,192.0,-30.0,-13.51,hold,0,31.212
2026-04-07T14:55:26Z,AAPL_20260407_1447,AAPL,,1864.0,1845.0,1815.0,1815.0,-49.0,-2.63,hold,0,24.211
2026-04-07T14:56:51Z,TSLA_20260407_1455,TSLA,,3578.0,3543.0,3545.0,3545.0,-33.0,-0.92,hold,0,24.211
2026-04-07T14:57:20Z,META_20260407_1455,META,,5551.0,5496.0,5507.0,5507.0,-44.0,-0.79,hold,0,24.21
2026-04-07T14:57:34Z,MSFT_20260407_1455,MSFT,,2946.0,2917.0,2917.0,2917.0,-29.0,-0.98,hold,0,24.21
2026-04-07T14:57:49Z,NVDA_20260407_1455,NVDA,,1344.0,1330.0,1327.0,1327.0,-17.0,-1.26,hold,0,24.21
2026-04-07T14:58:20Z,QQQ_20260407_1456,QQQ,,222.0,192.0,192.0,192.0,-30.0,-13.51,hold,0,31.209
2026-04-07T14:58:31Z,AAPL_20260407_1454,AAPL,,1762.0,1745.0,1738.0,1738.0,-24.0,-1.36,hold,0,24.209
2026-04-07T14:58:45Z,GOOGL_20260407_1454,GOOGL,,2154.0,2132.0,2132.0,2132.0,-22.0,-1.02,hold,0,24.209
2026-04-07T14:59:59Z,TSLA_20260407_1455,TSLA,,3578.0,3543.0,3545.0,3545.0,-33.0,-0.92,hold,0,24.208
2026-04-07T15:00:28Z,META_20260407_1455,META,,5551.0,5496.0,5507.0,5507.0,-44.0,-0.79,hold,0,24.208
2026-04-07T15:00:44Z,MSFT_20260407_1455,MSFT,,2946.0,2917.0,2917.0,2917.0,-29.0,-0.98,hold,0,24.208
2026-04-07T15:00:58Z,NVDA_20260407_1455,NVDA,,1344.0,1330.0,1335.0,1335.0,-9.0,-0.67,hold,0,24.208
2026-04-07T15:01:56Z,QQQ_20260407_1456,QQQ,,222.0,192.0,192.0,192.0,-30.0,-13.51,hold,0,31.207
2026-04-07T15:02:14Z,AAPL_20260407_1454,AAPL,,1762.0,1745.0,1739.0,1739.0,-23.0,-1.31,hold,0,24.207
2026-04-07T15:02:29Z,GOOGL_20260407_1454,GOOGL,,2154.0,2132.0,2132.0,2132.0,-22.0,-1.02,hold,0,24.207
2026-04-07T15:03:43Z,TSLA_20260407_1455,TSLA,,3578.0,3543.0,3538.0,3545.0,-40.0,-1.12,hold,0,24.206
2026-04-07T15:04:08Z,META_20260407_1455,META,,5551.0,5496.0,5507.0,5507.0,-44.0,-0.79,hold,0,24.205
2026-04-07T15:04:22Z,MSFT_20260407_1455,MSFT,,2946.0,2917.0,2949.0,2949.0,3.0,0.1,hold,0,24.205
2026-04-07T15:04:36Z,NVDA_20260407_1455,NVDA,,1344.0,1330.0,1329.0,1335.0,-15.0,-1.12,hold,0,24.205
2026-04-07T15:05:09Z,QQQ_20260407_1456,QQQ,,222.0,192.0,192.0,192.0,-30.0,-13.51,hold,0,31.205
2026-04-07T15:05:20Z,AAPL_20260407_1454,AAPL,,1762.0,1745.0,1744.0,1744.0,-18.0,-1.02,hold,0,24.205
2026-04-07T15:05:38Z,GOOGL_20260407_1454,GOOGL,,2154.0,2132.0,2132.0,2132.0,-22.0,-1.02,hold,0,24.204
2026-04-07T15:07:00Z,META_20260407_1502,META,,5562.0,5507.0,5507.0,5507.0,-55.0,-0.99,hold,0,24.203
2026-04-07T15:07:20Z,TSLA_20260407_1503,TSLA,,3573.0,3538.0,3550.0,3550.0,-23.0,-0.64,hold,0,24.203
2026-04-07T15:07:33Z,MSFT_20260407_1502,MSFT,,2946.0,2917.0,2935.0,2935.0,-11.0,-0.37,hold,0,24.203
2026-04-07T15:07:47Z,NVDA_20260407_1502,NVDA,,1343.0,1329.0,1324.0,1324.0,-19.0,-1.41,hold,0,24.203
2026-04-07T15:08:18Z,QQQ_20260407_1503,QQQ,,222.0,192.0,192.0,192.0,-30.0,-13.51,hold,0,31.203
2026-04-07T15:08:28Z,AAPL_20260407_1501,AAPL,,1803.0,1785.0,1800.0,1800.0,-3.0,-0.17,hold,0,24.202
2026-04-07T15:09:49Z,META_20260407_1502,META,,5562.0,5507.0,5507.0,5507.0,-55.0,-0.99,hold,0,24.202
2026-04-07T15:10:13Z,TSLA_20260407_1503,TSLA,,3573.0,3538.0,3550.0,3550.0,-23.0,-0.64,hold,0,24.201
2026-04-07T15:10:25Z,MSFT_20260407_1502,MSFT,,2946.0,2917.0,2945.0,2945.0,-1.0,-0.03,hold,0,24.201
2026-04-07T15:10:40Z,NVDA_20260407_1502,NVDA,,1343.0,1329.0,1322.0,1324.0,-21.0,-1.56,hold,0,24.201
2026-04-07T15:11:08Z,QQQ_20260407_1503,QQQ,,222.0,192.0,192.0,192.0,-30.0,-13.51,hold,0,31.201
2026-04-07T15:11:20Z,AAPL_20260407_1501,AAPL,,1803.0,1785.0,1804.0,1804.0,1.0,0.06,hold,0,24.2
2026-04-07T15:12:39Z,META_20260407_1509,META,,5752.0,5695.0,5695.0,5695.0,-57.0,-0.99,hold,0,24.2
2026-04-07T15:12:56Z,MSFT_20260407_1510,MSFT,,2975.0,2945.0,2945.0,2945.0,-30.0,-1.01,hold,0,24.199
2026-04-07T15:13:13Z,TSLA_20260407_1510,TSLA,,3586.0,3550.0,3548.0,3548.0,-38.0,-1.06,hold,0,24.199
2026-04-07T15:13:28Z,NVDA_20260407_1510,NVDA,,1336.0,1322.0,1330.0,1330.0,-6.0,-0.45,hold,0,24.199
2026-04-07T15:13:59Z,QQQ_20260407_1511,QQQ,,283.0,254.0,254.0,254.0,-29.0,-10.25,hold,0,31.199
2026-04-07T15:14:09Z,AAPL_20260407_1509,AAPL,,1818.0,1800.0,1799.0,1799.0,-19.0,-1.05,hold,0,24.199
2026-04-07T15:15:33Z,META_20260407_1509,META,,5752.0,5695.0,5541.0,5695.0,-211.0,-3.67,hold,0,24.198
2026-04-07T15:15:56Z,MSFT_20260407_1510,MSFT,,2975.0,2945.0,2979.0,2979.0,4.0,0.13,hold,0,24.197
2026-04-07T15:16:15Z,TSLA_20260407_1510,TSLA,,3586.0,3550.0,3598.0,3598.0,12.0,0.33,hold,0,24.197
2026-04-07T15:16:34Z,NVDA_20260407_1510,NVDA,,1336.0,1322.0,1330.0,1330.0,-6.0,-0.45,hold,0,24.197
2026-04-07T15:17:03Z,QQQ_20260407_1511,QQQ,,283.0,254.0,312.0,312.0,29.0,10.25,hold,0,31.196
2026-04-07T15:17:13Z,AAPL_20260407_1509,AAPL,,1818.0,1800.0,1810.0,1810.0,-8.0,-0.44,hold,0,24.196
2026-04-07T15:18:33Z,META_20260407_1509,META,,5752.0,5695.0,5541.0,5695.0,-211.0,-3.67,hold,0,24.195
2026-04-07T15:18:46Z,MSFT_20260407_1510,MSFT,,2975.0,2945.0,2904.0,2979.0,-71.0,-2.39,hold,0,24.195
2026-04-07T15:19:04Z,TSLA_20260407_1510,TSLA,,3586.0,3550.0,3608.0,3608.0,22.0,0.61,hold,0,24.195
2026-04-07T15:19:21Z,NVDA_20260407_1510,NVDA,,1336.0,1322.0,1343.0,1343.0,7.0,0.52,hold,0,24.195
2026-04-07T15:19:51Z,QQQ_20260407_1511,QQQ,,283.0,254.0,357.0,357.0,74.0,26.15,hold,0,31.195
2026-04-07T15:20:00Z,AAPL_20260407_1509,AAPL,,1818.0,1800.0,1790.0,1810.0,-28.0,-1.54,hold,0,24.194
2026-04-07T15:21:28Z,META_20260407_1517,META,,5596.0,5541.0,5541.0,5541.0,-55.0,-0.98,hold,0,24.193
2026-04-07T15:21:41Z,MSFT_20260407_1517,MSFT,,2934.0,2905.0,2970.0,2970.0,36.0,1.23,hold,0,24.193
2026-04-07T15:22:02Z,TSLA_20260407_1518,TSLA,,3644.0,3608.0,3600.0,3600.0,-44.0,-1.21,hold,0,24.193
2026-04-07T15:22:20Z,NVDA_20260407_1518,NVDA,,1357.0,1343.0,1336.0,1336.0,-21.0,-1.55,hold,0,24.193
2026-04-07T15:22:50Z,QQQ_20260407_1519,QQQ,,3248.0,3216.0,3216.0,3216.0,-32.0,-0.99,hold,0,23.192
2026-04-07T15:23:04Z,GOOGL_20260407_1517,GOOGL,,2450.0,2425.0,2425.0,2425.0,-25.0,-1.02,hold,0,24.192
2026-04-07T15:23:45Z,SPY_20260407_1519,SPY,,252.0,224.0,301.0,301.0,49.0,19.44,hold,0,31.192
2026-04-07T15:23:53Z,AMZN_20260407_1517,AMZN,,1970.0,1950.0,1954.0,1954.0,-16.0,-0.81,hold,0,24.192
2026-04-07T15:24:04Z,AAPL_20260407_1516,AAPL,,1828.0,1810.0,1803.0,1803.0,-25.0,-1.37,hold,0,24.192
2026-04-07T15:25:25Z,META_20260407_1517,META,,5596.0,5541.0,5541.0,5541.0,-55.0,-0.98,hold,0,24.191
2026-04-07T15:25:37Z,MSFT_20260407_1517,MSFT,,2934.0,2905.0,2942.0,2970.0,8.0,0.27,hold,0,24.191
2026-04-07T15:25:56Z,TSLA_20260407_1518,TSLA,,3644.0,3608.0,3607.0,3607.0,-37.0,-1.02,hold,0,24.19
2026-04-07T15:26:08Z,NVDA_20260407_1518,NVDA,,1357.0,1343.0,1340.0,1340.0,-17.0,-1.25,hold,0,24.19
2026-04-07T15:26:38Z,QQQ_20260407_1519,QQQ,,3248.0,3216.0,3216.0,3216.0,-32.0,-0.99,hold,0,23.19
2026-04-07T15:26:52Z,GOOGL_20260407_1517,GOOGL,,2450.0,2425.0,2425.0,2425.0,-25.0,-1.02,hold,0,24.19
2026-04-07T15:27:32Z,SPY_20260407_1519,SPY,,252.0,224.0,189.0,301.0,-63.0,-25.0,trailing_stop,1,31.189
2026-04-07T15:27:46Z,AMZN_20260407_1517,AMZN,,1970.0,1950.0,1974.0,1974.0,4.0,0.2,hold,0,24.189
2026-04-07T15:27:57Z,AAPL_20260407_1516,AAPL,,1828.0,1810.0,1801.0,1803.0,-27.0,-1.48,hold,0,24.189
2026-04-07T15:29:18Z,META_20260407_1526,META,,5596.0,5541.0,5541.0,5541.0,-55.0,-0.98,hold,0,24.188
2026-04-07T15:29:29Z,MSFT_20260407_1526,MSFT,,2971.0,2942.0,2942.0,2942.0,-29.0,-0.98,hold,0,24.188
2026-04-07T15:29:47Z,TSLA_20260407_1527,TSLA,,3631.0,3595.0,3596.0,3596.0,-35.0,-0.96,hold,0,24.188
2026-04-07T15:30:00Z,NVDA_20260407_1526,NVDA,,1338.0,1325.0,1315.0,1315.0,-23.0,-1.72,hold,0,24.187
2026-04-07T15:30:48Z,QQQ_20260407_1528,QQQ,,3208.0,3176.0,3191.0,3191.0,-17.0,-0.53,hold,0,23.187
2026-04-07T15:31:12Z,AMZN_20260407_1525,AMZN,,1974.0,1954.0,1974.0,1974.0,0.0,0.0,hold,0,24.187
2026-04-07T15:31:56Z,GOOGL_20260407_1525,GOOGL,,2450.0,2425.0,2425.0,2425.0,-25.0,-1.02,hold,0,24.186
2026-04-07T15:33:09Z,SPY_20260407_1527,SPY,,219.0,189.0,211.0,211.0,-8.0,-3.65,hold,0,31.185
2026-04-07T15:33:23Z,AAPL_20260407_1525,AAPL,,1819.0,1801.0,1781.0,1781.0,-38.0,-2.09,hold,0,24.185
2026-04-07T15:35:07Z,META_20260407_1526,META,,5596.0,5541.0,5517.0,5541.0,-79.0,-1.41,hold,0,24.184
2026-04-07T15:35:24Z,MSFT_20260407_1526,MSFT,,2971.0,2942.0,3015.0,3015.0,44.0,1.48,hold,0,24.184
2026-04-07T15:35:53Z,TSLA_20260407_1527,TSLA,,3631.0,3595.0,3575.0,3596.0,-56.0,-1.54,hold,0,24.183
2026-04-07T15:36:14Z,NVDA_20260407_1526,NVDA,,1338.0,1325.0,1332.0,1332.0,-6.0,-0.45,hold,0,24.183
2026-04-07T15:37:08Z,QQQ_20260407_1528,QQQ,,3208.0,3176.0,3186.0,3191.0,-22.0,-0.69,hold,0,23.183
2026-04-07T15:37:20Z,AMZN_20260407_1525,AMZN,,1974.0,1954.0,1994.0,1994.0,20.0,1.01,hold,0,24.182
2026-04-07T15:37:46Z,GOOGL_20260407_1525,GOOGL,,2450.0,2425.0,2425.0,2425.0,-25.0,-1.02,hold,0,24.182
2026-04-07T15:38:22Z,SPY_20260407_1527,SPY,,219.0,189.0,171.0,211.0,-48.0,-21.92,hold,0,31.182
2026-04-07T15:38:33Z,AAPL_20260407_1525,AAPL,,1819.0,1801.0,1799.0,1799.0,-20.0,-1.1,hold,0,24.182
2026-04-07T15:39:54Z,META_20260407_1534,META,,5572.0,5517.0,5586.0,5586.0,14.0,0.25,hold,0,24.181
2026-04-07T15:40:07Z,MSFT_20260407_1535,MSFT,,3007.0,2978.0,2936.0,2936.0,-71.0,-2.36,hold,0,24.18
2026-04-07T15:40:33Z,TSLA_20260407_1535,TSLA,,3611.0,3575.0,3570.0,3570.0,-41.0,-1.14,hold,0,24.18
2026-04-07T15:41:30Z,QQQ_20260407_1536,QQQ,,306.0,277.0,312.0,312.0,6.0,1.96,hold,0,31.18
2026-04-07T15:41:43Z,NVDA_20260407_1535,NVDA,,1346.0,1332.0,1335.0,1335.0,-11.0,-0.82,hold,0,24.179
2026-04-07T15:41:53Z,AAPL_20260407_1533,AAPL,,1798.0,1781.0,1799.0,1799.0,1.0,0.06,hold,0,24.179
2026-04-07T15:43:21Z,META_20260407_1534,META,,5572.0,5517.0,5586.0,5586.0,14.0,0.25,hold,0,24.178
2026-04-07T15:43:33Z,MSFT_20260407_1535,MSFT,,3007.0,2978.0,2936.0,2936.0,-71.0,-2.36,hold,0,24.178
2026-04-07T15:43:52Z,TSLA_20260407_1535,TSLA,,3611.0,3575.0,3562.0,3570.0,-49.0,-1.36,hold,0,24.178
2026-04-07T15:44:25Z,QQQ_20260407_1536,QQQ,,306.0,277.0,280.0,312.0,-26.0,-8.5,hold,0,31.177
2026-04-07T15:44:37Z,NVDA_20260407_1535,NVDA,,1346.0,1332.0,1340.0,1340.0,-6.0,-0.45,hold,0,24.177
2026-04-07T15:44:50Z,AAPL_20260407_1533,AAPL,,1798.0,1781.0,1781.0,1799.0,-17.0,-0.95,hold,0,24.177
2026-04-07T15:46:18Z,META_20260407_1542,META,,5642.0,5586.0,5586.0,5586.0,-56.0,-0.99,hold,0,24.176
2026-04-07T15:46:31Z,MSFT_20260407_1542,MSFT,,2965.0,2936.0,2936.0,2936.0,-29.0,-0.98,hold,0,24.176
2026-04-07T15:46:52Z,TSLA_20260407_1543,TSLA,,3606.0,3570.0,3588.0,3588.0,-18.0,-0.5,hold,0,24.176
2026-04-07T15:47:19Z,QQQ_20260407_1543,QQQ,,314.0,285.0,279.0,279.0,-35.0,-11.15,hold,0,31.175
2026-04-07T15:47:29Z,AAPL_20260407_1542,AAPL,,1797.0,1779.0,1751.0,1751.0,-46.0,-2.56,hold,0,24.175
2026-04-07T15:48:48Z,META_20260407_1542,META,,5642.0,5586.0,5534.0,5586.0,-108.0,-1.91,hold,0,24.174
2026-04-07T15:49:04Z,MSFT_20260407_1542,MSFT,,2965.0,2936.0,2936.0,2936.0,-29.0,-0.98,hold,0,24.174
2026-04-07T15:49:21Z,TSLA_20260407_1543,TSLA,,3606.0,3570.0,3590.0,3590.0,-16.0,-0.44,hold,0,24.174
2026-04-07T15:49:51Z,QQQ_20260407_1543,QQQ,,314.0,285.0,256.0,279.0,-58.0,-18.47,hold,0,31.174
2026-04-07T15:50:01Z,AAPL_20260407_1542,AAPL,,1797.0,1779.0,1751.0,1751.0,-46.0,-2.56,hold,0,24.174
2026-04-07T15:52:31Z,TSLA_20260407_1550,TSLA,,3626.0,3590.0,3579.0,3579.0,-47.0,-1.3,hold,0,24.172
2026-04-07T15:52:44Z,MSFT_20260407_1550,MSFT,,2965.0,2936.0,2936.0,2936.0,-29.0,-0.98,hold,0,24.172
2026-04-07T15:52:57Z,AAPL_20260407_1549,AAPL,,1769.0,1751.0,1748.0,1748.0,-21.0,-1.19,hold,0,24.172
2026-04-07T15:54:16Z,META_20260407_1549,META,,5590.0,5534.0,5534.0,5534.0,-56.0,-1.0,hold,0,24.171
2026-04-07T15:54:32Z,TSLA_20260407_1550,TSLA,,3626.0,3590.0,3576.0,3579.0,-50.0,-1.38,hold,0,24.17
2026-04-07T15:54:44Z,MSFT_20260407_1550,MSFT,,2965.0,2936.0,2932.0,2936.0,-33.0,-1.11,hold,0,24.17
2026-04-07T15:54:54Z,AAPL_20260407_1549,AAPL,,1769.0,1751.0,1753.0,1753.0,-16.0,-0.9,hold,0,24.17
2026-04-07T15:56:19Z,META_20260407_1549,META,,5590.0,5534.0,5534.0,5534.0,-56.0,-1.0,hold,0,24.169
2026-04-07T15:56:38Z,TSLA_20260407_1550,TSLA,,3626.0,3590.0,3577.0,3579.0,-49.0,-1.35,hold,0,24.169
2026-04-07T15:56:51Z,MSFT_20260407_1550,MSFT,,2965.0,2936.0,2932.0,2936.0,-33.0,-1.11,hold,0,24.169
2026-04-07T15:57:01Z,AAPL_20260407_1549,AAPL,,1769.0,1751.0,1753.0,1753.0,-16.0,-0.9,hold,0,24.169
2026-04-07T15:58:19Z,META_20260407_1556,META,,5590.0,5534.0,5534.0,5534.0,-56.0,-1.0,hold,0,24.168
2026-04-07T15:58:38Z,TSLA_20260407_1557,TSLA,,3613.0,3577.0,3577.0,3577.0,-36.0,-1.0,hold,0,24.168
2026-04-07T15:58:48Z,MSFT_20260407_1556,MSFT,,2961.0,2932.0,2932.0,2932.0,-29.0,-0.98,hold,0,24.167
2026-04-07T15:59:20Z,QQQ_20260407_1557,QQQ,,276.0,248.0,248.0,248.0,-28.0,-10.14,hold,0,31.167
2026-04-07T15:59:30Z,AAPL_20260407_1555,AAPL,,1771.0,1753.0,1753.0,1753.0,-18.0,-1.02,hold,0,24.167
2026-04-07T16:01:07Z,META_20260407_1556,META,,5590.0,5534.0,5534.0,5534.0,-56.0,-1.0,hold,0,24.166
2026-04-07T16:01:55Z,TSLA_20260407_1557,TSLA,,3613.0,3577.0,3611.0,3611.0,-2.0,-0.06,hold,0,24.165
2026-04-07T16:02:10Z,MSFT_20260407_1556,MSFT,,2961.0,2932.0,2932.0,2932.0,-29.0,-0.98,hold,0,24.165
2026-04-07T16:02:45Z,QQQ_20260407_1557,QQQ,,276.0,248.0,248.0,248.0,-28.0,-10.14,hold,0,31.165
2026-04-07T16:02:54Z,AAPL_20260407_1555,AAPL,,1771.0,1753.0,1748.0,1753.0,-23.0,-1.3,hold,0,24.165
2026-04-07T16:04:29Z,META_20260407_1556,META,,5590.0,5534.0,5508.0,5534.0,-82.0,-1.47,hold,0,24.164
2026-04-07T16:04:55Z,TSLA_20260407_1557,TSLA,,3613.0,3577.0,3611.0,3611.0,-2.0,-0.06,hold,0,24.163
2026-04-07T16:05:09Z,MSFT_20260407_1556,MSFT,,2961.0,2932.0,2932.0,2932.0,-29.0,-0.98,hold,0,24.163
2026-04-07T16:05:48Z,QQQ_20260407_1557,QQQ,,276.0,248.0,253.0,253.0,-23.0,-8.33,hold,0,31.163
2026-04-07T16:06:00Z,AAPL_20260407_1555,AAPL,,1771.0,1753.0,1758.0,1758.0,-13.0,-0.73,hold,0,24.162
2026-04-07T16:07:32Z,META_20260407_1603,META,,5563.0,5508.0,5508.0,5508.0,-55.0,-0.99,hold,0,24.161
2026-04-07T16:07:49Z,TSLA_20260407_1604,TSLA,,3647.0,3611.0,3602.0,3602.0,-45.0,-1.23,hold,0,24.161
2026-04-07T16:08:01Z,MSFT_20260407_1604,MSFT,,2961.0,2932.0,2951.0,2951.0,-10.0,-0.34,hold,0,24.161
2026-04-07T16:08:09Z,AAPL_20260407_1603,AAPL,,1766.0,1748.0,1768.0,1768.0,2.0,0.11,hold,0,24.161
2026-04-07T16:08:26Z,GOOGL_20260407_1603,GOOGL,,2234.0,2212.0,2212.0,2212.0,-22.0,-0.98,hold,0,24.161
2026-04-07T16:08:34Z,AMZN_20260407_1603,AMZN,,1781.0,1763.0,1763.0,1763.0,-18.0,-1.01,hold,0,24.161
2026-04-07T16:09:55Z,META_20260407_1603,META,,5563.0,5508.0,5501.0,5508.0,-62.0,-1.11,hold,0,24.16
2026-04-07T16:10:12Z,TSLA_20260407_1604,TSLA,,3647.0,3611.0,3585.0,3602.0,-62.0,-1.7,hold,0,24.16
2026-04-07T16:10:31Z,MSFT_20260407_1604,MSFT,,2961.0,2932.0,2951.0,2951.0,-10.0,-0.34,hold,0,24.159
2026-04-07T16:10:43Z,AAPL_20260407_1603,AAPL,,1766.0,1748.0,1745.0,1768.0,-21.0,-1.19,hold,0,24.159
2026-04-07T16:10:58Z,GOOGL_20260407_1603,GOOGL,,2234.0,2212.0,2212.0,2212.0,-22.0,-0.98,hold,0,24.159
2026-04-07T16:11:07Z,AMZN_20260407_1603,AMZN,,1781.0,1763.0,1779.0,1779.0,-2.0,-0.11,hold,0,24.159
2026-04-07T16:12:27Z,META_20260407_1611,META,,5556.0,5501.0,5501.0,5501.0,-55.0,-0.99,hold,0,24.158
2026-04-07T16:12:43Z,TSLA_20260407_1611,TSLA,,3591.0,3555.0,3555.0,3555.0,-36.0,-1.0,hold,0,24.158
2026-04-07T16:12:59Z,AAPL_20260407_1610,AAPL,,1786.0,1768.0,1750.0,1750.0,-36.0,-2.02,hold,0,24.158
2026-04-07T16:13:13Z,NVDA_20260407_1611,NVDA,,1358.0,1345.0,1345.0,1345.0,-13.0,-0.96,hold,0,24.157
2026-04-07T16:13:24Z,AMZN_20260407_1610,AMZN,,1797.0,1779.0,1779.0,1779.0,-18.0,-1.0,hold,0,24.157
2026-04-07T16:13:39Z,GOOGL_20260407_1610,GOOGL,,2234.0,2212.0,2146.0,2146.0,-88.0,-3.94,hold,0,24.157
2026-04-07T16:14:58Z,META_20260407_1611,META,,5556.0,5501.0,5501.0,5501.0,-55.0,-0.99,hold,0,24.156
2026-04-07T16:15:17Z,TSLA_20260407_1611,TSLA,,3591.0,3555.0,3575.0,3575.0,-16.0,-0.45,hold,0,24.156
2026-04-07T16:15:28Z,AAPL_20260407_1610,AAPL,,1786.0,1768.0,1765.0,1765.0,-21.0,-1.18,hold,0,24.156
2026-04-07T16:15:43Z,NVDA_20260407_1611,NVDA,,1358.0,1345.0,1345.0,1345.0,-13.0,-0.96,hold,0,24.156
2026-04-07T16:15:54Z,AMZN_20260407_1610,AMZN,,1797.0,1779.0,1779.0,1779.0,-18.0,-1.0,hold,0,24.156
2026-04-07T16:16:10Z,GOOGL_20260407_1610,GOOGL,,2234.0,2212.0,2146.0,2146.0,-88.0,-3.94,hold,0,24.155
2026-04-07T16:17:30Z,META_20260407_1611,META,,5556.0,5501.0,5501.0,5501.0,-55.0,-0.99,hold,0,24.155
2026-04-07T16:17:49Z,TSLA_20260407_1611,TSLA,,3591.0,3555.0,3600.0,3600.0,9.0,0.25,hold,0,24.154
2026-04-07T16:18:03Z,AAPL_20260407_1610,AAPL,,1786.0,1768.0,1778.0,1778.0,-8.0,-0.45,hold,0,24.154
2026-04-07T16:18:16Z,NVDA_20260407_1611,NVDA,,1358.0,1345.0,1345.0,1345.0,-13.0,-0.96,hold,0,24.154
2026-04-07T16:18:25Z,AMZN_20260407_1610,AMZN,,1797.0,1779.0,1724.0,1779.0,-73.0,-4.06,hold,0,24.154
2026-04-07T16:18:48Z,GOOGL_20260407_1610,GOOGL,,2234.0,2212.0,2175.0,2175.0,-59.0,-2.64,hold,0,24.154
2026-04-07T16:20:10Z,META_20260407_1617,META,,5556.0,5501.0,5501.0,5501.0,-55.0,-0.99,hold,0,24.153
2026-04-07T16:20:28Z,TSLA_20260407_1618,TSLA,,3543.0,3508.0,3560.0,3560.0,17.0,0.48,hold,0,24.152
2026-04-07T16:20:53Z,NVDA_20260407_1618,NVDA,,1358.0,1345.0,1315.0,1315.0,-43.0,-3.17,hold,0,24.152
2026-04-07T16:21:02Z,AMZN_20260407_1617,AMZN,,1797.0,1779.0,1744.0,1744.0,-53.0,-2.95,hold,0,24.152
2026-04-07T16:21:43Z,QQQ_20260407_1619,QQQ,,3075.0,3045.0,3045.0,3045.0,-30.0,-0.98,hold,0,31.152
2026-04-07T16:22:09Z,GOOGL_20260407_1617,GOOGL,,2168.0,2146.0,2190.0,2190.0,22.0,1.01,hold,0,24.151
2026-04-07T16:22:50Z,SPY_20260407_1619,SPY,,3091.0,3060.0,3143.0,3143.0,52.0,1.68,hold,0,31.151
2026-04-07T16:24:11Z,META_20260407_1617,META,,5556.0,5501.0,5501.0,5501.0,-55.0,-0.99,hold,0,24.15
2026-04-07T16:24:28Z,TSLA_20260407_1618,TSLA,,3543.0,3508.0,3530.0,3560.0,-13.0,-0.37,hold,0,24.15
2026-04-07T16:24:42Z,NVDA_20260407_1618,NVDA,,1358.0,1345.0,1320.0,1320.0,-38.0,-2.8,hold,0,24.15
2026-04-07T16:24:50Z,AMZN_20260407_1617,AMZN,,1797.0,1779.0,1744.0,1744.0,-53.0,-2.95,hold,0,24.149
2026-04-07T16:25:21Z,QQQ_20260407_1619,QQQ,,3075.0,3045.0,3045.0,3045.0,-30.0,-0.98,hold,0,31.149
2026-04-07T16:25:38Z,GOOGL_20260407_1617,GOOGL,,2168.0,2146.0,2190.0,2190.0,22.0,1.01,hold,0,24.149
2026-04-07T16:26:19Z,SPY_20260407_1619,SPY,,3091.0,3060.0,3143.0,3143.0,52.0,1.68,hold,0,31.148
2026-04-07T16:27:45Z,META_20260407_1625,META,,5708.0,5651.0,5651.0,5651.0,-57.0,-1.0,hold,0,24.147
2026-04-07T16:28:01Z,TSLA_20260407_1626,TSLA,,3580.0,3545.0,3570.0,3570.0,-10.0,-0.28,hold,0,24.147
2026-04-07T16:28:10Z,AMZN_20260407_1625,AMZN,,1762.0,1744.0,1725.0,1725.0,-37.0,-2.1,hold,0,24.147
2026-04-07T16:28:39Z,QQQ_20260407_1627,QQQ,,3028.0,2998.0,2998.0,2998.0,-30.0,-0.99,hold,0,31.147
2026-04-07T16:28:53Z,GOOGL_20260407_1625,GOOGL,,2212.0,2190.0,2195.0,2195.0,-17.0,-0.77,hold,0,24.147
2026-04-07T16:29:30Z,SPY_20260407_1626,SPY,,3182.0,3151.0,3151.0,3151.0,-31.0,-0.97,hold,0,31.146
2026-04-07T16:31:30Z,META_20260407_1625,META,,5708.0,5651.0,5651.0,5651.0,-57.0,-1.0,hold,0,24.145
2026-04-07T16:31:44Z,TSLA_20260407_1626,TSLA,,3580.0,3545.0,3573.0,3573.0,-7.0,-0.2,hold,0,24.145
2026-04-07T16:31:51Z,AMZN_20260407_1625,AMZN,,1762.0,1744.0,1730.0,1730.0,-32.0,-1.82,hold,0,24.145
2026-04-07T16:32:17Z,QQQ_20260407_1627,QQQ,,3028.0,2998.0,2998.0,2998.0,-30.0,-0.99,hold,0,31.144
2026-04-07T16:32:29Z,GOOGL_20260407_1625,GOOGL,,2212.0,2190.0,2195.0,2195.0,-17.0,-0.77,hold,0,24.144
2026-04-07T16:33:09Z,SPY_20260407_1626,SPY,,3182.0,3151.0,3085.0,3151.0,-97.0,-3.05,hold,0,31.144
2026-04-07T16:34:28Z,META_20260407_1625,META,,5708.0,5651.0,5651.0,5651.0,-57.0,-1.0,hold,0,24.143
2026-04-07T16:34:46Z,TSLA_20260407_1626,TSLA,,3580.0,3545.0,3554.0,3573.0,-26.0,-0.73,hold,0,24.143
2026-04-07T16:34:54Z,AMZN_20260407_1625,AMZN,,1762.0,1744.0,1730.0,1730.0,-32.0,-1.82,hold,0,24.142
2026-04-07T16:35:30Z,QQQ_20260407_1627,QQQ,,3028.0,2998.0,2998.0,2998.0,-30.0,-0.99,hold,0,31.142
2026-04-07T16:35:48Z,GOOGL_20260407_1625,GOOGL,,2212.0,2190.0,2195.0,2195.0,-17.0,-0.77,hold,0,24.142
2026-04-07T16:36:29Z,SPY_20260407_1626,SPY,,3182.0,3151.0,3096.0,3151.0,-86.0,-2.7,hold,0,31.141
2026-04-07T16:37:48Z,META_20260407_1633,META,,5565.0,5510.0,5510.0,5510.0,-55.0,-0.99,hold,0,24.14
2026-04-07T16:38:07Z,TSLA_20260407_1633,TSLA,,3616.0,3580.0,3554.0,3554.0,-62.0,-1.71,hold,0,24.14
2026-04-07T16:38:16Z,AMZN_20260407_1632,AMZN,,1747.0,1730.0,1730.0,1730.0,-17.0,-0.97,hold,0,24.14
2026-04-07T16:38:29Z,GOOGL_20260407_1633,GOOGL,,2217.0,2195.0,2195.0,2195.0,-22.0,-0.99,hold,0,24.14
2026-04-07T16:38:56Z,QQQ_20260407_1635,QQQ,,3028.0,2998.0,2998.0,2998.0,-30.0,-0.99,hold,0,31.14
2026-04-07T16:39:36Z,SPY_20260407_1634,SPY,,3082.0,3051.0,3019.0,3019.0,-63.0,-2.04,hold,0,31.139
2026-04-07T16:39:47Z,AAPL_20260407_1632,AAPL,,1927.0,1907.0,1910.0,1910.0,-17.0,-0.88,hold,0,31.139
2026-04-07T16:41:06Z,META_20260407_1633,META,,5565.0,5510.0,5535.0,5535.0,-30.0,-0.54,hold,0,24.138
2026-04-07T16:41:26Z,TSLA_20260407_1633,TSLA,,3616.0,3580.0,3575.0,3575.0,-41.0,-1.13,hold,0,24.138
2026-04-07T16:41:34Z,AMZN_20260407_1632,AMZN,,1747.0,1730.0,1730.0,1730.0,-17.0,-0.97,hold,0,24.138
2026-04-07T16:41:50Z,GOOGL_20260407_1633,GOOGL,,2217.0,2195.0,2195.0,2195.0,-22.0,-0.99,hold,0,24.138
2026-04-07T16:42:19Z,QQQ_20260407_1635,QQQ,,3028.0,2998.0,2998.0,2998.0,-30.0,-0.99,hold,0,31.137
2026-04-07T16:43:05Z,SPY_20260407_1634,SPY,,3082.0,3051.0,3036.0,3036.0,-46.0,-1.49,hold,0,31.137
2026-04-07T16:43:16Z,AAPL_20260407_1632,AAPL,,1927.0,1907.0,1925.0,1925.0,-2.0,-0.1,hold,0,31.137
2026-04-07T16:44:26Z,NVDA_20260407_1641,NVDA,,1341.0,1328.0,1323.0,1323.0,-18.0,-1.34,hold,0,24.136
2026-04-07T16:44:34Z,AMZN_20260407_1640,AMZN,,1747.0,1730.0,1730.0,1730.0,-17.0,-0.97,hold,0,24.136
2026-04-07T16:44:47Z,GOOGL_20260407_1640,GOOGL,,2217.0,2195.0,2195.0,2195.0,-22.0,-0.99,hold,0,24.136
2026-04-07T16:45:21Z,QQQ_20260407_1642,QQQ,,3075.0,3045.0,3045.0,3045.0,-30.0,-0.98,hold,0,31.135
2026-04-07T16:46:06Z,SPY_20260407_1642,SPY,,3066.0,3036.0,3036.0,3036.0,-30.0,-0.98,hold,0,31.135
2026-04-07T16:46:15Z,AAPL_20260407_1640,AAPL,,1928.0,1909.0,1918.0,1918.0,-10.0,-0.52,hold,0,31.135
2026-04-07T16:47:24Z,NVDA_20260407_1641,NVDA,,1341.0,1328.0,1339.0,1339.0,-2.0,-0.15,hold,0,24.134
2026-04-07T16:47:33Z,AMZN_20260407_1640,AMZN,,1747.0,1730.0,1730.0,1730.0,-17.0,-0.97,hold,0,24.134
2026-04-07T16:47:47Z,GOOGL_20260407_1640,GOOGL,,2217.0,2195.0,2195.0,2195.0,-22.0,-0.99,hold,0,24.133
2026-04-07T16:48:16Z,QQQ_20260407_1642,QQQ,,3075.0,3045.0,3045.0,3045.0,-30.0,-0.98,hold,0,31.133
2026-04-07T16:48:50Z,SPY_20260407_1642,SPY,,3066.0,3036.0,3036.0,3036.0,-30.0,-0.98,hold,0,31.133
2026-04-07T16:49:01Z,AAPL_20260407_1640,AAPL,,1928.0,1909.0,1919.0,1919.0,-9.0,-0.47,hold,0,31.133
2026-04-07T16:50:12Z,MSFT_20260407_1648,MSFT,,2638.0,2612.0,2612.0,2612.0,-26.0,-0.99,hold,0,24.132
2026-04-07T16:50:22Z,AMZN_20260407_1648,AMZN,,1747.0,1730.0,1730.0,1730.0,-17.0,-0.97,hold,0,24.132
2026-04-07T16:50:36Z,NVDA_20260407_1648,NVDA,,1089.0,1078.0,1075.0,1075.0,-14.0,-1.29,hold,0,24.132
2026-04-07T16:50:49Z,GOOGL_20260407_1648,GOOGL,,2217.0,2195.0,2195.0,2195.0,-22.0,-0.99,hold,0,24.131
2026-04-07T16:51:16Z,QQQ_20260407_1649,QQQ,,3075.0,3045.0,3045.0,3045.0,-30.0,-0.98,hold,0,31.131
2026-04-07T16:52:29Z,SPY_20260407_1649,SPY,,3035.0,3005.0,3005.0,3005.0,-30.0,-0.99,hold,0,31.13
2026-04-07T16:52:41Z,AAPL_20260407_1647,AAPL,,1937.0,1918.0,1911.0,1911.0,-26.0,-1.34,hold,0,31.13
2026-04-07T16:53:49Z,MSFT_20260407_1648,MSFT,,2638.0,2612.0,2604.0,2612.0,-34.0,-1.29,hold,0,24.129
2026-04-07T16:53:56Z,AMZN_20260407_1648,AMZN,,1747.0,1730.0,1737.0,1737.0,-10.0,-0.57,hold,0,24.129
2026-04-07T16:54:09Z,NVDA_20260407_1648,NVDA,,1089.0,1078.0,1075.0,1075.0,-14.0,-1.29,hold,0,24.129
2026-04-07T16:54:24Z,GOOGL_20260407_1648,GOOGL,,2217.0,2195.0,2200.0,2200.0,-17.0,-0.77,hold,0,24.129
2026-04-07T16:54:51Z,QQQ_20260407_1649,QQQ,,3075.0,3045.0,3005.0,3045.0,-70.0,-2.28,hold,0,31.129
2026-04-07T16:55:30Z,SPY_20260407_1649,SPY,,3035.0,3005.0,2988.0,3005.0,-47.0,-1.55,hold,0,31.128
2026-04-07T16:55:40Z,AAPL_20260407_1647,AAPL,,1937.0,1918.0,1915.0,1915.0,-22.0,-1.14,hold,0,31.128
2026-04-07T16:56:50Z,MSFT_20260407_1648,MSFT,,2638.0,2612.0,2604.0,2612.0,-34.0,-1.29,hold,0,24.127
2026-04-07T16:56:57Z,AMZN_20260407_1648,AMZN,,1747.0,1730.0,1737.0,1737.0,-10.0,-0.57,hold,0,24.127
2026-04-07T16:57:11Z,NVDA_20260407_1648,NVDA,,1089.0,1078.0,1077.0,1077.0,-12.0,-1.1,hold,0,24.127
2026-04-07T16:57:26Z,GOOGL_20260407_1648,GOOGL,,2217.0,2195.0,2204.0,2204.0,-13.0,-0.59,hold,0,24.127
2026-04-07T16:57:52Z,QQQ_20260407_1649,QQQ,,3075.0,3045.0,3005.0,3045.0,-70.0,-2.28,hold,0,31.126
2026-04-07T16:58:25Z,SPY_20260407_1649,SPY,,3035.0,3005.0,2988.0,3005.0,-47.0,-1.55,hold,0,31.126
2026-04-07T16:58:36Z,AAPL_20260407_1647,AAPL,,1937.0,1918.0,1913.0,1915.0,-24.0,-1.24,hold,0,31.126
2026-04-07T16:59:44Z,MSFT_20260407_1656,MSFT,,2630.0,2604.0,2604.0,2604.0,-26.0,-0.99,hold,0,24.125
2026-04-07T16:59:56Z,NVDA_20260407_1656,NVDA,,1352.0,1339.0,1339.0,1339.0,-13.0,-0.96,hold,0,24.125
2026-04-07T17:00:32Z,TSLA_20260407_1656,TSLA,,3389.0,3356.0,3355.0,3355.0,-34.0,-1.0,hold,0,24.125
2026-04-07T17:00:42Z,AMZN_20260407_1655,AMZN,,1754.0,1737.0,1735.0,1735.0,-19.0,-1.08,hold,0,24.125
2026-04-07T17:00:57Z,GOOGL_20260407_1655,GOOGL,,2226.0,2204.0,2195.0,2195.0,-31.0,-1.39,hold,0,24.124
2026-04-07T17:02:02Z,QQQ_20260407_1657,QQQ,,3035.0,3005.0,3013.0,3013.0,-22.0,-0.72,hold,0,31.124
2026-04-07T17:02:45Z,SPY_20260407_1657,SPY,,3066.0,3036.0,3089.0,3089.0,23.0,0.75,hold,0,31.123
2026-04-07T17:02:58Z,AAPL_20260407_1655,AAPL,,1934.0,1915.0,1930.0,1930.0,-4.0,-0.21,hold,0,31.123
2026-04-07T17:04:05Z,MSFT_20260407_1656,MSFT,,2630.0,2604.0,2707.0,2707.0,77.0,2.93,hold,0,24.122
2026-04-07T17:04:18Z,NVDA_20260407_1656,NVDA,,1352.0,1339.0,1344.0,1344.0,-8.0,-0.59,hold,0,24.122
2026-04-07T17:04:34Z,TSLA_20260407_1656,TSLA,,3389.0,3356.0,3320.0,3355.0,-69.0,-2.04,hold,0,24.122
2026-04-07T17:04:48Z,AMZN_20260407_1655,AMZN,,1754.0,1737.0,1735.0,1735.0,-19.0,-1.08,hold,0,24.122
2026-04-07T17:05:06Z,GOOGL_20260407_1655,GOOGL,,2226.0,2204.0,2195.0,2195.0,-31.0,-1.39,hold,0,24.121
2026-04-07T17:05:36Z,QQQ_20260407_1657,QQQ,,3035.0,3005.0,3013.0,3013.0,-22.0,-0.72,hold,0,31.121
2026-04-07T17:06:28Z,SPY_20260407_1657,SPY,,3066.0,3036.0,3094.0,3094.0,28.0,0.91,hold,0,31.12
2026-04-07T17:06:39Z,AAPL_20260407_1655,AAPL,,1934.0,1915.0,1915.0,1930.0,-19.0,-0.98,hold,0,31.12
2026-04-07T17:08:00Z,META_20260407_1703,META,,5145.0,5094.0,5094.0,5094.0,-51.0,-0.99,hold,0,24.119
2026-04-07T17:08:13Z,MSFT_20260407_1704,MSFT,,2734.0,2707.0,2707.0,2707.0,-27.0,-0.99,hold,0,24.119
2026-04-07T17:08:21Z,AMZN_20260407_1703,AMZN,,1753.0,1735.0,1735.0,1735.0,-18.0,-1.03,hold,0,24.119
2026-04-07T17:08:48Z,TSLA_20260407_1704,TSLA,,3353.0,3320.0,3318.0,3318.0,-35.0,-1.04,hold,0,24.119
2026-04-07T17:09:03Z,GOOGL_20260407_1703,GOOGL,,2217.0,2195.0,2177.0,2177.0,-40.0,-1.8,hold,0,24.119
2026-04-07T17:09:14Z,NVDA_20260407_1704,NVDA,,1092.0,1081.0,1074.0,1074.0,-18.0,-1.65,hold,0,24.119
2026-04-07T17:09:43Z,QQQ_20260407_1705,QQQ,,3142.0,3111.0,3111.0,3111.0,-31.0,-0.99,hold,0,31.118
2026-04-07T17:10:19Z,SPY_20260407_1705,SPY,,3122.0,3091.0,3045.0,3045.0,-77.0,-2.47,hold,0,31.118
2026-04-07T17:10:28Z,AAPL_20260407_1703,AAPL,,1949.0,1930.0,1920.0,1920.0,-29.0,-1.49,hold,0,31.118
2026-04-07T17:11:49Z,META_20260407_1703,META,,5145.0,5094.0,5094.0,5094.0,-51.0,-0.99,hold,0,24.117
2026-04-07T17:12:00Z,MSFT_20260407_1704,MSFT,,2734.0,2707.0,2707.0,2707.0,-27.0,-0.99,hold,0,24.117
2026-04-07T17:12:09Z,AMZN_20260407_1703,AMZN,,1753.0,1735.0,1735.0,1735.0,-18.0,-1.03,hold,0,24.117
2026-04-07T17:12:31Z,TSLA_20260407_1704,TSLA,,3353.0,3320.0,3335.0,3335.0,-18.0,-0.54,hold,0,24.116
2026-04-07T17:12:46Z,GOOGL_20260407_1703,GOOGL,,2217.0,2195.0,2155.0,2177.0,-62.0,-2.8,hold,0,24.116
2026-04-07T17:12:58Z,NVDA_20260407_1704,NVDA,,1092.0,1081.0,1082.0,1082.0,-10.0,-0.92,hold,0,24.116
2026-04-07T17:13:26Z,QQQ_20260407_1705,QQQ,,3142.0,3111.0,3120.0,3120.0,-22.0,-0.7,hold,0,31.116
2026-04-07T17:14:00Z,SPY_20260407_1705,SPY,,3122.0,3091.0,3045.0,3045.0,-77.0,-2.47,hold,0,31.115
2026-04-07T17:14:10Z,AAPL_20260407_1703,AAPL,,1949.0,1930.0,1935.0,1935.0,-14.0,-0.72,hold,0,31.115
2026-04-07T17:15:22Z,MSFT_20260407_1711,MSFT,,2734.0,2707.0,2707.0,2707.0,-27.0,-0.99,hold,0,24.114
2026-04-07T17:15:32Z,AMZN_20260407_1711,AMZN,,1753.0,1735.0,1735.0,1735.0,-18.0,-1.03,hold,0,24.114
2026-04-07T17:15:50Z,GOOGL_20260407_1711,GOOGL,,2207.0,2185.0,2155.0,2155.0,-52.0,-2.36,hold,0,24.114
2026-04-07T17:16:02Z,NVDA_20260407_1711,NVDA,,1085.0,1074.0,1092.0,1092.0,7.0,0.65,hold,0,24.114
2026-04-07T17:16:27Z,QQQ_20260407_1713,QQQ,,3043.0,3013.0,2993.0,2993.0,-50.0,-1.64,hold,0,31.114
2026-04-07T17:17:01Z,SPY_20260407_1712,SPY,,3076.0,3045.0,3023.0,3023.0,-53.0,-1.72,hold,0,31.113
2026-04-07T17:17:11Z,AAPL_20260407_1711,AAPL,,1939.0,1920.0,1833.0,1833.0,-106.0,-5.47,hold,0,31.113
2026-04-07T17:18:22Z,MSFT_20260407_1711,MSFT,,2734.0,2707.0,2702.0,2707.0,-32.0,-1.17,hold,0,24.112
2026-04-07T17:18:30Z,AMZN_20260407_1711,AMZN,,1753.0,1735.0,1735.0,1735.0,-18.0,-1.03,hold,0,24.112
2026-04-07T17:18:50Z,GOOGL_20260407_1711,GOOGL,,2207.0,2185.0,2160.0,2160.0,-47.0,-2.13,hold,0,24.112
2026-04-07T17:19:04Z,NVDA_20260407_1711,NVDA,,1085.0,1074.0,1090.0,1092.0,5.0,0.46,hold,0,24.112
2026-04-07T17:19:28Z,QQQ_20260407_1713,QQQ,,3043.0,3013.0,2993.0,2993.0,-50.0,-1.64,hold,0,31.111
2026-04-07T17:20:02Z,SPY_20260407_1712,SPY,,3076.0,3045.0,3023.0,3023.0,-53.0,-1.72,hold,0,31.111
2026-04-07T17:20:14Z,AAPL_20260407_1711,AAPL,,1939.0,1920.0,1956.0,1956.0,17.0,0.88,hold,0,31.111
2026-04-07T17:21:22Z,MSFT_20260407_1719,MSFT,,2729.0,2702.0,2702.0,2702.0,-27.0,-0.99,hold,0,24.11
2026-04-07T17:21:29Z,AMZN_20260407_1718,AMZN,,1753.0,1735.0,1735.0,1735.0,-18.0,-1.03,hold,0,24.11
2026-04-07T17:21:47Z,GOOGL_20260407_1718,GOOGL,,2181.0,2160.0,2160.0,2160.0,-21.0,-0.96,hold,0,24.11
2026-04-07T17:21:59Z,NVDA_20260407_1719,NVDA,,1088.0,1077.0,1077.0,1077.0,-11.0,-1.01,hold,0,24.11
2026-04-07T17:22:24Z,QQQ_20260407_1720,QQQ,,3151.0,3120.0,3120.0,3120.0,-31.0,-0.98,hold,0,31.109
2026-04-07T17:23:00Z,SPY_20260407_1720,SPY,,3054.0,3023.0,3022.0,3022.0,-32.0,-1.05,hold,0,31.109
2026-04-07T17:23:10Z,AAPL_20260407_1718,AAPL,,1618.0,1602.0,1645.0,1645.0,27.0,1.67,hold,0,31.109
2026-04-07T17:24:18Z,MSFT_20260407_1719,MSFT,,2729.0,2702.0,2702.0,2702.0,-27.0,-0.99,hold,0,24.108
2026-04-07T17:24:25Z,AMZN_20260407_1718,AMZN,,1753.0,1735.0,1735.0,1735.0,-18.0,-1.03,hold,0,24.108
2026-04-07T17:24:39Z,GOOGL_20260407_1718,GOOGL,,2181.0,2160.0,2160.0,2160.0,-21.0,-0.96,hold,0,24.108
2026-04-07T17:24:51Z,NVDA_20260407_1719,NVDA,,1088.0,1077.0,1070.0,1077.0,-18.0,-1.65,hold,0,24.108
2026-04-07T17:25:18Z,QQQ_20260407_1720,QQQ,,3151.0,3120.0,3120.0,3120.0,-31.0,-0.98,hold,0,31.107
2026-04-07T17:25:54Z,SPY_20260407_1720,SPY,,3054.0,3023.0,3022.0,3022.0,-32.0,-1.05,hold,0,31.107
2026-04-07T17:26:05Z,AAPL_20260407_1718,AAPL,,1618.0,1602.0,1645.0,1645.0,27.0,1.67,hold,0,31.107
2026-04-07T17:27:14Z,MSFT_20260407_1719,MSFT,,2729.0,2702.0,2702.0,2702.0,-27.0,-0.99,hold,0,24.106
2026-04-07T17:27:22Z,AMZN_20260407_1718,AMZN,,1753.0,1735.0,1735.0,1735.0,-18.0,-1.03,hold,0,24.106
2026-04-07T17:27:35Z,GOOGL_20260407_1718,GOOGL,,2181.0,2160.0,2155.0,2160.0,-26.0,-1.19,hold,0,24.106
2026-04-07T17:27:46Z,NVDA_20260407_1719,NVDA,,1088.0,1077.0,1078.0,1078.0,-10.0,-0.92,hold,0,24.106
2026-04-07T17:28:14Z,QQQ_20260407_1720,QQQ,,3151.0,3120.0,3120.0,3120.0,-31.0,-0.98,hold,0,31.105
2026-04-07T17:28:49Z,SPY_20260407_1720,SPY,,3054.0,3023.0,3022.0,3022.0,-32.0,-1.05,hold,0,31.105
2026-04-07T17:28:58Z,AAPL_20260407_1718,AAPL,,1618.0,1602.0,1633.0,1645.0,15.0,0.93,hold,0,31.105
2026-04-07T17:30:08Z,MSFT_20260407_1726,MSFT,,2729.0,2702.0,2702.0,2702.0,-27.0,-0.99,hold,0,24.104
2026-04-07T17:30:18Z,AMZN_20260407_1726,AMZN,,1753.0,1735.0,1722.0,1722.0,-31.0,-1.77,hold,0,24.104
2026-04-07T17:30:42Z,GOOGL_20260407_1726,GOOGL,,2158.0,2137.0,2155.0,2155.0,-3.0,-0.14,hold,0,24.104
2026-04-07T17:30:54Z,NVDA_20260407_1726,NVDA,,1089.0,1078.0,1078.0,1078.0,-11.0,-1.01,hold,0,24.104
2026-04-07T17:31:21Z,QQQ_20260407_1728,QQQ,,3077.0,3047.0,3047.0,3047.0,-30.0,-0.97,hold,0,31.103
2026-04-07T17:32:27Z,SPY_20260407_1727,SPY,,3052.0,3022.0,3052.0,3052.0,0.0,0.0,hold,0,31.102
2026-04-07T17:32:37Z,AAPL_20260407_1726,AAPL,,1661.0,1645.0,1633.0,1633.0,-28.0,-1.69,hold,0,31.102
2026-04-07T17:33:44Z,MSFT_20260407_1726,MSFT,,2729.0,2702.0,2723.0,2723.0,-6.0,-0.22,hold,0,24.102
2026-04-07T17:33:53Z,AMZN_20260407_1726,AMZN,,1753.0,1735.0,1722.0,1722.0,-31.0,-1.77,hold,0,24.101
2026-04-07T17:34:06Z,GOOGL_20260407_1726,GOOGL,,2158.0,2137.0,2155.0,2155.0,-3.0,-0.14,hold,0,24.101
2026-04-07T17:34:18Z,NVDA_20260407_1726,NVDA,,1089.0,1078.0,1078.0,1078.0,-11.0,-1.01,hold,0,24.101
2026-04-07T17:34:55Z,QQQ_20260407_1728,QQQ,,3077.0,3047.0,3047.0,3047.0,-30.0,-0.97,hold,0,31.101
2026-04-07T17:35:30Z,SPY_20260407_1727,SPY,,3052.0,3022.0,3072.0,3072.0,20.0,0.66,hold,0,31.1
2026-04-07T17:35:43Z,AAPL_20260407_1726,AAPL,,1661.0,1645.0,1653.0,1653.0,-8.0,-0.48,hold,0,31.1
2026-04-07T17:36:53Z,MSFT_20260407_1734,MSFT,,2750.0,2723.0,2723.0,2723.0,-27.0,-0.98,hold,0,24.099
2026-04-07T17:37:06Z,NVDA_20260407_1734,NVDA,,1348.0,1335.0,1337.0,1337.0,-11.0,-0.82,hold,0,24.099
2026-04-07T17:37:14Z,AMZN_20260407_1733,AMZN,,1740.0,1722.0,1722.0,1722.0,-18.0,-1.03,hold,0,24.099
2026-04-07T17:37:29Z,GOOGL_20260407_1733,GOOGL,,2177.0,2155.0,2150.0,2150.0,-27.0,-1.24,hold,0,24.099
2026-04-07T17:37:56Z,QQQ_20260407_1735,QQQ,,3050.0,3020.0,3020.0,3020.0,-30.0,-0.98,hold,0,31.099
2026-04-07T17:38:29Z,SPY_20260407_1735,SPY,,3106.0,3076.0,3076.0,3076.0,-30.0,-0.97,hold,0,31.098
2026-04-07T17:38:40Z,AAPL_20260407_1733,AAPL,,1669.0,1653.0,1670.0,1670.0,1.0,0.06,hold,0,31.098
2026-04-07T17:39:48Z,MSFT_20260407_1734,MSFT,,2750.0,2723.0,2723.0,2723.0,-27.0,-0.98,hold,0,24.097
2026-04-07T17:40:00Z,NVDA_20260407_1734,NVDA,,1348.0,1335.0,1337.0,1337.0,-11.0,-0.82,hold,0,24.097
2026-04-07T17:40:10Z,AMZN_20260407_1733,AMZN,,1740.0,1722.0,1722.0,1722.0,-18.0,-1.03,hold,0,24.097
2026-04-07T17:40:26Z,GOOGL_20260407_1733,GOOGL,,2177.0,2155.0,2155.0,2155.0,-22.0,-1.01,hold,0,24.097
2026-04-07T17:41:01Z,QQQ_20260407_1735,QQQ,,3050.0,3020.0,3020.0,3020.0,-30.0,-0.98,hold,0,31.097
2026-04-07T17:41:37Z,SPY_20260407_1735,SPY,,3106.0,3076.0,3076.0,3076.0,-30.0,-0.97,hold,0,31.096
2026-04-07T17:41:47Z,AAPL_20260407_1733,AAPL,,1669.0,1653.0,1670.0,1670.0,1.0,0.06,hold,0,31.096
2026-04-07T17:42:54Z,MSFT_20260407_1734,MSFT,,2750.0,2723.0,2718.0,2723.0,-32.0,-1.16,hold,0,24.095
2026-04-07T17:43:06Z,NVDA_20260407_1734,NVDA,,1348.0,1335.0,1337.0,1337.0,-11.0,-0.82,hold,0,24.095
2026-04-07T17:43:15Z,AMZN_20260407_1733,AMZN,,1740.0,1722.0,1723.0,1723.0,-17.0,-0.98,hold,0,24.095
2026-04-07T17:43:33Z,GOOGL_20260407_1733,GOOGL,,2177.0,2155.0,2155.0,2155.0,-22.0,-1.01,hold,0,24.095
2026-04-07T17:43:58Z,QQQ_20260407_1735,QQQ,,3050.0,3020.0,3108.0,3108.0,58.0,1.9,hold,0,31.094
2026-04-07T17:44:32Z,SPY_20260407_1735,SPY,,3106.0,3076.0,3076.0,3076.0,-30.0,-0.97,hold,0,31.094
2026-04-07T17:44:41Z,AAPL_20260407_1733,AAPL,,1669.0,1653.0,1670.0,1670.0,1.0,0.06,hold,0,31.094
2026-04-07T17:45:59Z,META_20260407_1741,META,,5696.0,5640.0,5502.0,5502.0,-194.0,-3.41,hold,0,24.093
2026-04-07T17:46:07Z,AMZN_20260407_1741,AMZN,,1740.0,1722.0,1723.0,1723.0,-17.0,-0.98,hold,0,24.093
2026-04-07T17:46:19Z,NVDA_20260407_1741,NVDA,,1091.0,1080.0,1085.0,1085.0,-6.0,-0.55,hold,0,24.093
2026-04-07T17:46:31Z,GOOGL_20260407_1741,GOOGL,,2177.0,2155.0,2155.0,2155.0,-22.0,-1.01,hold,0,24.093
2026-04-07T17:47:17Z,QQQ_20260407_1743,QQQ,,3139.0,3108.0,3108.0,3108.0,-31.0,-0.99,hold,0,31.092
2026-04-07T17:48:18Z,SPY_20260407_1742,SPY,,3106.0,3076.0,3076.0,3076.0,-30.0,-0.97,hold,0,31.091
2026-04-07T17:48:28Z,AAPL_20260407_1740,AAPL,,1686.0,1670.0,1670.0,1670.0,-16.0,-0.95,hold,0,31.091
2026-04-07T17:49:47Z,META_20260407_1741,META,,5696.0,5640.0,5537.0,5537.0,-159.0,-2.79,hold,0,24.09
2026-04-07T17:49:54Z,AMZN_20260407_1741,AMZN,,1740.0,1722.0,1723.0,1723.0,-17.0,-0.98,hold,0,24.09
2026-04-07T17:50:09Z,NVDA_20260407_1741,NVDA,,1091.0,1080.0,1085.0,1085.0,-6.0,-0.55,hold,0,24.09
2026-04-07T17:50:26Z,GOOGL_20260407_1741,GOOGL,,2177.0,2155.0,2215.0,2215.0,38.0,1.75,hold,0,24.09
2026-04-07T17:50:56Z,QQQ_20260407_1743,QQQ,,3139.0,3108.0,3095.0,3108.0,-44.0,-1.4,hold,0,31.09
2026-04-07T17:51:34Z,SPY_20260407_1742,SPY,,3106.0,3076.0,3124.0,3124.0,18.0,0.58,hold,0,31.089
2026-04-07T17:51:45Z,AAPL_20260407_1740,AAPL,,1686.0,1670.0,1630.0,1670.0,-56.0,-3.32,hold,0,31.089
2026-04-07T17:52:53Z,MSFT_20260407_1749,MSFT,,2745.0,2718.0,2718.0,2718.0,-27.0,-0.98,hold,0,24.088
2026-04-07T17:53:00Z,AMZN_20260407_1748,AMZN,,1741.0,1723.0,1795.0,1795.0,54.0,3.1,hold,0,24.088
2026-04-07T17:53:16Z,TSLA_20260407_1749,TSLA,,3371.0,3338.0,3343.0,3343.0,-28.0,-0.83,hold,0,24.088
2026-04-07T17:53:30Z,GOOGL_20260407_1748,GOOGL,,2177.0,2155.0,2215.0,2215.0,38.0,1.75,hold,0,24.088
2026-04-07T17:53:41Z,NVDA_20260407_1749,NVDA,,1096.0,1085.0,1071.0,1071.0,-25.0,-2.28,hold,0,24.088
2026-04-07T17:54:10Z,QQQ_20260407_1750,QQQ,,3108.0,3078.0,3078.0,3078.0,-30.0,-0.97,hold,0,31.087
2026-04-07T17:54:49Z,SPY_20260407_1750,SPY,,3079.0,3048.0,3036.0,3036.0,-43.0,-1.4,hold,0,31.087
2026-04-07T17:54:59Z,AAPL_20260407_1748,AAPL,,1686.0,1670.0,1633.0,1633.0,-53.0,-3.14,hold,0,31.087
2026-04-07T17:56:08Z,MSFT_20260407_1749,MSFT,,2745.0,2718.0,2718.0,2718.0,-27.0,-0.98,hold,0,24.086
2026-04-07T17:56:16Z,AMZN_20260407_1748,AMZN,,1741.0,1723.0,1795.0,1795.0,54.0,3.1,hold,0,24.086
2026-04-07T17:56:33Z,TSLA_20260407_1749,TSLA,,3371.0,3338.0,3285.0,3343.0,-86.0,-2.55,hold,0,24.086
2026-04-07T17:56:46Z,GOOGL_20260407_1748,GOOGL,,2177.0,2155.0,2180.0,2215.0,3.0,0.14,hold,0,24.086
2026-04-07T17:56:59Z,NVDA_20260407_1749,NVDA,,1096.0,1085.0,1071.0,1071.0,-25.0,-2.28,hold,0,24.085
2026-04-07T17:57:26Z,QQQ_20260407_1750,QQQ,,3108.0,3078.0,3154.0,3154.0,46.0,1.48,hold,0,31.085
2026-04-07T17:57:59Z,SPY_20260407_1750,SPY,,3079.0,3048.0,3036.0,3036.0,-43.0,-1.4,hold,0,31.085
2026-04-07T17:58:09Z,AAPL_20260407_1748,AAPL,,1686.0,1670.0,1628.0,1633.0,-58.0,-3.44,hold,0,31.085
2026-04-07T17:59:26Z,META_20260407_1757,META,,5145.0,5094.0,5094.0,5094.0,-51.0,-0.99,hold,0,24.084
2026-04-07T17:59:34Z,AMZN_20260407_1756,AMZN,,1813.0,1795.0,1767.0,1767.0,-46.0,-2.54,hold,0,24.084
2026-04-07T17:59:45Z,MSFT_20260407_1757,MSFT,,2745.0,2718.0,2733.0,2733.0,-12.0,-0.44,hold,0,24.084
2026-04-07T17:59:57Z,GOOGL_20260407_1756,GOOGL,,2202.0,2180.0,2180.0,2180.0,-22.0,-1.0,hold,0,24.083
2026-04-07T18:00:26Z,TSLA_20260407_1757,TSLA,,3360.0,3327.0,3317.0,3317.0,-43.0,-1.28,hold,0,24.083
2026-04-07T18:00:41Z,NVDA_20260407_1757,NVDA,,1082.0,1071.0,1086.0,1086.0,4.0,0.37,hold,0,24.083
2026-04-07T18:00:53Z,AAPL_20260407_1756,AAPL,,1649.0,1633.0,1628.0,1628.0,-21.0,-1.27,hold,0,31.083
2026-04-07T18:02:16Z,QQQ_20260407_1758,QQQ,,3184.0,3153.0,3153.0,3153.0,-31.0,-0.97,hold,0,31.082
2026-04-07T18:02:56Z,SPY_20260407_1758,SPY,,3160.0,3129.0,3129.0,3129.0,-31.0,-0.98,hold,0,31.081
2026-04-07T18:04:13Z,META_20260407_1757,META,,5145.0,5094.0,5094.0,5094.0,-51.0,-0.99,hold,0,24.08
2026-04-07T18:04:22Z,AMZN_20260407_1756,AMZN,,1813.0,1795.0,1758.0,1767.0,-55.0,-3.03,hold,0,24.08
2026-04-07T18:04:34Z,MSFT_20260407_1757,MSFT,,2745.0,2718.0,2733.0,2733.0,-12.0,-0.44,hold,0,24.08
2026-04-07T18:04:48Z,GOOGL_20260407_1756,GOOGL,,2202.0,2180.0,2180.0,2180.0,-22.0,-1.0,hold,0,24.08
2026-04-07T18:05:04Z,TSLA_20260407_1757,TSLA,,3360.0,3327.0,3339.0,3339.0,-21.0,-0.62,hold,0,24.08
2026-04-07T18:05:17Z,NVDA_20260407_1757,NVDA,,1082.0,1071.0,1072.0,1086.0,-10.0,-0.92,hold,0,24.08
2026-04-07T18:05:29Z,AAPL_20260407_1756,AAPL,,1649.0,1633.0,1675.0,1675.0,26.0,1.58,hold,0,31.08
2026-04-07T18:06:05Z,QQQ_20260407_1758,QQQ,,3184.0,3153.0,3153.0,3153.0,-31.0,-0.97,hold,0,31.079
2026-04-07T18:06:51Z,SPY_20260407_1758,SPY,,3160.0,3129.0,3129.0,3129.0,-31.0,-0.98,hold,0,31.079
2026-04-07T18:08:00Z,MSFT_20260407_1804,MSFT,,2760.0,2733.0,2713.0,2713.0,-47.0,-1.7,hold,0,24.078
2026-04-07T18:08:09Z,AMZN_20260407_1804,AMZN,,1775.0,1758.0,1758.0,1758.0,-17.0,-0.96,hold,0,24.078
2026-04-07T18:08:24Z,GOOGL_20260407_1804,GOOGL,,2202.0,2180.0,2171.0,2171.0,-31.0,-1.41,hold,0,24.077
2026-04-07T18:08:41Z,TSLA_20260407_1805,TSLA,,3372.0,3339.0,3328.0,3328.0,-44.0,-1.3,hold,0,24.077
2026-04-07T18:08:54Z,NVDA_20260407_1805,NVDA,,1086.0,1075.0,1060.0,1060.0,-26.0,-2.39,hold,0,24.077
2026-04-07T18:09:03Z,AAPL_20260407_1804,AAPL,,2016.0,1996.0,1935.0,1935.0,-81.0,-4.02,hold,0,31.077
2026-04-07T18:09:28Z,QQQ_20260407_1806,QQQ,,3184.0,3153.0,3163.0,3163.0,-21.0,-0.66,hold,0,31.077
2026-04-07T18:10:05Z,SPY_20260407_1806,SPY,,3107.0,3076.0,3088.0,3088.0,-19.0,-0.61,hold,0,31.076
2026-04-07T18:11:12Z,MSFT_20260407_1804,MSFT,,2760.0,2733.0,2713.0,2713.0,-47.0,-1.7,hold,0,24.076
2026-04-07T18:11:19Z,AMZN_20260407_1804,AMZN,,1775.0,1758.0,1758.0,1758.0,-17.0,-0.96,hold,0,24.075
2026-04-07T18:11:33Z,GOOGL_20260407_1804,GOOGL,,2202.0,2180.0,2162.0,2171.0,-40.0,-1.82,hold,0,24.075
2026-04-07T18:11:47Z,TSLA_20260407_1805,TSLA,,3372.0,3339.0,3352.0,3352.0,-20.0,-0.59,hold,0,24.075
2026-04-07T18:11:58Z,NVDA_20260407_1805,NVDA,,1086.0,1075.0,1060.0,1060.0,-26.0,-2.39,hold,0,24.075
2026-04-07T18:12:07Z,AAPL_20260407_1804,AAPL,,2016.0,1996.0,1935.0,1935.0,-81.0,-4.02,hold,0,31.075
2026-04-07T18:12:34Z,QQQ_20260407_1806,QQQ,,3184.0,3153.0,3147.0,3163.0,-37.0,-1.16,hold,0,31.075
2026-04-07T18:13:15Z,SPY_20260407_1806,SPY,,3107.0,3076.0,3088.0,3088.0,-19.0,-0.61,hold,0,31.074
2026-04-07T18:14:24Z,MSFT_20260407_1804,MSFT,,2760.0,2733.0,2713.0,2713.0,-47.0,-1.7,hold,0,24.073
2026-04-07T18:14:33Z,AMZN_20260407_1804,AMZN,,1775.0,1758.0,1746.0,1758.0,-29.0,-1.63,hold,0,24.073
2026-04-07T18:14:47Z,GOOGL_20260407_1804,GOOGL,,2202.0,2180.0,2162.0,2171.0,-40.0,-1.82,hold,0,24.073
2026-04-07T18:15:03Z,TSLA_20260407_1805,TSLA,,3372.0,3339.0,3311.0,3352.0,-61.0,-1.81,hold,0,24.073
2026-04-07T18:15:16Z,NVDA_20260407_1805,NVDA,,1086.0,1075.0,1085.0,1085.0,-1.0,-0.09,hold,0,24.073
2026-04-07T18:15:27Z,AAPL_20260407_1804,AAPL,,2016.0,1996.0,1935.0,1935.0,-81.0,-4.02,hold,0,31.073
2026-04-07T18:16:01Z,QQQ_20260407_1806,QQQ,,3184.0,3153.0,3147.0,3163.0,-37.0,-1.16,hold,0,31.072
2026-04-07T18:16:37Z,SPY_20260407_1806,SPY,,3107.0,3076.0,3075.0,3088.0,-32.0,-1.03,hold,0,31.072
2026-04-07T18:17:46Z,MSFT_20260407_1812,MSFT,,2740.0,2713.0,2643.0,2643.0,-97.0,-3.54,hold,0,24.071
2026-04-07T18:17:53Z,AMZN_20260407_1812,AMZN,,1763.0,1746.0,1746.0,1746.0,-17.0,-0.96,hold,0,24.071
2026-04-07T18:18:07Z,GOOGL_20260407_1812,GOOGL,,2184.0,2162.0,2126.0,2126.0,-58.0,-2.66,hold,0,24.071
2026-04-07T18:18:23Z,TSLA_20260407_1813,TSLA,,3344.0,3311.0,3310.0,3310.0,-34.0,-1.02,hold,0,24.071
2026-04-07T18:18:35Z,AAPL_20260407_1812,AAPL,,1692.0,1675.0,1675.0,1675.0,-17.0,-1.0,hold,0,31.07
2026-04-07T18:18:46Z,NVDA_20260407_1813,NVDA,,1071.0,1060.0,1085.0,1085.0,14.0,1.31,hold,0,24.07
2026-04-07T18:19:14Z,QQQ_20260407_1814,QQQ,,3178.0,3147.0,3147.0,3147.0,-31.0,-0.98,hold,0,31.07
2026-04-07T18:19:48Z,SPY_20260407_1813,SPY,,3106.0,3075.0,3075.0,3075.0,-31.0,-1.0,hold,0,31.07
2026-04-07T18:20:58Z,MSFT_20260407_1812,MSFT,,2740.0,2713.0,2643.0,2643.0,-97.0,-3.54,hold,0,24.069
2026-04-07T18:21:09Z,AMZN_20260407_1812,AMZN,,1763.0,1746.0,1759.0,1759.0,-4.0,-0.23,hold,0,24.069
2026-04-07T18:21:22Z,GOOGL_20260407_1812,GOOGL,,2184.0,2162.0,2126.0,2126.0,-58.0,-2.66,hold,0,24.068
2026-04-07T18:21:41Z,TSLA_20260407_1813,TSLA,,3344.0,3311.0,3310.0,3310.0,-34.0,-1.02,hold,0,24.068
2026-04-07T18:21:50Z,AAPL_20260407_1812,AAPL,,1692.0,1675.0,1675.0,1675.0,-17.0,-1.0,hold,0,31.068
2026-04-07T18:22:02Z,NVDA_20260407_1813,NVDA,,1071.0,1060.0,1080.0,1085.0,9.0,0.84,hold,0,24.068
2026-04-07T18:22:28Z,QQQ_20260407_1814,QQQ,,3178.0,3147.0,3147.0,3147.0,-31.0,-0.98,hold,0,31.068
2026-04-07T18:23:07Z,SPY_20260407_1813,SPY,,3106.0,3075.0,3075.0,3075.0,-31.0,-1.0,hold,0,31.067
2026-04-07T18:24:14Z,AMZN_20260407_1819,AMZN,,1785.0,1768.0,1759.0,1759.0,-26.0,-1.46,hold,0,24.067
2026-04-07T18:24:26Z,MSFT_20260407_1820,MSFT,,2670.0,2643.0,2643.0,2643.0,-27.0,-1.01,hold,0,24.066
2026-04-07T18:24:41Z,GOOGL_20260407_1820,GOOGL,,2147.0,2126.0,2126.0,2126.0,-21.0,-0.98,hold,0,24.066
2026-04-07T18:24:56Z,TSLA_20260407_1820,TSLA,,3343.0,3310.0,3324.0,3324.0,-19.0,-0.57,hold,0,24.066
2026-04-07T18:25:06Z,AAPL_20260407_1819,AAPL,,1692.0,1675.0,1675.0,1675.0,-17.0,-1.0,hold,0,31.066
2026-04-07T18:25:33Z,QQQ_20260407_1822,QQQ,,3224.0,3193.0,3193.0,3193.0,-31.0,-0.96,hold,0,31.066
2026-04-07T18:25:48Z,NVDA_20260407_1820,NVDA,,1091.0,1080.0,1089.0,1089.0,-2.0,-0.18,hold,0,24.065
2026-04-07T18:26:24Z,SPY_20260407_1821,SPY,,3106.0,3075.0,3048.0,3048.0,-58.0,-1.87,hold,0,31.065
2026-04-07T18:27:29Z,AMZN_20260407_1819,AMZN,,1785.0,1768.0,1759.0,1759.0,-26.0,-1.46,hold,0,24.064
2026-04-07T18:27:41Z,MSFT_20260407_1820,MSFT,,2670.0,2643.0,2643.0,2643.0,-27.0,-1.01,hold,0,24.064
2026-04-07T18:27:54Z,GOOGL_20260407_1820,GOOGL,,2147.0,2126.0,2121.0,2126.0,-26.0,-1.21,hold,0,24.064
2026-04-07T18:28:11Z,TSLA_20260407_1820,TSLA,,3343.0,3310.0,3320.0,3324.0,-23.0,-0.69,hold,0,24.064
2026-04-07T18:28:21Z,AAPL_20260407_1819,AAPL,,1692.0,1675.0,1660.0,1675.0,-32.0,-1.89,hold,0,31.064
2026-04-07T18:28:48Z,QQQ_20260407_1822,QQQ,,3224.0,3193.0,3193.0,3193.0,-31.0,-0.96,hold,0,31.063
2026-04-07T18:29:00Z,NVDA_20260407_1820,NVDA,,1091.0,1080.0,1085.0,1089.0,-6.0,-0.55,hold,0,24.063
2026-04-07T18:29:34Z,SPY_20260407_1821,SPY,,3106.0,3075.0,3045.0,3048.0,-61.0,-1.96,hold,0,31.063
2026-04-07T18:30:47Z,MSFT_20260407_1827,MSFT,,2670.0,2643.0,2643.0,2643.0,-27.0,-1.01,hold,0,24.062
2026-04-07T18:30:54Z,AMZN_20260407_1827,AMZN,,1776.0,1759.0,1759.0,1759.0,-17.0,-0.96,hold,0,24.062
2026-04-07T18:31:07Z,GOOGL_20260407_1827,GOOGL,,2142.0,2121.0,2121.0,2121.0,-21.0,-0.98,hold,0,24.062
2026-04-07T18:31:17Z,AAPL_20260407_1827,AAPL,,1676.0,1660.0,1665.0,1665.0,-11.0,-0.66,hold,0,31.062
2026-04-07T18:31:28Z,NVDA_20260407_1828,NVDA,,1096.0,1085.0,1085.0,1085.0,-11.0,-1.0,hold,0,24.061
2026-04-07T18:32:25Z,QQQ_20260407_1829,QQQ,,3224.0,3193.0,3193.0,3193.0,-31.0,-0.96,hold,0,31.061
2026-04-07T18:33:51Z,SPY_20260407_1828,SPY,,3076.0,3045.0,3045.0,3045.0,-31.0,-1.01,hold,0,31.06
2026-04-07T18:35:08Z,MSFT_20260407_1827,MSFT,,2670.0,2643.0,2643.0,2643.0,-27.0,-1.01,hold,0,24.059
2026-04-07T18:35:21Z,AMZN_20260407_1827,AMZN,,1776.0,1759.0,1759.0,1759.0,-17.0,-0.96,hold,0,24.059
2026-04-07T18:35:41Z,GOOGL_20260407_1827,GOOGL,,2142.0,2121.0,2121.0,2121.0,-21.0,-0.98,hold,0,24.059
2026-04-07T18:36:00Z,AAPL_20260407_1827,AAPL,,1676.0,1660.0,1665.0,1665.0,-11.0,-0.66,hold,0,31.058
2026-04-07T18:36:20Z,NVDA_20260407_1828,NVDA,,1096.0,1085.0,1084.0,1085.0,-12.0,-1.09,hold,0,24.058
2026-04-07T18:37:14Z,QQQ_20260407_1829,QQQ,,3224.0,3193.0,3193.0,3193.0,-31.0,-0.96,hold,0,31.057
2026-04-07T18:38:18Z,SPY_20260407_1828,SPY,,3076.0,3045.0,3065.0,3065.0,-11.0,-0.36,hold,0,31.057
2026-04-07T18:39:27Z,MSFT_20260407_1835,MSFT,,2670.0,2643.0,2643.0,2643.0,-27.0,-1.01,hold,0,24.056
2026-04-07T18:39:35Z,AMZN_20260407_1834,AMZN,,1776.0,1759.0,1759.0,1759.0,-17.0,-0.96,hold,0,24.056
2026-04-07T18:39:53Z,GOOGL_20260407_1835,GOOGL,,2142.0,2121.0,2121.0,2121.0,-21.0,-0.98,hold,0,24.056
2026-04-07T18:40:03Z,AAPL_20260407_1834,AAPL,,1681.0,1665.0,1665.0,1665.0,-16.0,-0.95,hold,0,31.056
2026-04-07T18:40:33Z,QQQ_20260407_1838,QQQ,,3224.0,3193.0,3193.0,3193.0,-31.0,-0.96,hold,0,31.055
2026-04-07T18:40:48Z,NVDA_20260407_1836,NVDA,,1097.0,1086.0,1091.0,1091.0,-6.0,-0.55,hold,0,24.055
2026-04-07T18:41:28Z,SPY_20260407_1837,SPY,,3105.0,3074.0,3065.0,3065.0,-40.0,-1.29,hold,0,31.055
2026-04-07T18:42:39Z,MSFT_20260407_1835,MSFT,,2670.0,2643.0,2643.0,2643.0,-27.0,-1.01,hold,0,24.054
2026-04-07T18:42:47Z,AMZN_20260407_1834,AMZN,,1776.0,1759.0,1736.0,1759.0,-40.0,-2.25,hold,0,24.054
2026-04-07T18:43:02Z,GOOGL_20260407_1835,GOOGL,,2142.0,2121.0,2173.0,2173.0,31.0,1.45,hold,0,24.053
2026-04-07T18:43:11Z,AAPL_20260407_1834,AAPL,,1681.0,1665.0,1665.0,1665.0,-16.0,-0.95,hold,0,31.053
2026-04-07T18:43:43Z,QQQ_20260407_1838,QQQ,,3224.0,3193.0,3193.0,3193.0,-31.0,-0.96,hold,0,31.053
2026-04-07T18:43:55Z,NVDA_20260407_1836,NVDA,,1097.0,1086.0,1091.0,1091.0,-6.0,-0.55,hold,0,24.053
2026-04-07T18:44:27Z,SPY_20260407_1837,SPY,,3105.0,3074.0,3065.0,3065.0,-40.0,-1.29,hold,0,31.052
2026-04-07T18:46:02Z,AMZN_20260407_1843,AMZN,,1743.0,1726.0,1726.0,1726.0,-17.0,-0.98,hold,0,24.051
2026-04-07T18:46:15Z,GOOGL_20260407_1843,GOOGL,,2202.0,2180.0,2190.0,2190.0,-12.0,-0.54,hold,0,24.051
2026-04-07T18:46:43Z,QQQ_20260407_1845,QQQ,,3206.0,3175.0,3175.0,3175.0,-31.0,-0.97,hold,0,31.051
2026-04-07T18:46:55Z,NVDA_20260407_1844,NVDA,,1102.0,1091.0,1085.0,1085.0,-17.0,-1.54,hold,0,24.051
2026-04-07T18:47:06Z,AAPL_20260407_1843,AAPL,,1959.0,1940.0,1940.0,1940.0,-19.0,-0.97,hold,0,31.051
2026-04-07T18:47:42Z,SPY_20260407_1844,SPY,,3096.0,3065.0,3054.0,3054.0,-42.0,-1.36,hold,0,31.05
2026-04-07T18:48:56Z,AMZN_20260407_1843,AMZN,,1743.0,1726.0,1726.0,1726.0,-17.0,-0.98,hold,0,24.049
2026-04-07T18:49:09Z,GOOGL_20260407_1843,GOOGL,,2202.0,2180.0,2174.0,2190.0,-28.0,-1.27,hold,0,24.049
2026-04-07T18:49:38Z,QQQ_20260407_1845,QQQ,,3206.0,3175.0,3175.0,3175.0,-31.0,-0.97,hold,0,31.049
2026-04-07T18:49:49Z,NVDA_20260407_1844,NVDA,,1102.0,1091.0,1086.0,1086.0,-16.0,-1.45,hold,0,24.049
2026-04-07T18:49:59Z,AAPL_20260407_1843,AAPL,,1959.0,1940.0,1940.0,1940.0,-19.0,-0.97,hold,0,31.049
2026-04-07T18:50:35Z,SPY_20260407_1844,SPY,,3096.0,3065.0,3054.0,3054.0,-42.0,-1.36,hold,0,31.048
2026-04-07T18:51:40Z,AMZN_20260407_1843,AMZN,,1743.0,1726.0,1726.0,1726.0,-17.0,-0.98,hold,0,24.047
2026-04-07T18:52:19Z,GOOGL_20260407_1843,GOOGL,,2202.0,2180.0,2174.0,2190.0,-28.0,-1.27,hold,0,24.047
2026-04-07T18:52:42Z,QQQ_20260407_1845,QQQ,,3206.0,3175.0,3187.0,3187.0,-19.0,-0.59,hold,0,31.047
2026-04-07T18:53:22Z,NVDA_20260407_1844,NVDA,,1102.0,1091.0,1093.0,1093.0,-9.0,-0.82,hold,0,24.046
2026-04-07T18:53:35Z,AAPL_20260407_1843,AAPL,,1959.0,1940.0,1915.0,1940.0,-44.0,-2.25,hold,0,31.046
2026-04-07T18:54:15Z,SPY_20260407_1844,SPY,,3096.0,3065.0,3054.0,3054.0,-42.0,-1.36,hold,0,31.046
2026-04-07T18:55:21Z,AMZN_20260407_1850,AMZN,,1743.0,1726.0,1726.0,1726.0,-17.0,-0.98,hold,0,24.045
2026-04-07T18:55:38Z,TSLA_20260407_1852,TSLA,,3401.0,3368.0,3328.0,3328.0,-73.0,-2.15,hold,0,24.045
2026-04-07T18:56:11Z,QQQ_20260407_1853,QQQ,,3218.0,3187.0,3187.0,3187.0,-31.0,-0.96,hold,0,31.044
2026-04-07T18:56:24Z,GOOGL_20260407_1851,GOOGL,,2195.0,2174.0,2171.0,2171.0,-24.0,-1.09,hold,0,24.044
2026-04-07T18:56:39Z,NVDA_20260407_1851,NVDA,,1097.0,1086.0,1099.0,1099.0,2.0,0.18,hold,0,24.044
2026-04-07T18:56:50Z,AAPL_20260407_1850,AAPL,,1959.0,1940.0,1915.0,1915.0,-44.0,-2.25,hold,0,31.044
2026-04-07T18:57:31Z,SPY_20260407_1853,SPY,,3085.0,3054.0,3054.0,3054.0,-31.0,-1.0,hold,0,31.043
2026-04-07T18:58:38Z,AMZN_20260407_1850,AMZN,,1743.0,1726.0,1726.0,1726.0,-17.0,-0.98,hold,0,24.043
2026-04-07T18:58:56Z,TSLA_20260407_1852,TSLA,,3401.0,3368.0,3337.0,3337.0,-64.0,-1.88,hold,0,24.042
2026-04-07T18:59:26Z,QQQ_20260407_1853,QQQ,,3218.0,3187.0,3187.0,3187.0,-31.0,-0.96,hold,0,31.042
2026-04-07T18:59:40Z,GOOGL_20260407_1851,GOOGL,,2195.0,2174.0,2171.0,2171.0,-24.0,-1.09,hold,0,24.042
2026-04-07T18:59:52Z,NVDA_20260407_1851,NVDA,,1097.0,1086.0,1099.0,1099.0,2.0,0.18,hold,0,24.042
2026-04-07T19:00:02Z,AAPL_20260407_1850,AAPL,,1959.0,1940.0,1940.0,1940.0,-19.0,-0.97,hold,0,31.042
2026-04-07T19:01:12Z,SPY_20260407_1853,SPY,,3085.0,3054.0,3025.0,3054.0,-60.0,-1.94,hold,0,31.041
2026-04-07T19:02:17Z,AMZN_20260407_1850,AMZN,,1743.0,1726.0,1723.0,1726.0,-20.0,-1.15,hold,0,24.04
2026-04-07T19:03:06Z,TSLA_20260407_1852,TSLA,,3401.0,3368.0,3330.0,3337.0,-71.0,-2.09,hold,0,24.04
2026-04-07T19:03:38Z,QQQ_20260407_1853,QQQ,,3218.0,3187.0,3226.0,3226.0,8.0,0.25,hold,0,31.039
2026-04-07T19:03:59Z,GOOGL_20260407_1851,GOOGL,,2195.0,2174.0,2152.0,2171.0,-43.0,-1.96,hold,0,24.039
2026-04-07T19:04:16Z,NVDA_20260407_1851,NVDA,,1097.0,1086.0,1098.0,1099.0,1.0,0.09,hold,0,24.039
2026-04-07T19:04:26Z,AAPL_20260407_1850,AAPL,,1959.0,1940.0,1940.0,1940.0,-19.0,-0.97,hold,0,31.039
2026-04-07T19:05:02Z,SPY_20260407_1853,SPY,,3085.0,3054.0,3104.0,3104.0,19.0,0.62,hold,0,31.038
2026-04-07T19:06:21Z,META_20260407_1900,META,,5660.0,5604.0,5664.0,5664.0,4.0,0.07,hold,0,24.037
2026-04-07T19:06:45Z,TSLA_20260407_1901,TSLA,,3728.0,3691.0,3696.0,3696.0,-32.0,-0.86,hold,0,24.037
2026-04-07T19:06:53Z,AMZN_20260407_1859,AMZN,,1743.0,1726.0,1777.0,1777.0,34.0,1.95,hold,0,24.037
2026-04-07T19:07:06Z,NVDA_20260407_1900,NVDA,,1372.0,1359.0,1363.0,1363.0,-9.0,-0.66,hold,0,24.037
2026-04-07T19:07:31Z,QQQ_20260407_1902,QQQ,,3270.0,3237.0,3237.0,3237.0,-33.0,-1.01,hold,0,31.036
2026-04-07T19:08:06Z,SPY_20260407_1902,SPY,,3113.0,3082.0,3082.0,3082.0,-31.0,-1.0,hold,0,31.036
2026-04-07T19:08:16Z,AAPL_20260407_1859,AAPL,,1960.0,1940.0,1940.0,1940.0,-20.0,-1.02,hold,0,31.036
2026-04-07T19:08:33Z,GOOGL_20260407_1859,GOOGL,,2192.0,2171.0,2152.0,2152.0,-40.0,-1.82,hold,0,24.036
2026-04-07T19:10:04Z,META_20260407_1909,META,,5607.0,5551.0,5595.0,5595.0,-12.0,-0.21,hold,0,24.035
2026-04-07T19:10:23Z,TSLA_20260407_1909,TSLA,,3734.0,3697.0,3731.0,3731.0,-3.0,-0.08,hold,0,24.034
2026-04-07T19:10:32Z,AMZN_20260407_1908,AMZN,,1795.0,1777.0,1777.0,1777.0,-18.0,-1.0,hold,0,24.034
2026-04-07T19:10:49Z,AAPL_20260407_1908,AAPL,,1960.0,1940.0,1900.0,1900.0,-60.0,-3.06,hold,0,31.034
2026-04-07T19:11:16Z,GOOGL_20260407_1908,GOOGL,,2173.0,2152.0,2217.0,2217.0,44.0,2.02,hold,0,24.034
2026-04-07T19:12:49Z,META_20260407_1909,META,,5607.0,5551.0,5595.0,5595.0,-12.0,-0.21,hold,0,24.033
2026-04-07T19:13:06Z,TSLA_20260407_1909,TSLA,,3734.0,3697.0,3607.0,3731.0,-127.0,-3.4,hold,0,24.033
2026-04-07T19:13:15Z,AMZN_20260407_1908,AMZN,,1795.0,1777.0,1750.0,1777.0,-45.0,-2.51,hold,0,24.032
2026-04-07T19:13:28Z,AAPL_20260407_1908,AAPL,,1960.0,1940.0,1900.0,1900.0,-60.0,-3.06,hold,0,31.032
2026-04-07T19:13:43Z,GOOGL_20260407_1908,GOOGL,,2173.0,2152.0,2217.0,2217.0,44.0,2.02,hold,0,24.032
2026-04-07T19:15:06Z,META_20260407_1909,META,,5607.0,5551.0,5620.0,5620.0,13.0,0.23,hold,0,24.031
2026-04-07T19:15:29Z,TSLA_20260407_1909,TSLA,,3734.0,3697.0,3571.0,3731.0,-163.0,-4.37,hold,0,24.031
2026-04-07T19:15:36Z,AMZN_20260407_1908,AMZN,,1795.0,1777.0,1750.0,1777.0,-45.0,-2.51,hold,0,24.031
2026-04-07T19:15:47Z,AAPL_20260407_1908,AAPL,,1960.0,1940.0,1900.0,1900.0,-60.0,-3.06,hold,0,31.031
2026-04-07T19:16:00Z,GOOGL_20260407_1908,GOOGL,,2173.0,2152.0,2217.0,2217.0,44.0,2.02,hold,0,24.031
2026-04-07T19:17:19Z,META_20260407_1916,META,,5676.0,5620.0,5660.0,5660.0,-16.0,-0.28,hold,0,24.03
2026-04-07T19:17:30Z,MSFT_20260407_1916,MSFT,,3000.0,2970.0,2970.0,2970.0,-30.0,-1.0,hold,0,24.03
2026-04-07T19:17:50Z,TSLA_20260407_1916,TSLA,,3606.0,3571.0,3619.0,3619.0,13.0,0.36,hold,0,24.029
2026-04-07T19:18:00Z,AAPL_20260407_1914,AAPL,,1838.0,1820.0,1820.0,1820.0,-18.0,-0.98,hold,0,24.029
2026-04-07T19:18:14Z,GOOGL_20260407_1915,GOOGL,,2239.0,2217.0,2217.0,2217.0,-22.0,-0.98,hold,0,24.029
2026-04-07T19:18:23Z,AMZN_20260407_1914,AMZN,,1768.0,1750.0,1750.0,1750.0,-18.0,-1.02,hold,0,24.029
2026-04-07T19:19:45Z,META_20260407_1916,META,,5676.0,5620.0,5660.0,5660.0,-16.0,-0.28,hold,0,24.028
2026-04-07T19:19:57Z,MSFT_20260407_1916,MSFT,,3000.0,2970.0,2970.0,2970.0,-30.0,-1.0,hold,0,24.028
2026-04-07T19:20:25Z,TSLA_20260407_1916,TSLA,,3606.0,3571.0,3593.0,3619.0,-13.0,-0.36,hold,0,24.027
2026-04-07T19:20:44Z,AAPL_20260407_1914,AAPL,,1838.0,1820.0,1790.0,1820.0,-48.0,-2.61,hold,0,24.027
2026-04-07T19:20:59Z,GOOGL_20260407_1915,GOOGL,,2239.0,2217.0,2217.0,2217.0,-22.0,-0.98,hold,0,24.027
2026-04-07T19:21:09Z,AMZN_20260407_1914,AMZN,,1768.0,1750.0,1760.0,1760.0,-8.0,-0.45,hold,0,24.027
2026-04-07T19:22:34Z,META_20260407_1916,META,,5676.0,5620.0,5660.0,5660.0,-16.0,-0.28,hold,0,24.026
2026-04-07T19:22:47Z,MSFT_20260407_1916,MSFT,,3000.0,2970.0,2970.0,2970.0,-30.0,-1.0,hold,0,24.026
2026-04-07T19:23:06Z,TSLA_20260407_1916,TSLA,,3606.0,3571.0,3593.0,3619.0,-13.0,-0.36,hold,0,24.026
2026-04-07T19:23:19Z,AAPL_20260407_1914,AAPL,,1838.0,1820.0,1786.0,1820.0,-52.0,-2.83,hold,0,24.025
2026-04-07T19:23:37Z,GOOGL_20260407_1915,GOOGL,,2239.0,2217.0,2217.0,2217.0,-22.0,-0.98,hold,0,24.025
2026-04-07T19:23:48Z,AMZN_20260407_1914,AMZN,,1768.0,1750.0,1771.0,1771.0,3.0,0.17,hold,0,24.025
2026-04-07T19:25:10Z,META_20260407_1922,META,,5717.0,5660.0,5665.0,5665.0,-52.0,-0.91,hold,0,24.024
2026-04-07T19:25:23Z,MSFT_20260407_1923,MSFT,,3000.0,2970.0,2970.0,2970.0,-30.0,-1.0,hold,0,24.024
2026-04-07T19:25:41Z,TSLA_20260407_1923,TSLA,,3629.0,3593.0,3593.0,3593.0,-36.0,-0.99,hold,0,24.024
2026-04-07T19:25:51Z,AAPL_20260407_1921,AAPL,,1803.0,1786.0,1800.0,1800.0,-3.0,-0.17,hold,0,24.024
2026-04-07T19:26:04Z,GOOGL_20260407_1922,GOOGL,,2239.0,2217.0,2217.0,2217.0,-22.0,-0.98,hold,0,24.024
2026-04-07T19:26:13Z,AMZN_20260407_1922,AMZN,,1778.0,1760.0,1768.0,1768.0,-10.0,-0.56,hold,0,24.023
2026-04-07T19:27:33Z,META_20260407_1922,META,,5717.0,5660.0,5665.0,5665.0,-52.0,-0.91,hold,0,24.023
2026-04-07T19:27:47Z,MSFT_20260407_1923,MSFT,,3000.0,2970.0,2970.0,2970.0,-30.0,-1.0,hold,0,24.022
2026-04-07T19:28:04Z,TSLA_20260407_1923,TSLA,,3629.0,3593.0,3593.0,3593.0,-36.0,-0.99,hold,0,24.022
2026-04-07T19:28:18Z,AAPL_20260407_1921,AAPL,,1803.0,1786.0,1800.0,1800.0,-3.0,-0.17,hold,0,24.022
2026-04-07T19:28:35Z,GOOGL_20260407_1922,GOOGL,,2239.0,2217.0,2217.0,2217.0,-22.0,-0.98,hold,0,24.022
2026-04-07T19:28:44Z,AMZN_20260407_1922,AMZN,,1778.0,1760.0,1768.0,1768.0,-10.0,-0.56,hold,0,24.022
2026-04-07T19:29:53Z,AAPL_20260407_1929,AAPL,,1982.0,1962.0,1962.0,1962.0,-20.0,-1.01,hold,0,31.021
2026-04-07T19:31:00Z,AAPL_20260407_1929,AAPL,,1982.0,1962.0,1962.0,1962.0,-20.0,-1.01,hold,0,31.02
2026-04-07T19:32:11Z,AAPL_20260407_1929,AAPL,,1982.0,1962.0,1974.0,1974.0,-8.0,-0.4,hold,0,31.019
2026-04-07T19:33:18Z,AAPL_20260407_1929,AAPL,,1982.0,1962.0,1969.0,1974.0,-13.0,-0.66,hold,0,31.019
2026-04-08T17:37:17Z,TSLA_20260408_1735,TSLA,,3543.0,3508.0,3517.0,3517.0,-26.0,-0.73,hold,0,23.099
2026-04-08T17:37:45Z,QQQ_20260408_1736,QQQ,,2555.0,2529.0,2529.0,2529.0,-26.0,-1.02,hold,0,30.099
2026-04-08T17:38:24Z,SPY_20260408_1736,SPY,,2330.0,2307.0,2307.0,2307.0,-23.0,-0.99,hold,0,30.098
2026-04-08T17:39:39Z,TSLA_20260408_1735,TSLA,,3543.0,3508.0,3512.0,3517.0,-31.0,-0.87,hold,0,23.097
2026-04-08T17:40:09Z,QQQ_20260408_1736,QQQ,,2555.0,2529.0,2529.0,2529.0,-26.0,-1.02,hold,0,30.097
2026-04-08T17:40:54Z,SPY_20260408_1736,SPY,,2330.0,2307.0,2307.0,2307.0,-23.0,-0.99,hold,0,30.097
2026-04-08T17:42:40Z,TSLA_20260408_1735,TSLA,,3543.0,3508.0,3512.0,3517.0,-31.0,-0.87,hold,0,23.095
2026-04-08T17:43:18Z,QQQ_20260408_1736,QQQ,,2555.0,2529.0,2555.0,2555.0,0.0,0.0,hold,0,30.095
2026-04-08T17:44:00Z,SPY_20260408_1736,SPY,,2330.0,2307.0,2307.0,2307.0,-23.0,-0.99,hold,0,30.094
2026-04-08T17:45:23Z,TSLA_20260408_1743,TSLA,,3547.0,3512.0,3508.0,3508.0,-39.0,-1.1,hold,0,23.093
2026-04-08T17:45:33Z,AMZN_20260408_1742,AMZN,,1678.0,1662.0,1652.0,1652.0,-26.0,-1.55,hold,0,23.093
2026-04-08T17:45:46Z,AAPL_20260408_1742,AAPL,,1499.0,1484.0,1484.0,1484.0,-15.0,-1.0,hold,0,30.093
2026-04-08T17:46:18Z,QQQ_20260408_1744,QQQ,,2623.0,2597.0,2608.0,2608.0,-15.0,-0.57,hold,0,30.093
2026-04-08T17:46:59Z,SPY_20260408_1743,SPY,,2384.0,2360.0,2360.0,2360.0,-24.0,-1.01,hold,0,30.092
2026-04-08T17:48:16Z,TSLA_20260408_1743,TSLA,,3547.0,3512.0,3526.0,3526.0,-21.0,-0.59,hold,0,23.091
2026-04-08T17:48:22Z,AMZN_20260408_1742,AMZN,,1678.0,1662.0,1676.0,1676.0,-2.0,-0.12,hold,0,23.091
2026-04-08T17:48:33Z,AAPL_20260408_1742,AAPL,,1499.0,1484.0,1484.0,1484.0,-15.0,-1.0,hold,0,30.091
2026-04-08T17:49:13Z,QQQ_20260408_1744,QQQ,,2623.0,2597.0,2610.0,2610.0,-13.0,-0.5,hold,0,30.091
2026-04-08T17:49:49Z,SPY_20260408_1743,SPY,,2384.0,2360.0,2360.0,2360.0,-24.0,-1.01,hold,0,30.09
2026-04-08T17:51:06Z,TSLA_20260408_1743,TSLA,,3547.0,3512.0,3547.0,3547.0,0.0,0.0,hold,0,23.09
2026-04-08T17:51:15Z,AMZN_20260408_1742,AMZN,,1678.0,1662.0,1668.0,1676.0,-10.0,-0.6,hold,0,23.089
2026-04-08T17:51:55Z,AAPL_20260408_1742,AAPL,,1499.0,1484.0,1484.0,1484.0,-15.0,-1.0,hold,0,30.089
2026-04-08T17:52:29Z,QQQ_20260408_1744,QQQ,,2623.0,2597.0,2610.0,2610.0,-13.0,-0.5,hold,0,30.089
2026-04-08T17:53:24Z,SPY_20260408_1743,SPY,,2384.0,2360.0,2360.0,2360.0,-24.0,-1.01,hold,0,30.088
2026-04-08T17:54:41Z,TSLA_20260408_1750,TSLA,,3582.0,3547.0,3547.0,3547.0,-35.0,-0.98,hold,0,23.087
2026-04-08T17:54:59Z,GOOGL_20260408_1750,GOOGL,,2187.0,2165.0,2157.0,2157.0,-30.0,-1.37,hold,0,23.087
2026-04-08T17:55:11Z,AMZN_20260408_1750,AMZN,,1691.0,1674.0,1683.0,1683.0,-8.0,-0.47,hold,0,23.087
2026-04-08T17:55:24Z,AAPL_20260408_1749,AAPL,,1499.0,1484.0,1484.0,1484.0,-15.0,-1.0,hold,0,30.087
2026-04-08T17:56:04Z,QQQ_20260408_1753,QQQ,,2636.0,2610.0,2598.0,2598.0,-38.0,-1.44,hold,0,30.086
2026-04-08T17:56:45Z,SPY_20260408_1752,SPY,,2384.0,2360.0,2417.0,2417.0,33.0,1.38,hold,0,30.086
2026-04-08T17:58:03Z,TSLA_20260408_1750,TSLA,,3582.0,3547.0,3497.0,3547.0,-85.0,-2.37,hold,0,23.085
2026-04-08T17:58:17Z,GOOGL_20260408_1750,GOOGL,,2187.0,2165.0,2157.0,2157.0,-30.0,-1.37,hold,0,23.085
2026-04-08T17:58:26Z,AMZN_20260408_1750,AMZN,,1691.0,1674.0,1676.0,1683.0,-15.0,-0.89,hold,0,23.084
2026-04-08T17:58:39Z,AAPL_20260408_1749,AAPL,,1499.0,1484.0,1484.0,1484.0,-15.0,-1.0,hold,0,30.084
2026-04-08T17:59:08Z,QQQ_20260408_1753,QQQ,,2636.0,2610.0,2598.0,2598.0,-38.0,-1.44,hold,0,30.084
2026-04-08T17:59:44Z,SPY_20260408_1752,SPY,,2384.0,2360.0,2417.0,2417.0,33.0,1.38,hold,0,30.084
2026-04-08T18:01:37Z,TSLA_20260408_1750,TSLA,,3582.0,3547.0,3452.0,3547.0,-130.0,-3.63,hold,0,23.082
2026-04-08T18:01:57Z,GOOGL_20260408_1750,GOOGL,,2187.0,2165.0,2157.0,2157.0,-30.0,-1.37,hold,0,23.082
2026-04-08T18:02:10Z,AMZN_20260408_1750,AMZN,,1691.0,1674.0,1658.0,1683.0,-33.0,-1.95,hold,0,23.082
2026-04-08T18:02:26Z,AAPL_20260408_1749,AAPL,,1499.0,1484.0,1484.0,1484.0,-15.0,-1.0,hold,0,30.082
2026-04-08T18:03:09Z,QQQ_20260408_1753,QQQ,,2636.0,2610.0,2598.0,2598.0,-38.0,-1.44,hold,0,30.081
2026-04-08T18:03:55Z,SPY_20260408_1752,SPY,,2384.0,2360.0,2417.0,2417.0,33.0,1.38,hold,0,30.081
2026-04-08T18:05:13Z,TSLA_20260408_1759,TSLA,,3603.0,3568.0,3542.0,3542.0,-61.0,-1.69,hold,0,23.08
2026-04-08T18:05:28Z,MSFT_20260408_1758,MSFT,,2891.0,2862.0,2777.0,2777.0,-114.0,-3.94,hold,0,23.08
2026-04-08T18:05:40Z,AAPL_20260408_1758,AAPL,,1499.0,1484.0,1484.0,1484.0,-15.0,-1.0,hold,0,30.079
2026-04-08T18:06:47Z,SPY_20260408_1759,SPY,,2379.0,2356.0,2356.0,2356.0,-23.0,-0.97,hold,0,30.079
2026-04-08T18:07:24Z,QQQ_20260408_1800,QQQ,,2624.0,2598.0,2626.0,2626.0,2.0,0.08,hold,0,30.078
2026-04-08T18:08:39Z,TSLA_20260408_1806,TSLA,,3578.0,3542.0,3542.0,3542.0,-36.0,-1.01,hold,0,23.077
2026-04-08T18:09:18Z,QQQ_20260408_1808,QQQ,,2653.0,2626.0,2626.0,2626.0,-27.0,-1.02,hold,0,30.077
2026-04-08T18:09:58Z,SPY_20260408_1807,SPY,,2379.0,2356.0,2356.0,2356.0,-23.0,-0.97,hold,0,30.076
2026-04-08T18:10:09Z,AAPL_20260408_1806,AAPL,,1499.0,1484.0,1484.0,1484.0,-15.0,-1.0,hold,0,30.076
2026-04-08T18:11:23Z,TSLA_20260408_1806,TSLA,,3578.0,3542.0,3530.0,3542.0,-48.0,-1.34,hold,0,23.075
2026-04-08T18:11:50Z,QQQ_20260408_1808,QQQ,,2653.0,2626.0,2617.0,2626.0,-36.0,-1.36,hold,0,30.075
2026-04-08T18:12:35Z,SPY_20260408_1807,SPY,,2379.0,2356.0,2356.0,2356.0,-23.0,-0.97,hold,0,30.075
2026-04-08T18:12:52Z,AAPL_20260408_1806,AAPL,,1499.0,1484.0,1499.0,1499.0,0.0,0.0,hold,0,30.074
2026-04-08T18:14:37Z,TSLA_20260408_1806,TSLA,,3578.0,3542.0,3521.0,3542.0,-57.0,-1.59,hold,0,23.073
2026-04-08T18:15:07Z,QQQ_20260408_1808,QQQ,,2653.0,2626.0,2617.0,2626.0,-36.0,-1.36,hold,0,30.073
2026-04-08T18:15:58Z,SPY_20260408_1807,SPY,,2379.0,2356.0,2388.0,2388.0,9.0,0.38,hold,0,30.072
2026-04-08T18:16:21Z,AAPL_20260408_1806,AAPL,,1499.0,1484.0,1496.0,1499.0,-3.0,-0.2,hold,0,30.072
2026-04-08T18:17:39Z,TSLA_20260408_1814,TSLA,,3556.0,3521.0,3528.0,3528.0,-28.0,-0.79,hold,0,23.071
2026-04-08T18:18:28Z,SPY_20260408_1814,SPY,,2413.0,2389.0,2377.0,2377.0,-36.0,-1.49,hold,0,30.071
2026-04-08T18:19:14Z,QQQ_20260408_1815,QQQ,,2644.0,2617.0,2635.0,2635.0,-9.0,-0.34,hold,0,30.07
2026-04-08T18:19:27Z,AAPL_20260408_1813,AAPL,,1511.0,1496.0,1496.0,1496.0,-15.0,-0.99,hold,0,30.07
2026-04-08T18:20:56Z,TSLA_20260408_1814,TSLA,,3556.0,3521.0,3555.0,3555.0,-1.0,-0.03,hold,0,23.069
2026-04-08T18:22:15Z,SPY_20260408_1814,SPY,,2413.0,2389.0,2392.0,2392.0,-21.0,-0.87,hold,0,30.068
2026-04-08T18:23:28Z,QQQ_20260408_1815,QQQ,,2644.0,2617.0,2651.0,2651.0,7.0,0.26,hold,0,30.067
2026-04-08T18:23:41Z,AAPL_20260408_1813,AAPL,,1511.0,1496.0,1502.0,1502.0,-9.0,-0.6,hold,0,30.067
2026-04-08T18:25:05Z,TSLA_20260408_1822,TSLA,,3655.0,3619.0,3615.0,3615.0,-40.0,-1.09,hold,0,23.066
2026-04-08T18:25:27Z,NVDA_20260408_1821,NVDA,,1003.0,993.0,985.0,985.0,-18.0,-1.79,hold,0,23.066
2026-04-08T18:26:03Z,QQQ_20260408_1824,QQQ,,2578.0,2552.0,2552.0,2552.0,-26.0,-1.01,hold,0,30.065
2026-04-08T18:26:15Z,AAPL_20260408_1820,AAPL,,1511.0,1496.0,1502.0,1502.0,-9.0,-0.6,hold,0,30.065
2026-04-08T18:26:51Z,SPY_20260408_1823,SPY,,2416.0,2392.0,2364.0,2364.0,-52.0,-2.15,hold,0,30.065
2026-04-08T18:28:08Z,TSLA_20260408_1822,TSLA,,3655.0,3619.0,3615.0,3615.0,-40.0,-1.09,hold,0,23.064
2026-04-08T18:28:21Z,NVDA_20260408_1821,NVDA,,1003.0,993.0,995.0,995.0,-8.0,-0.8,hold,0,23.064
2026-04-08T18:28:50Z,QQQ_20260408_1824,QQQ,,2578.0,2552.0,2552.0,2552.0,-26.0,-1.01,hold,0,30.063
2026-04-08T18:29:02Z,AAPL_20260408_1820,AAPL,,1511.0,1496.0,1502.0,1502.0,-9.0,-0.6,hold,0,30.063
2026-04-08T18:29:38Z,SPY_20260408_1823,SPY,,2416.0,2392.0,2364.0,2364.0,-52.0,-2.15,hold,0,30.063
2026-04-08T18:31:05Z,TSLA_20260408_1822,TSLA,,3655.0,3619.0,3511.0,3615.0,-144.0,-3.94,hold,0,23.062
2026-04-08T18:32:31Z,QQQ_20260408_1824,QQQ,,2578.0,2552.0,2552.0,2552.0,-26.0,-1.01,hold,0,30.061
2026-04-08T18:32:43Z,AAPL_20260408_1820,AAPL,,1511.0,1496.0,1502.0,1502.0,-9.0,-0.6,hold,0,30.061
2026-04-08T18:33:23Z,SPY_20260408_1823,SPY,,2416.0,2392.0,2364.0,2364.0,-52.0,-2.15,hold,0,30.06
2026-04-08T18:34:43Z,TSLA_20260408_1830,TSLA,,3546.0,3511.0,3431.0,3431.0,-115.0,-3.24,hold,0,23.059
2026-04-08T18:34:59Z,NVDA_20260408_1830,NVDA,,1005.0,995.0,995.0,995.0,-10.0,-1.0,hold,0,23.059
2026-04-08T18:35:42Z,SPY_20260408_1831,SPY,,2334.0,2311.0,2316.0,2316.0,-18.0,-0.77,hold,0,30.059
2026-04-08T18:36:18Z,QQQ_20260408_1832,QQQ,,2578.0,2552.0,2552.0,2552.0,-26.0,-1.01,hold,0,30.058
2026-04-08T18:36:31Z,AAPL_20260408_1829,AAPL,,1517.0,1502.0,1518.0,1518.0,1.0,0.07,hold,0,30.058
2026-04-08T18:37:47Z,TSLA_20260408_1830,TSLA,,3546.0,3511.0,3555.0,3555.0,9.0,0.25,hold,0,23.057
2026-04-08T18:38:01Z,NVDA_20260408_1830,NVDA,,1005.0,995.0,995.0,995.0,-10.0,-1.0,hold,0,23.057
2026-04-08T18:38:44Z,SPY_20260408_1831,SPY,,2334.0,2311.0,2318.0,2318.0,-16.0,-0.69,hold,0,30.056
2026-04-08T18:39:17Z,QQQ_20260408_1832,QQQ,,2578.0,2552.0,2608.0,2608.0,30.0,1.16,hold,0,30.056
2026-04-08T18:39:33Z,AAPL_20260408_1829,AAPL,,1517.0,1502.0,1487.0,1518.0,-30.0,-1.98,hold,0,30.056
2026-04-08T18:41:21Z,TSLA_20260408_1838,TSLA,,3586.0,3550.0,3550.0,3550.0,-36.0,-1.0,hold,0,23.055
2026-04-08T18:41:49Z,META_20260408_1838,META,,5595.0,5540.0,5560.0,5560.0,-35.0,-0.63,hold,0,23.054
2026-04-08T18:42:09Z,MSFT_20260408_1838,MSFT,,2868.0,2840.0,2840.0,2840.0,-28.0,-0.98,hold,0,23.054
2026-04-08T18:42:31Z,NVDA_20260408_1838,NVDA,,1000.0,990.0,995.0,995.0,-5.0,-0.5,hold,0,23.054
2026-04-08T18:43:07Z,QQQ_20260408_1840,QQQ,,2603.0,2577.0,2582.0,2582.0,-21.0,-0.81,hold,0,30.053
2026-04-08T18:43:18Z,AAPL_20260408_1837,AAPL,,1536.0,1521.0,1487.0,1487.0,-49.0,-3.19,hold,0,30.053
2026-04-08T18:43:58Z,SPY_20260408_1839,SPY,,2420.0,2396.0,2430.0,2430.0,10.0,0.41,hold,0,30.053
2026-04-08T18:45:22Z,TSLA_20260408_1838,TSLA,,3586.0,3550.0,3544.0,3550.0,-42.0,-1.17,hold,0,23.052
2026-04-08T18:45:57Z,META_20260408_1838,META,,5595.0,5540.0,5516.0,5560.0,-79.0,-1.41,hold,0,23.051
2026-04-08T18:46:10Z,MSFT_20260408_1838,MSFT,,2868.0,2840.0,2840.0,2840.0,-28.0,-0.98,hold,0,23.051
2026-04-08T18:46:50Z,NVDA_20260408_1838,NVDA,,1000.0,990.0,993.0,995.0,-7.0,-0.7,hold,0,23.051
2026-04-08T18:47:25Z,QQQ_20260408_1840,QQQ,,2603.0,2577.0,2609.0,2609.0,6.0,0.23,hold,0,30.05
2026-04-08T18:47:36Z,AAPL_20260408_1837,AAPL,,1536.0,1521.0,1487.0,1487.0,-49.0,-3.19,hold,0,30.05
2026-04-08T18:48:20Z,SPY_20260408_1839,SPY,,2420.0,2396.0,2417.0,2430.0,-3.0,-0.12,hold,0,30.05
2026-04-08T18:49:38Z,TSLA_20260408_1847,TSLA,,3580.0,3544.0,3565.0,3565.0,-15.0,-0.42,hold,0,23.049
2026-04-08T18:50:01Z,META_20260408_1846,META,,5392.0,5338.0,5362.0,5362.0,-30.0,-0.56,hold,0,23.049
2026-04-08T18:50:14Z,MSFT_20260408_1847,MSFT,,2873.0,2845.0,2816.0,2816.0,-57.0,-1.98,hold,0,23.048
2026-04-08T18:50:30Z,NVDA_20260408_1847,NVDA,,1005.0,995.0,997.0,997.0,-8.0,-0.8,hold,0,23.048
2026-04-08T18:50:41Z,AMZN_20260408_1845,AMZN,,1686.0,1670.0,1672.0,1672.0,-14.0,-0.83,hold,0,23.048
2026-04-08T18:51:17Z,QQQ_20260408_1849,QQQ,,2610.0,2584.0,2584.0,2584.0,-26.0,-1.0,hold,0,30.048
2026-04-08T18:51:28Z,AAPL_20260408_1845,AAPL,,1502.0,1487.0,1487.0,1487.0,-15.0,-1.0,hold,0,30.048
2026-04-08T18:52:32Z,SPY_20260408_1848,SPY,,2441.0,2417.0,2416.0,2416.0,-25.0,-1.02,hold,0,30.047
2026-04-08T18:53:47Z,TSLA_20260408_1847,TSLA,,3580.0,3544.0,3556.0,3565.0,-24.0,-0.67,hold,0,23.046
2026-04-08T18:54:13Z,META_20260408_1846,META,,5392.0,5338.0,5293.0,5362.0,-99.0,-1.84,hold,0,23.046
2026-04-08T18:54:25Z,MSFT_20260408_1847,MSFT,,2873.0,2845.0,2816.0,2816.0,-57.0,-1.98,hold,0,23.046
2026-04-08T18:54:38Z,NVDA_20260408_1847,NVDA,,1005.0,995.0,991.0,997.0,-14.0,-1.39,hold,0,23.045
2026-04-08T18:54:47Z,AMZN_20260408_1845,AMZN,,1686.0,1670.0,1688.0,1688.0,2.0,0.12,hold,0,23.045
2026-04-08T18:55:20Z,QQQ_20260408_1849,QQQ,,2610.0,2584.0,2584.0,2584.0,-26.0,-1.0,hold,0,30.045
2026-04-08T18:55:33Z,AAPL_20260408_1845,AAPL,,1502.0,1487.0,1487.0,1487.0,-15.0,-1.0,hold,0,30.045
2026-04-08T18:56:12Z,SPY_20260408_1848,SPY,,2441.0,2417.0,2408.0,2416.0,-33.0,-1.35,hold,0,30.044
2026-04-08T18:57:34Z,TSLA_20260408_1855,TSLA,,3591.0,3556.0,3570.0,3570.0,-21.0,-0.58,hold,0,23.043
2026-04-08T18:57:58Z,META_20260408_1855,META,,5346.0,5293.0,5250.0,5250.0,-96.0,-1.8,hold,0,23.043
2026-04-08T18:58:11Z,MSFT_20260408_1855,MSFT,,2844.0,2816.0,2805.0,2805.0,-39.0,-1.37,hold,0,23.043
2026-04-08T18:58:45Z,QQQ_20260408_1857,QQQ,,2637.0,2611.0,2604.0,2604.0,-33.0,-1.25,hold,0,30.043
2026-04-08T18:59:24Z,SPY_20260408_1856,SPY,,2502.0,2478.0,2478.0,2478.0,-24.0,-0.96,hold,0,30.042
2026-04-08T18:59:36Z,AAPL_20260408_1854,AAPL,,1502.0,1487.0,1487.0,1487.0,-15.0,-1.0,hold,0,30.042
2026-04-08T18:59:45Z,AMZN_20260408_1854,AMZN,,1705.0,1688.0,1668.0,1668.0,-37.0,-2.17,hold,0,23.042
2026-04-08T19:01:02Z,TSLA_20260408_1855,TSLA,,3591.0,3556.0,3562.0,3570.0,-29.0,-0.81,hold,0,23.041
2026-04-08T19:01:24Z,META_20260408_1855,META,,5346.0,5293.0,5250.0,5250.0,-96.0,-1.8,hold,0,23.041
2026-04-08T19:01:36Z,MSFT_20260408_1855,MSFT,,2844.0,2816.0,2808.0,2808.0,-36.0,-1.27,hold,0,23.041
2026-04-08T19:02:09Z,QQQ_20260408_1857,QQQ,,2637.0,2611.0,2606.0,2606.0,-31.0,-1.18,hold,0,30.04
2026-04-08T19:03:09Z,SPY_20260408_1856,SPY,,2502.0,2478.0,2478.0,2478.0,-24.0,-0.96,hold,0,30.039
2026-04-08T19:03:21Z,AAPL_20260408_1854,AAPL,,1502.0,1487.0,1483.0,1487.0,-19.0,-1.26,hold,0,30.039
2026-04-08T19:03:54Z,AMZN_20260408_1854,AMZN,,1705.0,1688.0,1664.0,1668.0,-41.0,-2.4,hold,0,23.039
2026-04-08T19:05:10Z,TSLA_20260408_1855,TSLA,,3591.0,3556.0,3555.0,3570.0,-36.0,-1.0,hold,0,23.038
2026-04-08T19:05:41Z,META_20260408_1855,META,,5346.0,5293.0,5300.0,5300.0,-46.0,-0.86,hold,0,23.038
2026-04-08T19:05:54Z,MSFT_20260408_1855,MSFT,,2844.0,2816.0,2780.0,2808.0,-64.0,-2.25,hold,0,23.038
2026-04-08T19:06:58Z,QQQ_20260408_1857,QQQ,,2637.0,2611.0,2606.0,2606.0,-31.0,-1.18,hold,0,30.037
2026-04-08T19:07:39Z,SPY_20260408_1856,SPY,,2502.0,2478.0,2416.0,2478.0,-86.0,-3.44,hold,0,30.036
2026-04-08T19:07:51Z,AAPL_20260408_1854,AAPL,,1502.0,1487.0,1515.0,1515.0,13.0,0.87,hold,0,30.036
2026-04-08T19:08:01Z,AMZN_20260408_1854,AMZN,,1705.0,1688.0,1652.0,1668.0,-53.0,-3.11,hold,0,23.036
2026-04-08T19:09:17Z,TSLA_20260408_1904,TSLA,,3617.0,3582.0,3577.0,3577.0,-40.0,-1.11,hold,0,23.035
2026-04-08T19:09:30Z,MSFT_20260408_1904,MSFT,,2836.0,2808.0,2780.0,2780.0,-56.0,-1.97,hold,0,23.035
2026-04-08T19:09:52Z,META_20260408_1903,META,,5330.0,5277.0,5248.0,5248.0,-82.0,-1.54,hold,0,23.035
2026-04-08T19:10:11Z,GOOGL_20260408_1903,GOOGL,,2208.0,2186.0,2186.0,2186.0,-22.0,-1.0,hold,0,23.035
2026-04-08T19:11:17Z,SPY_20260408_1905,SPY,,2502.0,2478.0,2416.0,2416.0,-86.0,-3.44,hold,0,30.034
2026-04-08T19:11:48Z,AAPL_20260408_1902,AAPL,,1502.0,1487.0,1505.0,1505.0,3.0,0.2,hold,0,30.033
2026-04-08T19:12:02Z,AMZN_20260408_1902,AMZN,,1681.0,1664.0,1688.0,1688.0,7.0,0.42,hold,0,23.033
2026-04-08T19:13:17Z,TSLA_20260408_1912,TSLA,,3595.0,3560.0,3560.0,3560.0,-35.0,-0.97,hold,0,23.032
2026-04-08T19:13:39Z,MSFT_20260408_1912,MSFT,,2897.0,2869.0,2869.0,2869.0,-28.0,-0.97,hold,0,23.032
2026-04-08T19:14:03Z,META_20260408_1911,META,,5520.0,5465.0,5446.0,5446.0,-74.0,-1.34,hold,0,23.032
2026-04-08T19:14:17Z,GOOGL_20260408_1911,GOOGL,,2223.0,2200.0,2173.0,2173.0,-50.0,-2.25,hold,0,23.032
2026-04-08T19:14:30Z,AAPL_20260408_1910,AAPL,,1530.0,1515.0,1494.0,1494.0,-36.0,-2.35,hold,0,30.032
2026-04-08T19:14:46Z,AMZN_20260408_1910,AMZN,,1965.0,1946.0,1929.0,1929.0,-36.0,-1.83,hold,0,23.031
2026-04-08T19:16:00Z,TSLA_20260408_1912,TSLA,,3595.0,3560.0,3585.0,3585.0,-10.0,-0.28,hold,0,23.031
2026-04-08T19:16:12Z,MSFT_20260408_1912,MSFT,,2897.0,2869.0,2869.0,2869.0,-28.0,-0.97,hold,0,23.03
2026-04-08T19:16:33Z,META_20260408_1911,META,,5520.0,5465.0,5503.0,5503.0,-17.0,-0.31,hold,0,23.03
2026-04-08T19:16:47Z,GOOGL_20260408_1911,GOOGL,,2223.0,2200.0,2173.0,2173.0,-50.0,-2.25,hold,0,23.03
2026-04-08T19:16:58Z,AAPL_20260408_1910,AAPL,,1530.0,1515.0,1494.0,1494.0,-36.0,-2.35,hold,0,30.03
2026-04-08T19:17:09Z,AMZN_20260408_1910,AMZN,,1965.0,1946.0,1937.0,1937.0,-28.0,-1.42,hold,0,23.03
2026-04-08T19:18:24Z,TSLA_20260408_1912,TSLA,,3595.0,3560.0,3520.0,3585.0,-75.0,-2.09,hold,0,23.029
2026-04-08T19:18:43Z,MSFT_20260408_1912,MSFT,,2897.0,2869.0,2823.0,2869.0,-74.0,-2.55,hold,0,23.029
2026-04-08T19:19:11Z,META_20260408_1911,META,,5520.0,5465.0,5503.0,5503.0,-17.0,-0.31,hold,0,23.028
2026-04-08T19:19:32Z,GOOGL_20260408_1911,GOOGL,,2223.0,2200.0,2173.0,2173.0,-50.0,-2.25,hold,0,23.028
2026-04-08T19:19:47Z,AAPL_20260408_1910,AAPL,,1530.0,1515.0,1504.0,1504.0,-26.0,-1.7,hold,0,30.028
2026-04-08T19:19:59Z,AMZN_20260408_1910,AMZN,,1965.0,1946.0,1935.0,1937.0,-30.0,-1.53,hold,0,23.028
2026-04-08T19:21:33Z,TSLA_20260408_1919,TSLA,,3601.0,3565.0,3579.0,3579.0,-22.0,-0.61,hold,0,23.027
2026-04-08T19:22:55Z,META_20260408_1918,META,,5558.0,5503.0,5479.0,5479.0,-79.0,-1.42,hold,0,23.026
2026-04-08T19:23:08Z,GOOGL_20260408_1918,GOOGL,,2195.0,2173.0,2173.0,2173.0,-22.0,-1.0,hold,0,23.026
2026-04-08T19:23:21Z,AAPL_20260408_1918,AAPL,,1509.0,1494.0,1507.0,1507.0,-2.0,-0.13,hold,0,30.025
2026-04-08T19:23:30Z,AMZN_20260408_1918,AMZN,,1956.0,1937.0,1950.0,1950.0,-6.0,-0.31,hold,0,23.025
2026-04-08T19:24:45Z,TSLA_20260408_1919,TSLA,,3601.0,3565.0,3579.0,3579.0,-22.0,-0.61,hold,0,23.024
2026-04-08T19:25:00Z,MSFT_20260408_1919,MSFT,,2874.0,2846.0,2835.0,2835.0,-39.0,-1.36,hold,0,23.024
2026-04-08T19:25:31Z,META_20260408_1918,META,,5558.0,5503.0,5424.0,5479.0,-134.0,-2.41,hold,0,23.024
2026-04-08T19:25:46Z,GOOGL_20260408_1918,GOOGL,,2195.0,2173.0,2173.0,2173.0,-22.0,-1.0,hold,0,23.024
2026-04-08T19:25:57Z,AAPL_20260408_1918,AAPL,,1509.0,1494.0,1507.0,1507.0,-2.0,-0.13,hold,0,30.024
2026-04-08T19:26:06Z,AMZN_20260408_1918,AMZN,,1956.0,1937.0,1950.0,1950.0,-6.0,-0.31,hold,0,23.024
2026-04-08T19:27:27Z,TSLA_20260408_1919,TSLA,,3601.0,3565.0,3580.0,3580.0,-21.0,-0.58,hold,0,23.023
2026-04-08T19:27:42Z,MSFT_20260408_1919,MSFT,,2874.0,2846.0,2831.0,2835.0,-43.0,-1.5,hold,0,23.022
2026-04-08T19:28:11Z,META_20260408_1918,META,,5558.0,5503.0,5444.0,5479.0,-114.0,-2.05,hold,0,23.022
2026-04-08T19:28:27Z,GOOGL_20260408_1918,GOOGL,,2195.0,2173.0,2173.0,2173.0,-22.0,-1.0,hold,0,23.022
2026-04-08T19:28:44Z,AAPL_20260408_1918,AAPL,,1509.0,1494.0,1507.0,1507.0,-2.0,-0.13,hold,0,30.022
2026-04-08T19:28:55Z,AMZN_20260408_1918,AMZN,,1956.0,1937.0,1939.0,1950.0,-17.0,-0.87,hold,0,23.022
2026-04-08T19:30:13Z,TSLA_20260408_1927,TSLA,,3616.0,3580.0,3548.0,3548.0,-68.0,-1.88,hold,0,23.021
2026-04-08T19:30:28Z,MSFT_20260408_1926,MSFT,,2856.0,2828.0,2834.0,2834.0,-22.0,-0.77,hold,0,23.02
2026-04-08T19:30:58Z,META_20260408_1926,META,,5499.0,5444.0,5490.0,5490.0,-9.0,-0.16,hold,0,23.02
2026-04-08T19:31:11Z,NVDA_20260408_1927,NVDA,,1016.0,1006.0,998.0,998.0,-18.0,-1.77,hold,0,23.02
2026-04-08T19:31:35Z,GOOGL_20260408_1925,GOOGL,,2195.0,2173.0,2200.0,2200.0,5.0,0.23,hold,0,23.02
2026-04-08T19:32:30Z,SPY_20260408_1928,SPY,,2476.0,2452.0,2452.0,2452.0,-24.0,-0.97,hold,0,30.019
2026-04-08T19:32:44Z,AAPL_20260408_1925,AAPL,,1522.0,1507.0,1507.0,1507.0,-15.0,-0.99,hold,0,30.019
2026-04-08T19:32:58Z,AMZN_20260408_1925,AMZN,,1969.0,1950.0,1939.0,1939.0,-30.0,-1.52,hold,0,23.019
