timestamp,cash,mark_value,equity,open_positions,window_id
2022-05-26,99981.17899999999,0.0,99981.17899999999,1,0
2022-05-27,99962.358,0.0,99962.358,0,0
2022-05-31,99945.12099999998,0.0,99945.12099999998,1,0
2022-06-01,99927.88399999999,0.0,99927.88399999999,0,0
2022-06-02,99927.88399999999,0.0,99927.88399999999,0,0
2022-06-03,99909.26999999999,0.0,99909.26999999999,1,0
2022-06-06,99891.78099999999,0.0,99891.78099999999,2,0
2022-06-07,99855.67799999999,0.0,99855.67799999999,0,0
2022-06-08,99837.67599999998,0.0,99837.67599999998,1,0
2022-06-09,99819.67399999998,0.0,99819.67399999998,0,0
2022-06-10,99810.21399999998,0.0,99810.21399999998,1,0
2022-06-13,99791.20399999997,0.0,99791.20399999997,1,0
2022-06-14,99772.61249999996,0.0,99772.61249999996,1,0
2022-06-15,99743.75099999995,0.0,99743.75099999995,1,0
2022-06-16,99713.63849999994,0.0,99713.63849999994,1,0
2022-06-17,99703.70149999994,0.0,99703.70149999994,2,0
2022-06-21,99683.47199999994,0.0,99683.47199999994,0,0
2022-06-22,99674.19649999993,0.0,99674.19649999993,1,0
2022-06-23,99647.56699999992,0.0,99647.56699999992,1,0
2022-06-24,99628.53899999992,0.0,99628.53899999992,2,0
2022-06-27,99592.1569999999,0.0,99592.1569999999,0,0
2022-06-28,99592.1569999999,0.0,99592.1569999999,0,0
2022-06-29,99572.7509999999,0.0,99572.7509999999,1,0
2022-06-30,99555.67599999989,0.0,99555.67599999989,2,0
2022-07-01,99537.69199999988,0.0,99537.69199999988,3,0
2022-07-05,99483.22699999988,0.0,99483.22699999988,0,0
2022-07-06,99483.22699999988,0.0,99483.22699999988,0,0
2022-07-07,99483.22699999988,0.0,99483.22699999988,0,0
2022-07-08,99462.92999999988,0.0,99462.92999999988,1,0
2022-07-11,99442.63299999987,0.0,99442.63299999987,0,0
2022-07-12,99442.63299999987,0.0,99442.63299999987,0,0
2022-07-13,99442.63299999987,0.0,99442.63299999987,0,0
2022-07-14,99425.41399999986,0.0,99425.41399999986,1,0
2022-07-15,99406.43099999985,0.0,99406.43099999985,2,0
2022-07-18,99359.80149999986,0.0,99359.80149999986,1,0
2022-07-19,99349.37399999985,0.0,99349.37399999985,0,0
2022-07-20,99349.37399999985,0.0,99349.37399999985,0,0
2022-07-21,99349.37399999985,0.0,99349.37399999985,0,0
2022-07-22,99330.35499999985,0.0,99330.35499999985,1,0
2022-07-25,99311.33599999985,0.0,99311.33599999985,0,0
2022-07-26,99291.43499999984,0.0,99291.43499999984,1,0
2022-07-27,99271.53399999984,0.0,99271.53399999984,0,0
2022-07-28,99262.46549999983,0.0,99262.46549999983,1,0
2022-07-29,99253.39699999984,0.0,99253.39699999984,0,0
2022-08-01,99233.60399999983,0.0,99233.60399999983,1,0
2022-08-02,99216.24999999983,0.0,99216.24999999983,2,0
2022-08-03,99169.30549999981,0.0,99169.30549999981,1,0
2022-08-04,99159.50799999981,0.0,99159.50799999981,0,0
2022-08-05,99149.2694999998,0.0,99149.2694999998,1,0
2022-08-08,99121.73999999979,0.0,99121.73999999979,1,0
2022-08-09,100000.0,0.0,100000.0,0,1
2022-08-10,99990.45449999999,0.0,99990.45449999999,1,1
2022-08-11,99961.818,0.0,99961.818,1,1
2022-08-12,99934.122,0.0,99934.122,1,1
2022-08-15,99925.085,0.0,99925.085,2,1
2022-08-16,99897.75800000002,0.0,99897.75800000002,1,1
2022-08-17,99888.07300000002,0.0,99888.07300000002,0,1
2022-08-18,99877.57350000001,0.0,99877.57350000001,1,1
2022-08-19,99867.07400000001,0.0,99867.07400000001,0,1
2022-08-22,99846.489,0.0,99846.489,1,1
2022-08-23,99825.27399999999,0.0,99825.27399999999,2,1
2022-08-24,99804.97699999998,0.0,99804.97699999998,3,1
2022-08-25,99733.10949999998,0.0,99733.10949999998,1,1
2022-08-26,99723.33899999998,0.0,99723.33899999998,0,1
2022-08-29,99723.33899999998,0.0,99723.33899999998,0,1
2022-08-30,99723.33899999998,0.0,99723.33899999998,0,1
2022-08-31,99723.33899999998,0.0,99723.33899999998,0,1
2022-09-01,99705.51699999998,0.0,99705.51699999998,1,1
2022-09-02,99687.69499999998,0.0,99687.69499999998,0,1
2022-09-06,99687.69499999998,0.0,99687.69499999998,0,1
2022-09-07,99670.59299999998,0.0,99670.59299999998,1,1
2022-09-08,99651.83499999998,0.0,99651.83499999998,2,1
2022-09-09,99631.29499999997,0.0,99631.29499999997,3,1
2022-09-12,99574.89499999997,0.0,99574.89499999997,0,1
2022-09-13,99574.89499999997,0.0,99574.89499999997,0,1
2022-09-14,99556.15499999997,0.0,99556.15499999997,1,1
2022-09-15,99537.41499999996,0.0,99537.41499999996,0,1
2022-09-16,99518.81899999996,0.0,99518.81899999996,1,1
2022-09-19,99498.41399999996,0.0,99498.41399999996,2,1
2022-09-20,99459.41299999996,0.0,99459.41299999996,0,1
2022-09-21,99450.93849999996,0.0,99450.93849999996,1,1
2022-09-22,99441.73949999995,0.0,99441.73949999995,2,1
2022-09-23,99406.81099999996,0.0,99406.81099999996,1,1
2022-09-26,99380.31649999996,0.0,99380.31649999996,1,1
2022-09-27,99371.49549999996,0.0,99371.49549999996,2,1
2022-09-28,99334.81199999996,0.0,99334.81199999996,1,1
2022-09-29,99316.18899999995,0.0,99316.18899999995,0,1
2022-09-30,99305.65799999995,0.0,99305.65799999995,1,1
2022-10-03,99274.57799999995,0.0,99274.57799999995,1,1
2022-10-04,99253.65099999994,0.0,99253.65099999994,2,1
2022-10-05,99236.43199999993,0.0,99236.43199999993,3,1
2022-10-06,99168.99699999993,0.0,99168.99699999993,1,1
2022-10-07,99160.44149999993,0.0,99160.44149999993,2,1
2022-10-10,99150.88249999992,0.0,99150.88249999992,3,1
2022-10-11,99142.34949999992,0.0,99142.34949999992,4,1
2022-10-12,99133.50149999993,0.0,99133.50149999993,5,1
2022-10-13,99071.03899999993,0.0,99071.03899999993,1,1
2022-10-14,99044.32849999993,0.0,99044.32849999993,1,1
2022-10-17,99018.38299999993,0.0,99018.38299999993,1,1
2022-10-18,99000.92099999993,0.0,99000.92099999993,0,1
2022-10-19,100000.0,0.0,100000.0,0,2
2022-10-20,99990.2655,0.0,99990.2655,1,2
2022-10-21,99980.53099999999,0.0,99980.53099999999,0,2
2022-10-24,99962.44799999999,0.0,99962.44799999999,1,2
2022-10-25,99944.36499999999,0.0,99944.36499999999,0,2
2022-10-26,99927.08299999998,0.0,99927.08299999998,1,2
2022-10-27,99908.00099999997,0.0,99908.00099999997,2,2
2022-10-28,99871.63699999997,0.0,99871.63699999997,0,2
2022-10-31,99853.62599999997,0.0,99853.62599999997,1,2
2022-11-01,99834.95799999997,0.0,99834.95799999997,2,2
2022-11-02,99815.97499999996,0.0,99815.97499999996,3,2
2022-11-03,99797.78399999996,0.0,99797.78399999996,4,2
2022-11-04,99723.93099999995,0.0,99723.93099999995,0,2
2022-11-07,99723.93099999995,0.0,99723.93099999995,0,2
2022-11-08,99706.63099999995,0.0,99706.63099999995,1,2
2022-11-09,99689.33099999995,0.0,99689.33099999995,0,2
2022-11-10,99679.92049999995,0.0,99679.92049999995,1,2
2022-11-11,99669.69999999995,0.0,99669.69999999995,2,2
2022-11-14,99630.86099999996,0.0,99630.86099999996,1,2
2022-11-15,99611.65299999996,0.0,99611.65299999996,0,2
2022-11-16,99592.14799999996,0.0,99592.14799999996,1,2
2022-11-17,99563.43499999995,0.0,99563.43499999995,1,2
2022-11-18,99554.34849999995,0.0,99554.34849999995,2,2
2022-11-21,99536.05399999995,0.0,99536.05399999995,0,2
2022-11-22,99526.45899999994,0.0,99526.45899999994,1,2
2022-11-23,99517.99799999995,0.0,99517.99799999995,2,2
2022-11-25,99499.94199999995,0.0,99499.94199999995,0,2
2022-11-28,99480.02299999994,0.0,99480.02299999994,1,2
2022-11-29,99460.10399999995,0.0,99460.10399999995,0,2
2022-11-30,99451.59799999994,0.0,99451.59799999994,1,2
2022-12-01,99443.09199999995,0.0,99443.09199999995,0,2
2022-12-02,99432.68249999994,0.0,99432.68249999994,1,2
2022-12-05,99402.80399999993,0.0,99402.80399999993,1,2
2022-12-06,99384.75699999993,0.0,99384.75699999993,2,2
2022-12-07,99364.00099999992,0.0,99364.00099999992,3,2
2022-12-08,99287.74499999991,0.0,99287.74499999991,1,2
2022-12-09,99269.76099999991,0.0,99269.76099999991,0,2
2022-12-12,99259.7384999999,0.0,99259.7384999999,1,2
2022-12-13,99228.84299999989,0.0,99228.84299999989,1,2
2022-12-14,99188.32999999989,0.0,99188.32999999989,1,2
2022-12-15,99168.89699999988,0.0,99168.89699999988,2,2
2022-12-16,99109.16699999987,0.0,99109.16699999987,1,2
2022-12-19,99088.50999999986,0.0,99088.50999999986,0,2
2022-12-20,99069.89599999986,0.0,99069.89599999986,1,2
2022-12-21,99049.68899999985,0.0,99049.68899999985,2,2
2022-12-22,99029.94099999985,0.0,99029.94099999985,3,2
2022-12-23,99012.72199999983,0.0,99012.72199999983,4,2
2022-12-27,98936.93399999983,0.0,98936.93399999983,0,2
2022-12-28,98936.93399999983,0.0,98936.93399999983,0,2
2022-12-29,98919.23799999982,0.0,98919.23799999982,1,2
2022-12-30,99983.087,0.0,99983.087,1,3
2023-01-03,99964.72499999999,0.0,99964.72499999999,2,3
2023-01-04,99946.74099999998,0.0,99946.74099999998,3,3
2023-01-05,99893.48199999999,0.0,99893.48199999999,0,3
2023-01-06,99876.10999999999,0.0,99876.10999999999,1,3
2023-01-09,99858.93599999999,0.0,99858.93599999999,2,3
2023-01-10,99824.38999999998,0.0,99824.38999999998,0,3
2023-01-11,99824.38999999998,0.0,99824.38999999998,0,3
2023-01-12,99824.38999999998,0.0,99824.38999999998,0,3
2023-01-13,99824.38999999998,0.0,99824.38999999998,0,3
2023-01-17,99807.29699999998,0.0,99807.29699999998,1,3
2023-01-18,99786.85599999997,0.0,99786.85599999997,2,3
2023-01-19,99768.97999999997,0.0,99768.97999999997,3,3
2023-01-20,99713.56999999996,0.0,99713.56999999996,0,3
2023-01-23,99713.56999999996,0.0,99713.56999999996,0,3
2023-01-24,99713.56999999996,0.0,99713.56999999996,0,3
2023-01-25,99704.17749999996,0.0,99704.17749999996,1,3
2023-01-26,99694.73999999996,0.0,99694.73999999996,2,3
2023-01-27,99657.42199999995,0.0,99657.42199999995,1,3
2023-01-30,99638.85299999994,0.0,99638.85299999994,2,3
2023-01-31,99591.57999999994,0.0,99591.57999999994,1,3
2023-02-01,99581.66999999994,0.0,99581.66999999994,2,3
2023-02-02,99571.31899999993,0.0,99571.31899999993,3,3
2023-02-03,99519.62699999992,0.0,99519.62699999992,1,3
2023-02-06,99498.41199999992,0.0,99498.41199999992,0,3
2023-02-07,99488.77649999992,0.0,99488.77649999992,1,3
2023-02-08,99459.4559999999,0.0,99459.4559999999,1,3
2023-02-09,99442.23699999989,0.0,99442.23699999989,2,3
2023-02-10,99394.9009999999,0.0,99394.9009999999,1,3
2023-02-13,99386.3274999999,0.0,99386.3274999999,2,3
2023-02-14,99375.71549999989,0.0,99375.71549999989,3,3
2023-02-15,99365.70649999988,0.0,99365.70649999988,4,3
2023-02-16,99308.52799999987,0.0,99308.52799999987,1,3
2023-02-17,99290.97599999988,0.0,99290.97599999988,0,3
2023-02-21,99271.05699999987,0.0,99271.05699999987,1,3
2023-02-22,99253.27099999986,0.0,99253.27099999986,2,3
2023-02-23,99234.76499999985,0.0,99234.76499999985,3,3
2023-02-24,99216.90699999985,0.0,99216.90699999985,4,3
2023-02-27,99142.83799999987,0.0,99142.83799999987,0,3
2023-02-28,99142.83799999987,0.0,99142.83799999987,0,3
2023-03-01,99123.97199999986,0.0,99123.97199999986,1,3
2023-03-02,99106.84299999986,0.0,99106.84299999986,2,3
2023-03-03,99070.84799999987,0.0,99070.84799999987,0,3
2023-03-06,99052.22499999986,0.0,99052.22499999986,1,3
2023-03-07,99033.60199999985,0.0,99033.60199999985,0,3
2023-03-08,99013.52999999985,0.0,99013.52999999985,1,3
2023-03-09,98984.60999999986,0.0,98984.60999999986,1,3
2023-03-10,98975.76199999986,0.0,98975.76199999986,0,3
2023-03-13,98975.76199999986,0.0,98975.76199999986,0,3
2023-03-14,98955.10499999985,0.0,98955.10499999985,1,3
2023-03-15,99980.252,0.0,99980.252,1,4
2023-03-16,99962.15099999998,0.0,99962.15099999998,2,4
2023-03-17,99914.75649999997,0.0,99914.75649999997,1,4
2023-03-20,99887.24499999998,0.0,99887.24499999998,1,4
2023-03-21,99867.16399999998,0.0,99867.16399999998,2,4
2023-03-22,99818.61749999996,0.0,99818.61749999996,1,4
2023-03-23,99808.11799999996,0.0,99808.11799999996,0,4
2023-03-24,99788.34299999995,0.0,99788.34299999995,1,4
2023-03-27,99767.90199999994,0.0,99767.90199999994,2,4
2023-03-28,99748.26199999994,0.0,99748.26199999994,3,4
2023-03-29,99688.40599999994,0.0,99688.40599999994,0,4
2023-03-30,99688.40599999994,0.0,99688.40599999994,0,4
2023-03-31,99688.40599999994,0.0,99688.40599999994,0,4
2023-04-03,99688.40599999994,0.0,99688.40599999994,0,4
2023-04-04,99668.10899999994,0.0,99668.10899999994,1,4
2023-04-05,99647.81199999993,0.0,99647.81199999993,0,4
2023-04-06,99647.81199999993,0.0,99647.81199999993,0,4
2023-04-10,99647.81199999993,0.0,99647.81199999993,0,4
2023-04-11,99628.96399999992,0.0,99628.96399999992,1,4
2023-04-12,99608.10899999991,0.0,99608.10899999991,2,4
2023-04-13,99558.16749999991,0.0,99558.16749999991,1,4
2023-04-14,99547.9289999999,0.0,99547.9289999999,0,4
2023-04-17,99538.8559999999,0.0,99538.8559999999,1,4
2023-04-18,99529.7829999999,0.0,99529.7829999999,0,4
2023-04-19,99529.7829999999,0.0,99529.7829999999,0,4
2023-04-20,99529.7829999999,0.0,99529.7829999999,0,4
2023-04-21,99529.7829999999,0.0,99529.7829999999,0,4
2023-04-24,99529.7829999999,0.0,99529.7829999999,0,4
2023-04-25,99529.7829999999,0.0,99529.7829999999,0,4
2023-04-26,99529.7829999999,0.0,99529.7829999999,0,4
2023-04-27,99529.7829999999,0.0,99529.7829999999,0,4
2023-04-28,99519.81449999989,0.0,99519.81449999989,1,4
2023-05-01,99491.20499999989,0.0,99491.20499999989,1,4
2023-05-02,99471.34899999989,0.0,99471.34899999989,2,4
2023-05-03,99432.85199999988,0.0,99432.85199999988,0,4
2023-05-04,99413.86899999988,0.0,99413.86899999988,1,4
2023-05-05,99394.88599999988,0.0,99394.88599999988,0,4
2023-05-08,99377.81999999988,0.0,99377.81999999988,1,4
2023-05-09,99357.88299999987,0.0,99357.88299999987,2,4
2023-05-10,99320.87999999986,0.0,99320.87999999986,0,4
2023-05-11,99299.86299999985,0.0,99299.86299999985,1,4
2023-05-12,99282.19399999984,0.0,99282.19399999984,2,4
2023-05-15,99243.50799999984,0.0,99243.50799999984,0,4
2023-05-16,99224.63299999984,0.0,99224.63299999984,1,4
2023-05-17,99196.31149999984,0.0,99196.31149999984,1,4
2023-05-18,99186.41499999983,0.0,99186.41499999983,2,4
2023-05-19,99149.21399999982,0.0,99149.21399999982,1,4
2023-05-22,99131.35599999983,0.0,99131.35599999983,0,4
2023-05-23,99111.43699999982,0.0,99111.43699999982,1,4
2023-05-24,99091.35599999981,0.0,99091.35599999981,2,4
2023-05-25,100000.0,0.0,100000.0,0,5
2023-05-26,99990.44099999999,0.0,99990.44099999999,1,5
2023-05-30,99980.882,0.0,99980.882,0,5
2023-05-31,99980.882,0.0,99980.882,0,5
2023-06-01,99972.151,0.0,99972.151,1,5
2023-06-02,99961.665,0.0,99961.665,2,5
2023-06-05,99925.23799999998,0.0,99925.23799999998,1,5
2023-06-06,99897.59149999998,0.0,99897.59149999998,1,5
2023-06-07,99887.15499999998,0.0,99887.15499999998,0,5
2023-06-08,99877.99649999998,0.0,99877.99649999998,1,5
2023-06-09,99868.83799999997,0.0,99868.83799999997,0,5
2023-06-12,99858.74799999998,0.0,99858.74799999998,1,5
2023-06-13,99848.45099999997,0.0,99848.45099999997,2,5
2023-06-14,99837.91999999997,0.0,99837.91999999997,3,5
2023-06-15,99827.28999999996,0.0,99827.28999999996,4,5
2023-06-16,99767.12799999995,0.0,99767.12799999995,1,5
2023-06-20,99748.51399999995,0.0,99748.51399999995,0,5
2023-06-21,99748.51399999995,0.0,99748.51399999995,0,5
2023-06-22,99739.64349999995,0.0,99739.64349999995,1,5
2023-06-23,99730.77299999994,0.0,99730.77299999994,0,5
2023-06-26,99710.37699999993,0.0,99710.37699999993,1,5
2023-06-27,99680.95749999995,0.0,99680.95749999995,1,5
2023-06-28,99671.93399999995,0.0,99671.93399999995,0,5
2023-06-29,99671.93399999995,0.0,99671.93399999995,0,5
2023-06-30,99671.93399999995,0.0,99671.93399999995,0,5
2023-07-03,99671.93399999995,0.0,99671.93399999995,0,5
2023-07-05,99671.93399999995,0.0,99671.93399999995,0,5
2023-07-06,99671.93399999995,0.0,99671.93399999995,0,5
2023-07-07,99651.52899999995,0.0,99651.52899999995,1,5
2023-07-10,99631.12399999995,0.0,99631.12399999995,0,5
2023-07-11,99622.68099999995,0.0,99622.68099999995,1,5
2023-07-12,99614.23799999995,0.0,99614.23799999995,0,5
2023-07-13,99604.48999999995,0.0,99604.48999999995,1,5
2023-07-14,99594.74199999994,0.0,99594.74199999994,0,5
2023-07-17,99584.81399999994,0.0,99584.81399999994,1,5
2023-07-18,99575.62849999993,0.0,99575.62849999993,2,5
2023-07-19,99556.51499999993,0.0,99556.51499999993,0,5
2023-07-20,99556.51499999993,0.0,99556.51499999993,0,5
2023-07-21,99556.51499999993,0.0,99556.51499999993,0,5
2023-07-24,99556.51499999993,0.0,99556.51499999993,0,5
2023-07-25,99556.51499999993,0.0,99556.51499999993,0,5
2023-07-26,99547.19449999993,0.0,99547.19449999993,1,5
2023-07-27,99518.77399999992,0.0,99518.77399999992,1,5
2023-07-28,99499.67399999991,0.0,99499.67399999991,0,5
2023-07-31,99491.11849999991,0.0,99491.11849999991,1,5
2023-08-01,99482.56299999991,0.0,99482.56299999991,0,5
2023-08-02,99463.5799999999,0.0,99463.5799999999,1,5
2023-08-03,99443.4359999999,0.0,99443.4359999999,2,5
2023-08-04,99404.3089999999,0.0,99404.3089999999,0,5
2023-08-07,99385.8479999999,0.0,99385.8479999999,1,5
2023-08-08,99982.025,0.0,99982.025,1,6
2023-08-09,99964.04999999999,0.0,99964.04999999999,0,6
2023-08-10,99964.04999999999,0.0,99964.04999999999,0,6
2023-08-11,99944.36499999998,0.0,99944.36499999998,1,6
2023-08-14,99926.96599999997,0.0,99926.96599999997,2,6
2023-08-15,99889.88199999997,0.0,99889.88199999997,0,6
2023-08-16,99889.88199999997,0.0,99889.88199999997,0,6
2023-08-17,99889.88199999997,0.0,99889.88199999997,0,6
2023-08-18,99869.43199999996,0.0,99869.43199999996,1,6
2023-08-21,99850.92599999995,0.0,99850.92599999995,2,6
2023-08-22,99811.96999999996,0.0,99811.96999999996,0,6
2023-08-23,99791.09699999995,0.0,99791.09699999995,1,6
2023-08-24,99761.52449999994,0.0,99761.52449999994,1,6
2023-08-25,99733.75199999993,0.0,99733.75199999993,1,6
2023-08-28,99716.66799999993,0.0,99716.66799999993,2,6
2023-08-29,99680.51099999993,0.0,99680.51099999993,0,6
2023-08-30,99662.31999999992,0.0,99662.31999999992,1,6
2023-08-31,99643.53499999992,0.0,99643.53499999992,2,6
2023-09-01,99625.5059999999,0.0,99625.5059999999,3,6
2023-09-05,99607.0899999999,0.0,99607.0899999999,4,6
2023-09-06,99589.08799999989,0.0,99589.08799999989,5,6
2023-09-07,99570.12299999988,0.0,99570.12299999988,6,6
2023-09-08,99551.49099999986,0.0,99551.49099999986,7,6
2023-09-11,99422.47099999987,0.0,99422.47099999987,0,6
2023-09-12,99404.26199999987,0.0,99404.26199999987,1,6
2023-09-13,99386.52099999986,0.0,99386.52099999986,2,6
2023-09-14,99367.74499999985,0.0,99367.74499999985,3,6
2023-09-15,99313.01899999985,0.0,99313.01899999985,0,6
2023-09-18,99295.15199999984,0.0,99295.15199999984,1,6
2023-09-19,99273.99099999983,0.0,99273.99099999983,2,6
2023-09-20,99226.02499999983,0.0,99226.02499999983,1,6
2023-09-21,99215.84949999984,0.0,99215.84949999984,2,6
2023-09-22,99206.11049999984,0.0,99206.11049999984,3,6
2023-09-25,99160.16499999983,0.0,99160.16499999983,1,6
2023-09-26,99133.91799999983,0.0,99133.91799999983,1,6
2023-09-27,99104.71899999982,0.0,99104.71899999982,1,6
2023-09-28,99084.67399999982,0.0,99084.67399999982,0,6
2023-09-29,99074.00799999983,0.0,99074.00799999983,1,6
2023-10-02,99042.16299999983,0.0,99042.16299999983,1,6
2023-10-03,99012.14949999982,0.0,99012.14949999982,1,6
2023-10-04,98983.90899999983,0.0,98983.90899999983,1,6
2023-10-05,98964.35899999982,0.0,98964.35899999982,2,6
2023-10-06,98945.67299999982,0.0,98945.67299999982,3,6
2023-10-09,98924.51199999981,0.0,98924.51199999981,4,6
2023-10-10,98905.82599999981,0.0,98905.82599999981,5,6
2023-10-11,98808.33699999981,0.0,98808.33699999981,0,6
2023-10-12,98788.0309999998,0.0,98788.0309999998,1,6
2023-10-13,98767.58099999979,0.0,98767.58099999979,2,6
2023-10-16,98749.41699999978,0.0,98749.41699999978,3,6
2023-10-17,98690.49699999978,0.0,98690.49699999978,0,6
2023-10-18,99980.711,0.0,99980.711,1,7
2023-10-19,99961.42199999999,0.0,99961.42199999999,0,7
2023-10-20,99952.40749999999,0.0,99952.40749999999,1,7
2023-10-23,99942.65049999999,0.0,99942.65049999999,2,7
2023-10-24,99906.01199999997,0.0,99906.01199999997,1,7
2023-10-25,99849.19499999998,29.399999999999878,99878.59499999997,1,7
2023-10-26,99810.24499999998,58.799999999999756,99869.04499999998,2,7
2023-10-27,99801.00099999997,58.799999999999756,99859.80099999998,3,7
2023-10-30,99831.45699999998,0.0,99831.45699999998,0,7
2023-10-31,99813.97699999997,0.0,99813.97699999997,1,7
2023-11-01,99796.98299999996,0.0,99796.98299999996,2,7
2023-11-02,99778.56699999995,0.0,99778.56699999995,3,7
2023-11-03,99759.74599999994,0.0,99759.74599999994,4,7
2023-11-06,99741.26699999993,0.0,99741.26699999993,5,7
2023-11-07,99723.90399999992,0.0,99723.90399999992,6,7
2023-11-08,99706.82899999991,0.0,99706.82899999991,7,7
2023-11-09,99686.68499999991,0.0,99686.68499999991,8,7
2023-11-10,99541.91299999991,0.0,99541.91299999991,0,7
2023-11-13,99522.6419999999,0.0,99522.6419999999,1,7
2023-11-14,99503.37099999991,0.0,99503.37099999991,0,7
2023-11-15,99483.9829999999,0.0,99483.9829999999,1,7
2023-11-16,99464.5949999999,0.0,99464.5949999999,0,7
2023-11-17,99464.5949999999,0.0,99464.5949999999,0,7
2023-11-20,99464.5949999999,0.0,99464.5949999999,0,7
2023-11-21,99464.5949999999,0.0,99464.5949999999,0,7
2023-11-22,99464.5949999999,0.0,99464.5949999999,0,7
2023-11-24,99454.9099999999,0.0,99454.9099999999,1,7
2023-11-27,99445.2249999999,0.0,99445.2249999999,0,7
2023-11-28,99445.2249999999,0.0,99445.2249999999,0,7
2023-11-29,99425.7739999999,0.0,99425.7739999999,1,7
2023-11-30,99397.4029999999,0.0,99397.4029999999,1,7
2023-12-01,99388.2579999999,0.0,99388.2579999999,2,7
2023-12-04,99379.4684999999,0.0,99379.4684999999,3,7
2023-12-05,99352.6139999999,0.0,99352.6139999999,0,7
2023-12-06,99333.7299999999,0.0,99333.7299999999,1,7
2023-12-07,99314.84599999989,0.0,99314.84599999989,0,7
2023-12-08,99305.38599999988,0.0,99305.38599999988,1,7
2023-12-11,99296.73149999988,0.0,99296.73149999988,2,7
2023-12-12,99287.58649999987,0.0,99287.58649999987,3,7
2023-12-13,99277.81149999987,0.0,99277.81149999987,4,7
2023-12-14,99240.77699999986,0.0,99240.77699999986,0,7
2023-12-15,99240.77699999986,0.0,99240.77699999986,0,7
2023-12-18,99240.77699999986,0.0,99240.77699999986,0,7
2023-12-19,99231.29899999985,0.0,99231.29899999985,1,7
2023-12-20,99204.28699999985,0.0,99204.28699999985,1,7
2023-12-21,99178.23799999985,0.0,99178.23799999985,1,7
2023-12-22,99169.72299999985,0.0,99169.72299999985,0,7
2023-12-26,99159.88049999985,0.0,99159.88049999985,1,7
2023-12-27,99151.00999999985,0.0,99151.00999999985,2,7
2023-12-28,99132.29699999985,0.0,99132.29699999985,0,7
2023-12-29,100000.0,0.0,100000.0,0,8
2024-01-02,99989.3925,0.0,99989.3925,1,8
2024-01-03,99960.774,0.0,99960.774,1,8
2024-01-04,99942.763,0.0,99942.763,0,8
2024-01-05,99921.791,0.0,99921.791,1,8
2024-01-08,99900.819,0.0,99900.819,0,8
2024-01-09,99880.711,0.0,99880.711,1,8
2024-01-10,99860.603,0.0,99860.603,0,8
2024-01-11,99860.603,0.0,99860.603,0,8
2024-01-12,99839.991,0.0,99839.991,1,8
2024-01-16,99820.828,0.0,99820.828,2,8
2024-01-17,99799.66699999999,0.0,99799.66699999999,3,8
2024-01-18,99738.731,0.0,99738.731,0,8
2024-01-19,99730.2745,0.0,99730.2745,1,8
2024-01-22,99721.818,0.0,99721.818,0,8
2024-01-23,99712.205,0.0,99712.205,1,8
2024-01-24,99683.141,0.0,99683.141,1,8
2024-01-25,99653.2535,0.0,99653.2535,1,8
2024-01-26,99642.81700000001,0.0,99642.81700000001,0,8
2024-01-29,99632.6955,0.0,99632.6955,1,8
2024-01-30,99622.57400000001,0.0,99622.57400000001,0,8
2024-01-31,99601.566,0.0,99601.566,1,8
2024-02-01,99570.648,0.0,99570.648,1,8
2024-02-02,99560.8055,0.0,99560.8055,2,8
2024-02-05,99541.053,0.0,99541.053,0,8
2024-02-06,99531.044,0.0,99531.044,1,8
2024-02-07,99520.639,0.0,99520.639,2,8
2024-02-08,99500.22499999999,0.0,99500.22499999999,0,8
2024-02-09,99490.135,0.0,99490.135,1,8
2024-02-12,99480.045,0.0,99480.045,0,8
2024-02-13,99480.045,0.0,99480.045,0,8
2024-02-14,99469.85149999999,0.0,99469.85149999999,1,8
2024-02-15,99461.20599999999,0.0,99461.20599999999,2,8
2024-02-16,99422.82599999999,0.0,99422.82599999999,1,8
2024-02-20,99403.28499999999,0.0,99403.28499999999,0,8
2024-02-21,99394.72949999999,0.0,99394.72949999999,1,8
2024-02-22,99386.30449999998,0.0,99386.30449999998,2,8
2024-02-23,99369.32399999998,0.0,99369.32399999998,0,8
2024-02-26,99351.11499999998,0.0,99351.11499999998,1,8
2024-02-27,99324.22449999997,0.0,99324.22449999997,1,8
2024-02-28,99315.54299999996,0.0,99315.54299999996,0,8
2024-02-29,99315.54299999996,0.0,99315.54299999996,0,8
2024-03-01,99305.02549999996,0.0,99305.02549999996,1,8
2024-03-04,99294.50799999996,0.0,99294.50799999996,0,8
2024-03-05,99294.50799999996,0.0,99294.50799999996,0,8
2024-03-06,99294.50799999996,0.0,99294.50799999996,0,8
2024-03-07,99294.50799999996,0.0,99294.50799999996,0,8
2024-03-08,99276.95599999995,0.0,99276.95599999995,1,8
2024-03-11,99250.42999999995,0.0,99250.42999999995,1,8
2024-03-12,99240.07899999994,0.0,99240.07899999994,2,8
2024-03-13,100000.0,0.0,100000.0,0,9
2024-03-14,99990.42749999999,0.0,99990.42749999999,1,9
2024-03-15,99961.60199999998,0.0,99961.60199999998,1,9
2024-03-18,99944.42799999999,0.0,99944.42799999999,2,9
2024-03-19,99898.13149999999,0.0,99898.13149999999,1,9
2024-03-20,99888.79749999999,0.0,99888.79749999999,2,9
2024-03-21,99852.47399999997,0.0,99852.47399999997,1,9
2024-03-22,99835.35399999998,0.0,99835.35399999998,0,9
2024-03-25,99835.35399999998,0.0,99835.35399999998,0,9
2024-03-26,99815.18299999998,0.0,99815.18299999998,1,9
2024-03-27,99786.28549999997,0.0,99786.28549999997,1,9
2024-03-28,99777.55899999996,0.0,99777.55899999996,0,9
2024-04-01,99777.55899999996,0.0,99777.55899999996,0,9
2024-04-02,99777.55899999996,0.0,99777.55899999996,0,9
2024-04-03,99757.92799999996,0.0,99757.92799999996,1,9
2024-04-04,99740.56499999994,0.0,99740.56499999994,2,9
2024-04-05,99703.57099999995,0.0,99703.57099999995,0,9
2024-04-08,99685.62299999995,0.0,99685.62299999995,1,9
2024-04-09,99667.67499999994,0.0,99667.67499999994,0,9
2024-04-10,99649.36699999994,0.0,99649.36699999994,1,9
2024-04-11,99632.06699999994,0.0,99632.06699999994,2,9
2024-04-12,99596.45899999993,0.0,99596.45899999993,0,9
2024-04-15,99596.45899999993,0.0,99596.45899999993,0,9
2024-04-16,99596.45899999993,0.0,99596.45899999993,0,9
2024-04-17,99596.45899999993,0.0,99596.45899999993,0,9
2024-04-18,99596.45899999993,0.0,99596.45899999993,0,9
2024-04-19,99596.45899999993,0.0,99596.45899999993,0,9
2024-04-22,99577.61099999992,0.0,99577.61099999992,1,9
2024-04-23,99557.9259999999,0.0,99557.9259999999,2,9
2024-04-24,99538.4569999999,0.0,99538.4569999999,3,9
2024-04-25,99520.71599999988,0.0,99520.71599999988,4,9
2024-04-26,99444.9729999999,0.0,99444.9729999999,0,9
2024-04-29,99425.9269999999,0.0,99425.9269999999,1,9
2024-04-30,99398.22199999989,0.0,99398.22199999989,1,9
2024-05-01,99389.5629999999,0.0,99389.5629999999,0,9
2024-05-02,99370.48999999989,0.0,99370.48999999989,1,9
2024-05-03,99350.22899999989,0.0,99350.22899999989,2,9
2024-05-06,99310.89499999989,0.0,99310.89499999989,0,9
2024-05-07,99293.72099999989,0.0,99293.72099999989,1,9
2024-05-08,99276.59199999989,0.0,99276.59199999989,2,9
2024-05-09,99242.28899999989,0.0,99242.28899999989,0,9
2024-05-10,99223.94499999988,0.0,99223.94499999988,1,9
2024-05-13,99205.66399999987,0.0,99205.66399999987,2,9
2024-05-14,99169.03899999987,0.0,99169.03899999987,0,9
2024-05-15,99169.03899999987,0.0,99169.03899999987,0,9
2024-05-16,99148.75999999986,0.0,99148.75999999986,1,9
2024-05-17,99128.48099999987,0.0,99128.48099999987,0,9
2024-05-20,99128.48099999987,0.0,99128.48099999987,0,9
2024-05-21,99119.54299999986,0.0,99119.54299999986,1,9
2024-05-22,99110.60499999986,0.0,99110.60499999986,0,9
2024-05-23,99980.036,0.0,99980.036,1,10
2024-05-24,99960.07199999999,0.0,99960.07199999999,0,10
2024-05-28,99950.43649999998,0.0,99950.43649999998,1,10
2024-05-29,99940.80099999998,0.0,99940.80099999998,0,10
2024-05-30,99923.85199999997,0.0,99923.85199999997,1,10
2024-05-31,99906.90299999998,0.0,99906.90299999998,0,10
2024-06-03,99906.90299999998,0.0,99906.90299999998,0,10
2024-06-04,99906.90299999998,0.0,99906.90299999998,0,10
2024-06-05,99906.90299999998,0.0,99906.90299999998,0,10
2024-06-06,99906.90299999998,0.0,99906.90299999998,0,10
2024-06-07,99888.69399999997,0.0,99888.69399999997,1,10
2024-06-10,99870.48499999997,0.0,99870.48499999997,0,10
2024-06-11,99861.81249999997,0.0,99861.81249999997,1,10
2024-06-12,99853.13999999997,0.0,99853.13999999997,0,10
2024-06-13,99844.69249999996,0.0,99844.69249999996,1,10
2024-06-14,99836.14149999995,0.0,99836.14149999995,2,10
2024-06-17,99827.53649999996,0.0,99827.53649999996,3,10
2024-06-18,99818.66599999995,0.0,99818.66599999995,4,10
2024-06-20,99784.19199999995,0.0,99784.19199999995,0,10
2024-06-21,99784.19199999995,0.0,99784.19199999995,0,10
2024-06-24,99767.12599999995,0.0,99767.12599999995,1,10
2024-06-25,99740.58649999993,0.0,99740.58649999993,1,10
2024-06-26,99731.26599999993,0.0,99731.26599999993,2,10
2024-06-27,99722.33249999993,0.0,99722.33249999993,3,10
2024-06-28,99676.20699999994,0.0,99676.20699999994,1,10
2024-07-01,99657.80899999994,0.0,99657.80899999994,0,10
2024-07-02,99648.70449999993,0.0,99648.70449999993,1,10
2024-07-03,99638.49749999992,0.0,99638.49749999992,2,10
2024-07-05,99629.10949999992,0.0,99629.10949999992,3,10
2024-07-08,99600.40999999992,0.0,99600.40999999992,0,10
2024-07-09,99600.40999999992,0.0,99600.40999999992,0,10
2024-07-10,99591.45399999991,0.0,99591.45399999991,1,10
2024-07-11,99562.0659999999,0.0,99562.0659999999,1,10
2024-07-12,99541.6339999999,0.0,99541.6339999999,0,10
2024-07-15,99541.6339999999,0.0,99541.6339999999,0,10
2024-07-16,99532.0209999999,0.0,99532.0209999999,1,10
2024-07-17,99505.0539999999,0.0,99505.0539999999,1,10
2024-07-18,99483.8479999999,0.0,99483.8479999999,2,10
2024-07-19,99465.65699999989,0.0,99465.65699999989,3,10
2024-07-22,99408.90599999987,0.0,99408.90599999987,0,10
2024-07-23,99390.90399999986,0.0,99390.90399999986,1,10
2024-07-24,99372.90199999987,0.0,99372.90199999987,0,10
2024-07-25,99372.90199999987,0.0,99372.90199999987,0,10
2024-07-26,99353.29799999986,0.0,99353.29799999986,1,10
2024-07-29,99333.69399999986,0.0,99333.69399999986,0,10
2024-07-30,99333.69399999986,0.0,99333.69399999986,0,10
2024-07-31,99313.86499999985,0.0,99313.86499999985,1,10
2024-08-01,99294.03599999985,0.0,99294.03599999985,0,10
2024-08-02,99276.82599999984,0.0,99276.82599999984,1,10
2024-08-05,99238.37399999982,0.0,99238.37399999982,1,10
2024-08-06,99989.4825,0.0,99989.4825,1,11
2024-08-07,99980.5355,0.0,99980.5355,2,11
2024-08-08,99941.38599999998,0.0,99941.38599999998,1,11
2024-08-09,99924.09499999997,0.0,99924.09499999997,2,11
2024-08-12,99887.11899999998,0.0,99887.11899999998,0,11
2024-08-13,99866.18299999998,0.0,99866.18299999998,1,11
2024-08-14,99848.20799999997,0.0,99848.20799999997,2,11
2024-08-15,99830.84499999996,0.0,99830.84499999996,3,11
2024-08-16,99811.12399999995,0.0,99811.12399999995,4,11
2024-08-19,99735.12899999994,0.0,99735.12899999994,0,11
2024-08-20,99717.19899999994,0.0,99717.19899999994,1,11
2024-08-21,99699.26899999994,0.0,99699.26899999994,0,11
2024-08-22,99681.26699999993,0.0,99681.26699999993,1,11
2024-08-23,99663.26499999994,0.0,99663.26499999994,0,11
2024-08-26,99643.45399999994,0.0,99643.45399999994,1,11
2024-08-27,99623.64299999994,0.0,99623.64299999994,0,11
2024-08-28,99606.07299999993,0.0,99606.07299999993,1,11
2024-08-29,99585.48799999992,0.0,99585.48799999992,2,11
2024-08-30,99547.33299999991,0.0,99547.33299999991,0,11
2024-09-03,99526.3609999999,0.0,99526.3609999999,1,11
2024-09-04,99508.11599999989,0.0,99508.11599999989,2,11
2024-09-05,99488.66499999989,0.0,99488.66499999989,3,11
2024-09-06,99429.9969999999,0.0,99429.9969999999,0,11
2024-09-09,99412.1659999999,0.0,99412.1659999999,1,11
2024-09-10,99394.1549999999,0.0,99394.1549999999,2,11
2024-09-11,99374.5329999999,0.0,99374.5329999999,3,11
2024-09-12,99356.25199999989,0.0,99356.25199999989,4,11
2024-09-13,99338.96099999988,0.0,99338.96099999988,5,11
2024-09-16,99317.91699999987,0.0,99317.91699999987,6,11
2024-09-17,99300.55399999986,0.0,99300.55399999986,7,11
2024-09-18,99282.71399999985,0.0,99282.71399999985,8,11
2024-09-19,99135.43099999985,0.0,99135.43099999985,0,11
2024-09-20,99135.43099999985,0.0,99135.43099999985,0,11
2024-09-23,99135.43099999985,0.0,99135.43099999985,0,11
2024-09-24,99126.46599999985,0.0,99126.46599999985,1,11
2024-09-25,99117.50099999986,0.0,99117.50099999986,0,11
2024-09-26,99117.50099999986,0.0,99117.50099999986,0,11
2024-09-27,99117.50099999986,0.0,99117.50099999986,0,11
2024-09-30,99108.50899999986,0.0,99108.50899999986,1,11
2024-10-01,99099.51699999986,0.0,99099.51699999986,0,11
2024-10-02,99099.51699999986,0.0,99099.51699999986,0,11
2024-10-03,99099.51699999986,0.0,99099.51699999986,0,11
2024-10-04,99090.87599999986,0.0,99090.87599999986,1,11
2024-10-07,99065.11499999985,0.0,99065.11499999985,1,11
2024-10-08,99047.99499999985,0.0,99047.99499999985,0,11
2024-10-09,99039.40799999985,0.0,99039.40799999985,1,11
2024-10-10,99030.82099999985,0.0,99030.82099999985,0,11
2024-10-11,99030.82099999985,0.0,99030.82099999985,0,11
2024-10-14,99020.96499999985,0.0,99020.96499999985,1,11
2024-10-15,98992.20699999985,0.0,98992.20699999985,1,11
2024-10-16,99991.485,0.0,99991.485,1,12
2024-10-17,99961.75499999999,0.0,99961.75499999999,1,12
2024-10-18,99940.54,0.0,99940.54,0,12
2024-10-21,99931.6065,0.0,99931.6065,1,12
2024-10-22,99921.3005,0.0,99921.3005,2,12
2024-10-23,99902.061,0.0,99902.061,0,12
2024-10-24,99902.061,0.0,99902.061,0,12
2024-10-25,99882.097,0.0,99882.097,1,12
2024-10-28,99862.24999999999,0.0,99862.24999999999,2,12
2024-10-29,99822.43899999998,0.0,99822.43899999998,0,12
2024-10-30,99803.32999999997,0.0,99803.32999999997,1,12
2024-10-31,99784.22099999998,0.0,99784.22099999998,0,12
2024-11-01,99784.22099999998,0.0,99784.22099999998,0,12
2024-11-04,99764.94999999997,0.0,99764.94999999997,1,12
2024-11-05,99747.37999999996,0.0,99747.37999999996,2,12
2024-11-06,99710.53899999996,0.0,99710.53899999996,0,12
2024-11-07,99710.53899999996,0.0,99710.53899999996,0,12
2024-11-08,99710.53899999996,0.0,99710.53899999996,0,12
2024-11-11,99710.53899999996,0.0,99710.53899999996,0,12
2024-11-12,99710.53899999996,0.0,99710.53899999996,0,12
2024-11-13,99710.53899999996,0.0,99710.53899999996,0,12
2024-11-14,99689.95399999995,0.0,99689.95399999995,1,12
2024-11-15,99670.17899999995,0.0,99670.17899999995,2,12
2024-11-18,99629.81899999994,0.0,99629.81899999994,0,12
2024-11-19,99629.81899999994,0.0,99629.81899999994,0,12
2024-11-20,99629.81899999994,0.0,99629.81899999994,0,12
2024-11-21,99629.81899999994,0.0,99629.81899999994,0,12
2024-11-22,99629.81899999994,0.0,99629.81899999994,0,12
2024-11-25,99610.71899999994,0.0,99610.71899999994,1,12
2024-11-26,99591.61899999993,0.0,99591.61899999993,0,12
2024-11-27,99571.46599999993,0.0,99571.46599999993,1,12
2024-11-29,99551.31299999992,0.0,99551.31299999992,0,12
2024-12-02,99551.31299999992,0.0,99551.31299999992,0,12
2024-12-03,99551.31299999992,0.0,99551.31299999992,0,12
2024-12-04,99540.70999999992,0.0,99540.70999999992,1,12
2024-12-05,99530.10699999992,0.0,99530.10699999992,0,12
2024-12-06,99530.10699999992,0.0,99530.10699999992,0,12
2024-12-09,99530.10699999992,0.0,99530.10699999992,0,12
2024-12-10,99512.9869999999,0.0,99512.9869999999,1,12
2024-12-11,99495.86699999991,0.0,99495.86699999991,0,12
2024-12-12,99476.1639999999,0.0,99476.1639999999,1,12
2024-12-13,99456.46099999991,0.0,99456.46099999991,0,12
2024-12-16,99456.46099999991,0.0,99456.46099999991,0,12
2024-12-17,99436.7219999999,0.0,99436.7219999999,1,12
2024-12-18,99416.9829999999,0.0,99416.9829999999,0,12
2024-12-19,99416.9829999999,0.0,99416.9829999999,0,12
2024-12-20,99396.8479999999,0.0,99396.8479999999,1,12
2024-12-23,99357.89199999989,0.0,99357.89199999989,1,12
2024-12-24,99339.96199999988,0.0,99339.96199999988,2,12
2024-12-26,99322.06799999988,0.0,99322.06799999988,3,12
2024-12-27,99980.89099999999,0.0,99980.89099999999,1,13
2024-12-30,99960.18899999998,0.0,99960.18899999998,2,13
2024-12-31,99920.37799999998,0.0,99920.37799999998,0,13
2025-01-02,99920.37799999998,0.0,99920.37799999998,0,13
2025-01-03,99903.03299999998,0.0,99903.03299999998,1,13
2025-01-06,99884.25699999997,0.0,99884.25699999997,2,13
2025-01-07,99848.13599999997,0.0,99848.13599999997,0,13
2025-01-08,99829.49499999997,0.0,99829.49499999997,1,13
2025-01-10,99810.85399999996,0.0,99810.85399999996,0,13
2025-01-13,99790.50299999995,0.0,99790.50299999995,1,13
2025-01-14,99773.37399999995,0.0,99773.37399999995,2,13
2025-01-15,99756.27199999995,0.0,99756.27199999995,3,13
2025-01-16,99701.68999999996,0.0,99701.68999999996,0,13
2025-01-17,99682.58999999995,0.0,99682.58999999995,1,13
2025-01-21,99663.48999999995,0.0,99663.48999999995,0,13
2025-01-22,99643.09399999994,0.0,99643.09399999994,1,13
2025-01-23,99622.69799999995,0.0,99622.69799999995,0,13
2025-01-24,99601.77099999994,0.0,99601.77099999994,1,13
2025-01-27,99580.84399999994,0.0,99580.84399999994,0,13
2025-01-28,99580.84399999994,0.0,99580.84399999994,0,13
2025-01-29,99563.37299999993,0.0,99563.37299999993,1,13
2025-01-30,99545.90199999993,0.0,99545.90199999993,0,13
2025-01-31,99525.16399999992,0.0,99525.16399999992,1,13
2025-02-03,99504.42599999992,0.0,99504.42599999992,0,13
2025-02-04,99483.72399999991,0.0,99483.72399999991,1,13
2025-02-05,99463.02199999991,0.0,99463.02199999991,0,13
2025-02-06,99445.1099999999,0.0,99445.1099999999,1,13
2025-02-07,99425.3169999999,0.0,99425.3169999999,2,13
2025-02-10,99406.35199999988,0.0,99406.35199999988,3,13
2025-02-11,99387.53099999987,0.0,99387.53099999987,4,13
2025-02-12,99366.95499999987,0.0,99366.95499999987,5,13
2025-02-13,99270.88799999988,0.0,99270.88799999988,0,13
2025-02-14,99270.88799999988,0.0,99270.88799999988,0,13
2025-02-18,99270.88799999988,0.0,99270.88799999988,0,13
2025-02-19,99262.26949999988,0.0,99262.26949999988,1,13
2025-02-20,99253.65099999988,0.0,99253.65099999988,0,13
2025-02-21,99253.65099999988,0.0,99253.65099999988,0,13
2025-02-24,99253.65099999988,0.0,99253.65099999988,0,13
2025-02-25,99235.23499999987,0.0,99235.23499999987,1,13
2025-02-26,99216.81899999987,0.0,99216.81899999987,0,13
2025-02-27,99207.24649999986,0.0,99207.24649999986,1,13
2025-02-28,99177.83599999986,0.0,99177.83599999986,1,13
2025-03-03,99147.89449999986,0.0,99147.89449999986,1,13
2025-03-04,99137.79099999987,0.0,99137.79099999987,0,13
2025-03-05,99120.43699999986,0.0,99120.43699999986,1,13
2025-03-06,99103.08299999985,0.0,99103.08299999985,0,13
2025-03-07,99083.15499999985,0.0,99083.15499999985,1,13
2025-03-10,99053.41599999985,0.0,99053.41599999985,1,13
2025-03-11,99033.64099999984,0.0,99033.64099999984,1,13
2025-03-12,99023.67699999984,0.0,99023.67699999984,0,13
2025-03-13,99989.811,0.0,99989.811,1,14
2025-03-14,99962.493,0.0,99962.493,1,14
2025-03-17,99945.364,0.0,99945.364,0,14
2025-03-18,99945.364,0.0,99945.364,0,14
2025-03-19,99924.347,0.0,99924.347,1,14
2025-03-20,99893.55949999999,0.0,99893.55949999999,1,14
2025-03-21,99863.77099999998,0.0,99863.77099999998,1,14
2025-03-24,99843.84299999998,0.0,99843.84299999998,2,14
2025-03-25,99825.15699999998,0.0,99825.15699999998,3,14
2025-03-26,99766.52499999998,0.0,99766.52499999998,0,14
2025-03-27,99745.55299999997,0.0,99745.55299999997,1,14
2025-03-28,99714.73399999997,0.0,99714.73399999997,1,14
2025-03-31,99686.33599999997,0.0,99686.33599999997,1,14
2025-04-01,99668.10899999997,0.0,99668.10899999997,2,14
2025-04-02,99649.44099999996,0.0,99649.44099999996,3,14
2025-04-03,99585.20999999995,0.0,99585.20999999995,1,14
2025-04-04,99575.78599999995,0.0,99575.78599999995,2,14
2025-04-07,99539.03499999995,0.0,99539.03499999995,1,14
2025-04-08,99510.27699999994,0.0,99510.27699999994,1,14
2025-04-09,99482.20299999994,0.0,99482.20299999994,1,14
2025-04-10,99462.72499999993,0.0,99462.72499999993,2,14
2025-04-11,99405.33499999993,0.0,99405.33499999993,1,14
2025-04-14,99376.12699999992,0.0,99376.12699999992,1,14
2025-04-15,99367.65249999992,0.0,99367.65249999992,2,14
2025-04-16,99357.80549999991,0.0,99357.80549999991,3,14
2025-04-17,99348.88999999991,0.0,99348.88999999991,4,14
2025-04-21,99292.39099999992,0.0,99292.39099999992,1,14
2025-04-22,99275.3159999999,0.0,99275.3159999999,2,14
2025-04-23,99238.13299999991,0.0,99238.13299999991,0,14
2025-04-24,99220.5539999999,0.0,99220.5539999999,1,14
2025-04-25,99202.9749999999,0.0,99202.9749999999,0,14
2025-04-28,99202.9749999999,0.0,99202.9749999999,0,14
2025-04-29,99202.9749999999,0.0,99202.9749999999,0,14
2025-04-30,99202.9749999999,0.0,99202.9749999999,0,14
2025-05-01,99182.4979999999,0.0,99182.4979999999,1,14
2025-05-02,99164.9819999999,0.0,99164.9819999999,2,14
2025-05-05,99144.5409999999,0.0,99144.5409999999,3,14
2025-05-06,99126.52099999989,0.0,99126.52099999989,4,14
2025-05-07,99050.06699999988,0.0,99050.06699999988,0,14
2025-05-08,99031.02099999988,0.0,99031.02099999988,1,14
2025-05-09,99011.32699999987,0.0,99011.32699999987,2,14
2025-05-12,98972.58699999987,0.0,98972.58699999987,0,14
2025-05-13,98955.14299999987,0.0,98955.14299999987,1,14
2025-05-14,98937.69899999986,0.0,98937.69899999986,0,14
2025-05-15,98928.35599999985,0.0,98928.35599999985,1,14
2025-05-16,98919.16599999985,0.0,98919.16599999985,2,14
2025-05-19,98891.15049999986,0.0,98891.15049999986,1,14
2025-05-20,98880.63299999986,0.0,98880.63299999986,2,14
2025-05-21,98843.45899999986,0.0,98843.45899999986,1,14
2025-05-22,98826.28499999986,0.0,98826.28499999986,0,14
2025-05-23,100000.0,0.0,100000.0,0,15
2025-05-27,99989.9325,0.0,99989.9325,1,15
2025-05-28,99962.80799999999,0.0,99962.80799999999,1,15
2025-05-29,99945.75099999999,0.0,99945.75099999999,0,15
2025-05-30,99945.75099999999,0.0,99945.75099999999,0,15
2025-06-02,99945.75099999999,0.0,99945.75099999999,0,15
2025-06-03,99945.75099999999,0.0,99945.75099999999,0,15
2025-06-04,99927.48799999998,0.0,99927.48799999998,1,15
2025-06-05,99910.14299999998,0.0,99910.14299999998,2,15
2025-06-06,99874.53499999997,0.0,99874.53499999997,0,15
2025-06-09,99855.72299999997,0.0,99855.72299999997,1,15
2025-06-10,99826.49699999996,0.0,99826.49699999996,1,15
2025-06-11,99816.08299999996,0.0,99816.08299999996,0,15
2025-06-12,99807.09549999995,0.0,99807.09549999995,1,15
2025-06-13,99780.80799999995,0.0,99780.80799999995,1,15
2025-06-16,99763.50799999994,0.0,99763.50799999994,0,15
2025-06-17,99744.40799999994,0.0,99744.40799999994,1,15
2025-06-18,99725.30799999993,0.0,99725.30799999993,2,15
2025-06-20,99705.55999999992,0.0,99705.55999999992,3,15
2025-06-23,99647.6119999999,0.0,99647.6119999999,0,15
2025-06-24,99647.6119999999,0.0,99647.6119999999,0,15
2025-06-25,99647.6119999999,0.0,99647.6119999999,0,15
2025-06-26,99638.9034999999,0.0,99638.9034999999,1,15
2025-06-27,99629.3129999999,0.0,99629.3129999999,2,15
2025-06-30,99618.79549999989,0.0,99618.79549999989,3,15
2025-07-01,99589.97899999989,0.0,99589.97899999989,0,15
2025-07-02,99580.63149999989,0.0,99580.63149999989,1,15
2025-07-03,99571.28399999988,0.0,99571.28399999988,0,15
2025-07-07,99571.28399999988,0.0,99571.28399999988,0,15
2025-07-08,99571.28399999988,0.0,99571.28399999988,0,15
2025-07-09,99561.31099999989,0.0,99561.31099999989,1,15
2025-07-10,99551.39199999988,0.0,99551.39199999988,2,15
2025-07-11,99531.49999999988,0.0,99531.49999999988,0,15
2025-07-14,99521.86449999988,0.0,99521.86449999988,1,15
2025-07-15,99495.05499999988,0.0,99495.05499999988,1,15
2025-07-16,99468.68199999987,0.0,99468.68199999987,1,15
2025-07-17,99458.24999999987,0.0,99458.24999999987,2,15
2025-07-18,99438.61899999988,0.0,99438.61899999988,0,15
2025-07-21,99418.41199999987,0.0,99418.41199999987,1,15
2025-07-22,99389.16799999987,0.0,99389.16799999987,1,15
2025-07-23,99379.26249999987,0.0,99379.26249999987,2,15
2025-07-24,99360.31999999988,0.0,99360.31999999988,0,15
2025-07-25,99351.71499999988,0.0,99351.71499999988,1,15
2025-07-28,99343.10999999988,0.0,99343.10999999988,0,15
2025-07-29,99343.10999999988,0.0,99343.10999999988,0,15
2025-07-30,99343.10999999988,0.0,99343.10999999988,0,15
2025-07-31,99322.13799999988,0.0,99322.13799999988,1,15
2025-08-01,99283.61399999987,0.0,99283.61399999987,1,15
2025-08-04,99266.06199999987,0.0,99266.06199999987,0,15
2025-08-05,99245.13499999986,0.0,99245.13499999986,1,15
2025-08-06,100000.0,0.0,100000.0,0,16
2025-08-07,99982.92499999999,0.0,99982.92499999999,1,16
2025-08-08,99965.84999999999,0.0,99965.84999999999,0,16
2025-08-11,99945.92199999999,0.0,99945.92199999999,1,16
2025-08-12,99915.40449999999,0.0,99915.40449999999,1,16
2025-08-13,99904.81499999999,0.0,99904.81499999999,0,16
2025-08-14,99904.81499999999,0.0,99904.81499999999,0,16
2025-08-15,99904.81499999999,0.0,99904.81499999999,0,16
2025-08-18,99904.81499999999,0.0,99904.81499999999,0,16
2025-08-19,99885.54399999998,0.0,99885.54399999998,1,16
2025-08-20,99866.27299999999,0.0,99866.27299999999,0,16
2025-08-21,99866.27299999999,0.0,99866.27299999999,0,16
2025-08-22,99856.86249999999,0.0,99856.86249999999,1,16
2025-08-25,99828.35199999998,0.0,99828.35199999998,1,16
2025-08-26,99799.62999999998,0.0,99799.62999999998,1,16
2025-08-27,99790.00799999997,0.0,99790.00799999997,0,16
2025-08-28,99779.97199999997,0.0,99779.97199999997,1,16
2025-08-29,99769.93599999997,0.0,99769.93599999997,0,16
2025-09-02,99751.07899999997,0.0,99751.07899999997,1,16
2025-09-03,99732.22199999997,0.0,99732.22199999997,0,16
2025-09-04,99723.06799999996,0.0,99723.06799999996,1,16
2025-09-05,99713.91399999996,0.0,99713.91399999996,0,16
2025-09-08,99713.91399999996,0.0,99713.91399999996,0,16
2025-09-09,99704.21549999996,0.0,99704.21549999996,1,16
2025-09-10,99694.51699999996,0.0,99694.51699999996,0,16
2025-09-11,99686.03349999996,0.0,99686.03349999996,1,16
2025-09-12,99677.54999999996,0.0,99677.54999999996,0,16
2025-09-15,99668.40949999995,0.0,99668.40949999995,1,16
2025-09-16,99659.26899999996,0.0,99659.26899999996,0,16
2025-09-17,99659.26899999996,0.0,99659.26899999996,0,16
2025-09-18,99659.26899999996,0.0,99659.26899999996,0,16
2025-09-19,99650.30399999996,0.0,99650.30399999996,1,16
2025-09-22,99641.58199999995,0.0,99641.58199999995,2,16
2025-09-23,99623.89499999996,0.0,99623.89499999996,0,16
2025-09-24,99623.89499999996,0.0,99623.89499999996,0,16
2025-09-25,99623.89499999996,0.0,99623.89499999996,0,16
2025-09-26,99613.52599999995,0.0,99613.52599999995,1,16
2025-09-29,99603.15699999995,0.0,99603.15699999995,0,16
2025-09-30,99594.13799999995,0.0,99594.13799999995,1,16
2025-10-01,99585.28549999994,0.0,99585.28549999994,2,16
2025-10-02,99567.41399999995,0.0,99567.41399999995,0,16
2025-10-03,99547.60299999994,0.0,99547.60299999994,1,16
2025-10-06,99527.79199999994,0.0,99527.79199999994,0,16
2025-10-07,99527.79199999994,0.0,99527.79199999994,0,16
2025-10-08,99519.09249999994,0.0,99519.09249999994,1,16
2025-10-09,99510.39299999994,0.0,99510.39299999994,0,16
2025-10-10,99510.39299999994,0.0,99510.39299999994,0,16
2025-10-13,99489.52899999994,0.0,99489.52899999994,1,16
2025-10-14,99472.43599999993,0.0,99472.43599999993,2,16
2025-10-15,99453.48899999993,0.0,99453.48899999993,3,16
2025-10-16,100000.0,0.0,100000.0,0,17
2025-10-17,99981.449,0.0,99981.449,1,17
2025-10-20,99963.51899999999,0.0,99963.51899999999,2,17
2025-10-21,99943.25799999999,0.0,99943.25799999999,3,17
2025-10-22,99926.13799999998,0.0,99926.13799999998,4,17
2025-10-23,99908.62199999997,0.0,99908.62199999997,5,17
2025-10-24,99891.54699999996,0.0,99891.54699999996,6,17
2025-10-27,99783.09399999997,0.0,99783.09399999997,0,17
2025-10-28,99783.09399999997,0.0,99783.09399999997,0,17
2025-10-29,99766.14499999996,0.0,99766.14499999996,1,17
2025-10-30,99747.19799999996,0.0,99747.19799999996,2,17
2025-10-31,99711.30199999997,0.0,99711.30199999997,0,17
2025-11-03,99711.30199999997,0.0,99711.30199999997,0,17
2025-11-04,99692.41799999996,0.0,99692.41799999996,1,17
2025-11-05,99673.31799999996,0.0,99673.31799999996,2,17
2025-11-06,99654.49699999994,0.0,99654.49699999994,3,17
2025-11-07,99636.26999999995,0.0,99636.26999999995,4,17
2025-11-10,99561.23799999994,0.0,99561.23799999994,0,17
2025-11-11,99561.23799999994,0.0,99561.23799999994,0,17
2025-11-12,99543.59599999993,0.0,99543.59599999993,1,17
2025-11-13,99525.95399999993,0.0,99525.95399999993,0,17
2025-11-14,99508.59099999991,0.0,99508.59099999991,1,17
2025-11-17,99491.22799999992,0.0,99491.22799999992,0,17
2025-11-18,99491.22799999992,0.0,99491.22799999992,0,17
2025-11-19,99474.26099999991,0.0,99474.26099999991,1,17
2025-11-20,99448.8554999999,0.0,99448.8554999999,1,17
2025-11-21,99422.1899999999,0.0,99422.1899999999,1,17
2025-11-24,99401.9469999999,0.0,99401.9469999999,2,17
2025-11-25,99382.8289999999,0.0,99382.8289999999,3,17
2025-11-26,99364.01699999989,0.0,99364.01699999989,4,17
2025-11-28,99287.61699999988,0.0,99287.61699999988,0,17
2025-12-01,99268.75999999988,0.0,99268.75999999988,1,17
2025-12-02,99248.28299999988,0.0,99248.28299999988,2,17
2025-12-03,99208.94899999988,0.0,99208.94899999988,0,17
2025-12-04,99208.94899999988,0.0,99208.94899999988,0,17
2025-12-05,99189.22799999987,0.0,99189.22799999987,1,17
2025-12-08,99169.50699999987,0.0,99169.50699999987,0,17
2025-12-09,99148.64299999987,0.0,99148.64299999987,1,17
2025-12-10,99117.13549999986,0.0,99117.13549999986,1,17
2025-12-11,99107.21199999985,0.0,99107.21199999985,2,17
2025-12-12,99069.12899999984,0.0,99069.12899999984,1,17
2025-12-15,99049.37199999983,0.0,99049.37199999983,2,17
2025-12-16,99031.28899999983,0.0,99031.28899999983,3,17
2025-12-17,98975.93299999983,0.0,98975.93299999983,0,17
2025-12-18,98975.93299999983,0.0,98975.93299999983,0,17
2025-12-19,98956.30199999982,0.0,98956.30199999982,1,17
2025-12-22,98937.35499999982,0.0,98937.35499999982,2,17
2025-12-23,98898.77699999983,0.0,98898.77699999983,0,17
2025-12-24,98898.77699999983,0.0,98898.77699999983,0,17
2025-12-26,98879.95599999982,0.0,98879.95599999982,1,17
2025-12-29,99978.965,0.0,99978.965,1,18
2025-12-30,99961.67399999998,0.0,99961.67399999998,2,18
2025-12-31,99940.84599999998,0.0,99940.84599999998,3,18
2026-01-02,99923.39299999997,0.0,99923.39299999997,4,18
2026-01-05,99906.34499999996,0.0,99906.34499999996,5,18
2026-01-06,99812.68999999997,0.0,99812.68999999997,0,18
2026-01-07,99793.21199999997,0.0,99793.21199999997,1,18
2026-01-08,99773.73399999997,0.0,99773.73399999997,0,18
2026-01-09,99773.73399999997,0.0,99773.73399999997,0,18
2026-01-12,99773.73399999997,0.0,99773.73399999997,0,18
2026-01-13,99773.73399999997,0.0,99773.73399999997,0,18
2026-01-14,99773.73399999997,0.0,99773.73399999997,0,18
2026-01-15,99756.64999999997,0.0,99756.64999999997,1,18
2026-01-16,99739.04399999997,0.0,99739.04399999997,2,18
2026-01-20,99704.35399999996,0.0,99704.35399999996,0,18
2026-01-21,99685.61399999996,0.0,99685.61399999996,1,18
2026-01-22,99646.85599999994,0.0,99646.85599999994,1,18
2026-01-23,99627.06299999994,0.0,99627.06299999994,2,18
2026-01-26,99610.00599999994,0.0,99610.00599999994,3,18
2026-01-27,99590.46499999992,0.0,99590.46499999992,4,18
2026-01-28,99570.98699999992,0.0,99570.98699999992,5,18
2026-01-29,99475.09999999992,0.0,99475.09999999992,0,18
2026-01-30,99454.22699999991,0.0,99454.22699999991,1,18
2026-02-02,99435.49599999991,0.0,99435.49599999991,2,18
2026-02-03,99416.8189999999,0.0,99416.8189999999,3,18
2026-02-04,99396.6479999999,0.0,99396.6479999999,4,18
2026-02-05,99318.1959999999,0.0,99318.1959999999,0,18
2026-02-06,99299.6539999999,0.0,99299.6539999999,1,18
2026-02-09,99281.4989999999,0.0,99281.4989999999,2,18
2026-02-10,99260.49099999989,0.0,99260.49099999989,3,18
2026-02-11,99239.62699999989,0.0,99239.62699999989,4,18
2026-02-12,99161.05799999989,0.0,99161.05799999989,0,18
2026-02-13,99161.05799999989,0.0,99161.05799999989,0,18
2026-02-17,99140.02299999988,0.0,99140.02299999988,1,18
2026-02-18,99119.76199999989,0.0,99119.76199999989,2,18
2026-02-19,99101.12999999987,0.0,99101.12999999987,3,18
2026-02-20,99041.20199999987,0.0,99041.20199999987,0,18
2026-02-23,99041.20199999987,0.0,99041.20199999987,0,18
2026-02-24,99019.98699999986,0.0,99019.98699999986,1,18
2026-02-25,99002.55199999985,0.0,99002.55199999985,2,18
2026-02-26,98984.08199999985,0.0,98984.08199999985,3,18
2026-02-27,98965.87299999985,0.0,98965.87299999985,4,18
2026-03-02,98948.01499999984,0.0,98948.01499999984,5,18
2026-03-03,98928.61799999983,0.0,98928.61799999983,6,18
2026-03-04,98909.63499999982,0.0,98909.63499999982,7,18
2026-03-05,98889.35599999981,0.0,98889.35599999981,8,18
2026-03-06,98737.50999999983,0.0,98737.50999999983,0,18
2026-03-09,98716.85299999983,0.0,98716.85299999983,1,18
2026-03-10,98685.66499999982,0.0,98685.66499999982,1,18
2026-03-11,98675.13399999982,0.0,98675.13399999982,0,18
