timestamp,open,high,low,close,volume,vwap
2022-01-03,476.32,477.85,473.85,477.71,1102890.0,476.382
2022-01-04,479.22,479.98,475.58,477.55,1124269.0,477.927
2022-01-05,477.16,477.98,468.28,468.38,1653950.0,473.304
2022-01-06,467.89,470.82,465.43,467.94,1524998.0,468.536
2022-01-07,467.95,469.2,464.65,466.09,1331569.0,466.916
2022-01-10,462.7,465.74,456.59,465.51,2055629.0,460.656
2022-01-11,465.22,469.85,462.05,469.75,1375420.0,466.385
2022-01-12,471.59,473.2,468.94,471.02,1178328.0,471.045
2022-01-13,472.21,472.88,463.44,464.53,1541128.0,467.865
2022-01-14,461.19,465.09,459.9,464.72,1731340.0,462.742
2022-01-18,459.73,459.96,455.31,456.49,1873212.0,457.284
2022-01-19,458.17,459.62,451.46,451.75,1813799.0,455.816
2022-01-20,453.75,458.74,444.5,446.75,2253013.0,453.11
2022-01-21,445.56,448.06,437.98,437.98,3125640.0,442.537
2022-01-24,432.03,440.38,420.76,439.84,4159406.0,429.779
2022-01-25,433.06,439.72,427.15,434.47,2746487.0,433.07
2022-01-26,440.72,444.04,428.86,433.38,3371458.0,437.271
2022-01-27,438.26,441.59,429.45,431.24,2543239.0,434.778
2022-01-28,432.7,442.0,427.82,441.95,2851856.0,434.917
2022-01-31,441.24,450.28,439.81,449.91,2232490.0,446.386
2022-02-01,450.72,453.63,446.93,452.95,1797689.0,450.568
2022-02-02,455.5,458.12,453.05,457.35,1781619.0,455.949
2022-02-03,450.95,452.97,445.71,446.6,1990404.0,449.568
2022-02-04,446.35,452.78,443.83,448.7,1931562.0,448.601
2022-02-07,449.51,450.99,445.85,447.26,1521402.0,448.66
2022-02-08,446.73,451.92,445.22,450.94,1455799.0,449.155
2022-02-09,455.22,457.88,455.0,457.54,1526958.0,456.453
2022-02-10,451.34,457.71,447.2,449.32,2332840.0,452.64
2022-02-11,449.41,451.61,438.94,440.46,2793139.0,444.157
2022-02-14,439.92,441.6,435.34,439.02,2215327.0,438.787
2022-02-15,443.73,446.28,443.18,446.1,1562971.0,445.018
2022-02-16,443.93,448.06,441.94,446.6,1499347.0,444.733
2022-02-17,443.22,443.8,436.42,437.06,1739506.0,439.589
2022-02-18,437.33,438.66,431.82,434.23,2029371.0,434.962
2022-02-22,431.89,435.5,425.86,429.57,2196646.0,430.534
2022-02-23,432.69,433.26,421.35,421.95,2299446.0,426.054
2022-02-24,411.02,428.76,410.64,428.3,3516947.0,419.209
2022-02-25,429.61,437.84,427.86,437.75,2204619.0,434.788
2022-02-28,432.02,438.2,430.7,436.63,2553574.0,434.165
2022-03-01,435.04,437.17,427.11,429.98,2336372.0,431.204
2022-03-02,432.41,439.56,431.57,437.89,2059686.0,436.645
2022-03-03,440.47,441.11,433.84,435.71,1950143.0,436.942
2022-03-04,431.75,433.37,427.88,432.17,2052615.0,430.554
2022-03-07,431.55,431.84,419.36,419.43,2227074.0,423.817
2022-03-08,419.7,427.21,415.12,416.25,2930390.0,420.075
2022-03-09,425.14,429.51,422.82,427.41,1902542.0,426.708
2022-03-10,422.52,426.43,420.44,425.48,1609405.0,423.567
2022-03-11,428.12,428.77,419.53,420.07,1681115.0,424.108
2022-03-14,420.89,424.55,415.79,417.0,1767793.0,419.181
2022-03-15,419.77,426.84,418.42,426.17,1743629.0,423.216
2022-03-16,429.89,435.68,424.8,435.62,2459299.0,431.461
2022-03-17,433.59,441.07,433.19,441.07,1531139.0,437.577
2022-03-18,438.0,444.86,437.22,444.52,1517792.0,441.526
2022-03-21,444.34,446.46,440.68,444.39,1547201.0,443.703
2022-03-22,445.86,450.58,445.86,449.59,1328223.0,448.789
2022-03-23,446.91,448.49,443.79,443.8,1298416.0,446.08
2022-03-24,445.93,450.49,444.76,450.49,1089360.0,447.862
2022-03-25,451.16,452.98,448.43,452.69,1250339.0,450.844
2022-03-28,452.06,455.91,450.06,455.91,1142023.0,453.023
2022-03-29,460.02,462.07,457.18,461.55,1515998.0,459.814
2022-03-30,460.34,461.2,456.46,458.7,1277219.0,458.945
2022-03-31,457.89,458.76,451.16,451.64,1636784.0,455.428
2022-04-01,453.32,453.46,449.14,452.92,1401029.0,451.573
2022-04-04,453.13,456.83,452.26,456.8,1002107.0,455.219
2022-04-05,455.22,457.83,449.82,451.03,1416451.0,453.393
2022-04-06,446.89,448.93,443.47,446.52,1940205.0,446.02
2022-04-07,445.61,450.69,443.53,448.77,1474790.0,447.015
2022-04-08,447.97,450.63,445.94,447.57,1281226.0,448.27
2022-04-11,444.11,445.0,439.39,439.92,1494058.0,441.977
2022-04-12,443.08,445.75,436.65,438.29,1611347.0,440.946
2022-04-13,438.03,444.11,437.84,443.31,1235337.0,441.479
2022-04-14,443.55,444.74,437.68,437.79,1438064.0,440.435
2022-04-18,436.81,439.75,435.61,437.97,1124057.0,437.765
2022-04-19,437.86,445.8,437.68,445.04,1389649.0,443.289
2022-04-20,446.91,447.57,443.48,444.71,1268978.0,445.653
2022-04-21,448.54,450.01,437.1,438.06,1667321.0,442.816
2022-04-22,436.9,437.23,425.44,426.04,2186450.0,430.004
2022-04-25,423.66,428.69,418.84,428.51,2144473.0,423.575
2022-04-26,425.82,426.04,416.07,416.1,1871146.0,420.311
2022-04-27,417.24,422.92,415.01,417.27,2147310.0,419.161
2022-04-28,422.29,429.64,417.6,427.81,1914209.0,424.448
2022-04-29,423.59,425.87,411.21,412.0,2408644.0,417.104
2022-05-02,412.07,415.92,405.02,414.48,2664387.0,410.84
2022-05-03,415.01,418.93,413.36,416.38,1913741.0,416.163
2022-05-04,417.07,429.66,413.7,429.06,2622258.0,421.015
2022-05-05,424.52,425.0,409.44,413.81,3271083.0,415.013
2022-05-06,411.1,414.8,405.73,411.34,2624168.0,410.202
2022-05-09,405.1,406.41,396.5,398.17,2680681.0,401.299
2022-05-10,404.49,406.08,394.82,399.09,2337246.0,399.877
2022-05-11,398.05,404.04,391.96,392.75,2414559.0,397.617
2022-05-12,389.37,395.8,385.15,392.34,2202129.0,389.782
2022-05-13,396.71,403.18,395.61,401.72,1832724.0,400.243
2022-05-16,399.98,403.97,397.6,400.09,1379550.0,400.599
2022-05-17,406.53,408.57,402.58,408.32,1449591.0,405.992
2022-05-18,403.5,403.8,390.55,391.86,1933237.0,395.242
2022-05-19,388.56,394.14,387.11,389.46,1742586.0,390.395
2022-05-20,393.25,397.03,380.54,389.63,2113960.0,386.19
2022-05-23,392.83,397.73,390.38,396.92,1427551.0,395.127
2022-05-24,392.56,395.15,386.96,393.89,1639587.0,390.975
2022-05-25,392.31,399.45,391.89,397.37,1495109.0,395.931
2022-05-26,398.67,407.04,398.45,405.31,1386150.0,404.69
2022-05-27,407.93,415.39,407.7,415.26,1439587.0,412.407
2022-05-31,413.55,416.46,410.03,412.93,1560536.0,413.419
2022-06-01,415.15,416.24,406.93,409.59,1535681.0,410.671
2022-06-02,409.42,417.44,407.04,417.39,1409909.0,412.995
2022-06-03,412.36,414.04,409.51,410.54,1266344.0,411.313
2022-06-06,414.78,416.61,410.55,411.79,1101994.0,413.215
2022-06-07,408.1,416.22,407.61,415.74,1048011.0,412.904
2022-06-08,413.93,415.82,410.38,411.22,1111725.0,412.719
2022-06-09,409.33,411.74,401.44,401.44,1448771.0,406.998
2022-06-10,394.88,395.78,389.75,389.8,2088069.0,391.727
2022-06-13,379.85,381.81,373.3,375.0,2518475.0,377.282
2022-06-14,376.85,377.94,370.59,373.87,1738970.0,374.184
2022-06-15,377.36,383.9,372.12,379.2,2202622.0,378.284
2022-06-16,370.51,370.94,364.07,366.65,2230634.0,367.111
2022-06-17,365.49,369.38,362.17,365.86,1735516.0,366.396
2022-06-21,371.88,376.53,371.81,375.07,1313860.0,374.996
2022-06-22,370.65,378.72,370.18,374.39,1459467.0,375.589
2022-06-23,376.64,378.83,372.89,378.06,1373661.0,376.053
2022-06-24,381.4,390.08,381.36,390.08,1553508.0,386.871
2022-06-27,391.05,391.36,387.44,388.59,1183159.0,389.052
2022-06-28,390.22,393.16,380.53,380.65,1485493.0,385.133
2022-06-29,381.23,382.27,378.42,380.34,1246636.0,380.357
2022-06-30,376.24,380.66,372.56,377.25,1869958.0,376.805
2022-07-01,376.53,381.7,373.8,381.24,1360567.0,377.984
2022-07-05,375.85,381.98,372.9,381.96,1498393.0,376.968
2022-07-06,382.11,385.87,379.6,383.25,1270482.0,382.474
2022-07-07,385.12,389.83,385.12,388.99,1090579.0,387.985
2022-07-08,387.27,390.64,385.66,388.67,1164271.0,388.658
2022-07-11,385.85,386.87,383.5,384.23,1038895.0,384.756
2022-07-12,383.65,386.16,378.99,380.83,1087001.0,382.767
2022-07-13,375.1,381.92,374.65,378.83,1407738.0,378.927
2022-07-14,373.66,378.57,371.04,377.91,1420362.0,374.834
2022-07-15,382.55,385.25,380.54,385.13,1127394.0,383.716
2022-07-18,388.38,389.09,380.66,381.95,1084914.0,385.509
2022-07-19,386.08,392.87,385.39,392.27,1329772.0,390.057
2022-07-20,392.41,396.26,391.03,394.77,1219229.0,394.262
2022-07-21,394.16,398.84,391.63,398.79,1121966.0,395.902
2022-07-22,398.92,400.16,392.75,395.09,1184714.0,395.931
2022-07-25,395.75,396.47,393.21,395.57,921566.0,394.941
2022-07-26,393.84,394.06,389.95,390.89,936770.0,391.647
2022-07-27,394.36,402.88,394.05,401.04,1419320.0,398.547
2022-07-28,401.89,406.8,398.15,406.07,1245171.0,403.47
2022-07-29,407.58,413.03,406.77,411.99,1307772.0,410.799
2022-08-01,409.15,413.41,408.4,410.77,1221309.0,411.076
2022-08-02,409.12,413.0,406.82,408.06,1138995.0,409.8
2022-08-03,410.32,415.68,410.0,414.45,1126908.0,413.466
2022-08-04,414.36,415.09,412.44,414.17,756969.0,414.022
2022-08-05,409.7,414.15,409.6,413.47,996899.0,412.202
2022-08-08,415.25,417.62,411.83,412.99,945996.0,414.596
2022-08-09,412.23,412.75,410.22,411.35,838771.0,411.273
2022-08-10,418.79,420.14,416.72,419.99,1100134.0,418.966
2022-08-11,422.99,424.95,419.21,419.99,1027491.0,421.828
2022-08-12,422.03,427.21,421.03,427.1,1009850.0,424.593
2022-08-15,424.77,429.41,424.71,428.86,899393.0,427.67
2022-08-16,427.73,431.73,426.88,429.7,1003536.0,429.327
2022-08-17,425.95,429.5,424.54,426.65,1064139.0,426.769
2022-08-18,426.86,428.61,425.5,427.89,816374.0,427.13
2022-08-19,424.98,425.26,421.22,422.14,1128689.0,422.795
2022-08-22,417.05,417.23,412.4,413.35,1201794.0,414.365
2022-08-23,412.9,415.42,411.77,412.35,931139.0,413.157
2022-08-24,412.14,415.12,411.39,413.67,835766.0,413.42
2022-08-25,415.25,419.56,414.09,419.51,868678.0,416.9
2022-08-26,419.39,419.96,405.25,405.31,1719884.0,410.767
2022-08-29,402.2,405.84,401.19,402.63,1167972.0,403.52
2022-08-30,403.85,404.1,396.0,398.21,1510899.0,398.675
2022-08-31,399.93,401.24,395.04,395.18,1227371.0,397.554
2022-09-01,392.89,396.78,390.04,396.42,1459492.0,392.717
2022-09-02,400.29,401.56,390.33,392.24,1692694.0,395.7
2022-09-06,393.1,394.12,388.42,390.76,1415563.0,391.137
2022-09-07,390.43,398.59,390.2,397.78,1284648.0,395.209
2022-09-08,395.3,400.86,394.12,400.38,1418003.0,398.17
2022-09-09,402.74,407.51,402.46,406.6,1295048.0,405.668
2022-09-12,408.78,411.73,408.46,410.97,1196529.0,410.28
2022-09-13,401.82,403.1,391.92,393.1,1824773.0,397.21
2022-09-14,394.46,396.2,391.12,394.6,1256623.0,393.806
2022-09-15,392.96,395.96,388.78,390.12,1442763.0,391.922
2022-09-16,384.14,386.25,382.11,385.56,1568290.0,384.169
2022-09-19,382.26,388.55,382.17,388.55,1196262.0,385.968
2022-09-20,385.05,386.12,381.19,384.09,1375232.0,383.853
2022-09-21,386.11,389.31,377.39,377.39,1951533.0,383.717
2022-09-22,376.58,377.66,373.44,374.22,1480391.0,375.299
2022-09-23,370.58,370.62,363.29,367.95,2022256.0,366.891
2022-09-26,366.43,370.21,363.02,364.31,1632282.0,365.997
2022-09-27,368.02,370.4,360.87,363.38,1888650.0,364.666
2022-09-28,364.38,372.3,362.6,370.53,1738335.0,368.171
2022-09-29,366.81,367.11,359.7,362.79,2021748.0,362.365
2022-09-30,361.8,365.91,357.11,357.18,2151992.0,360.909
2022-10-03,361.08,368.55,359.21,366.61,1582949.0,365.053
2022-10-04,372.4,377.99,372.31,377.97,1752509.0,376.27
2022-10-05,373.39,379.46,370.95,377.09,1591843.0,375.172
2022-10-06,375.62,378.72,372.68,373.2,1491158.0,374.983
2022-10-07,368.97,369.37,360.94,362.79,1765454.0,364.317
2022-10-10,363.97,364.21,357.67,360.02,1354605.0,360.788
2022-10-11,358.26,363.03,355.71,357.74,1739522.0,358.796
2022-10-12,358.17,359.82,356.3,356.56,1309914.0,358.097
2022-10-13,349.23,367.51,348.11,365.97,2627079.0,360.305
2022-10-14,368.53,370.26,356.96,357.63,2096631.0,360.946
2022-10-17,364.0,367.98,363.97,366.82,1605500.0,366.587
2022-10-18,375.13,375.45,367.52,371.13,1779367.0,371.072
2022-10-19,368.98,371.85,365.55,368.5,1388794.0,368.502
2022-10-20,368.01,372.67,364.61,365.41,1551818.0,367.946
2022-10-21,365.12,374.8,363.54,374.29,1829694.0,370.454
2022-10-24,375.9,380.06,373.11,378.87,1453617.0,377.312
2022-10-25,378.79,385.25,378.71,384.92,1423915.0,383.074
2022-10-26,381.61,387.58,381.35,382.02,1621428.0,383.795
2022-10-27,383.08,385.0,379.33,379.98,1358491.0,381.686
2022-10-28,379.88,389.52,379.68,389.02,1532443.0,386.134
2022-10-31,386.44,388.4,385.26,386.21,1491556.0,386.65
2022-11-01,390.14,390.39,383.29,384.52,1457051.0,385.554
2022-11-02,383.9,388.63,374.84,374.87,2189793.0,381.793
2022-11-03,371.47,374.2,368.79,371.01,1401690.0,372.042
2022-11-04,377.0,378.87,370.0,376.35,1681221.0,374.087
2022-11-07,377.71,380.57,375.53,379.95,1146579.0,378.224
2022-11-08,381.11,385.12,377.72,382.0,1540806.0,382.084
2022-11-09,379.85,381.14,373.61,374.13,1348066.0,377.17
2022-11-10,388.03,395.04,385.64,394.69,2210348.0,390.891
2022-11-11,395.59,399.35,393.61,398.51,1486917.0,396.931
2022-11-14,396.66,400.18,394.83,395.12,1174407.0,397.786
2022-11-15,401.15,402.31,394.49,398.49,1575893.0,398.811
2022-11-16,396.78,397.78,394.79,395.45,1135227.0,396.021
2022-11-17,390.46,394.95,390.14,394.24,1237142.0,392.498
2022-11-18,397.73,397.81,393.04,396.03,1315585.0,395.242
2022-11-21,394.64,395.82,392.66,394.59,882516.0,394.47
2022-11-22,396.63,400.07,395.15,399.9,989028.0,398.149
2022-11-23,399.55,402.93,399.31,402.42,1170658.0,401.556
2022-11-25,401.83,402.91,401.53,402.33,396379.0,402.305
2022-11-28,399.09,400.81,395.11,395.91,1081395.0,397.616
2022-11-29,396.05,397.3,393.3,395.23,970189.0,395.154
2022-11-30,395.46,407.68,393.48,407.68,2149393.0,401.399
2022-12-01,408.8,410.0,404.75,407.38,1325815.0,407.328
2022-12-02,402.24,407.86,402.14,406.91,1284883.0,405.005
2022-12-05,403.95,404.93,398.17,399.59,1253120.0,401.027
2022-12-06,399.42,399.99,391.64,393.83,1405016.0,394.595
2022-12-07,392.9,395.64,391.97,393.16,1068329.0,393.473
2022-12-08,395.14,397.36,393.45,396.24,1011541.0,395.791
2022-12-09,394.94,397.62,393.15,393.28,1145594.0,395.536
2022-12-12,394.1,398.95,393.41,398.95,1076553.0,396.127
2022-12-13,410.2,410.49,399.07,401.97,2009629.0,403.784
2022-12-14,401.61,405.5,396.31,399.4,1775146.0,401.225
2022-12-15,394.31,395.25,387.88,389.63,1891220.0,390.209
2022-12-16,385.19,386.58,381.04,383.27,1695511.0,383.272
2022-12-19,383.47,383.82,378.28,380.02,1284641.0,380.536
2022-12-20,379.23,382.23,377.85,380.54,1177633.0,380.654
2022-12-21,383.25,387.41,382.69,386.23,1134846.0,385.693
2022-12-22,383.05,383.38,374.77,380.72,1664498.0,378.671
2022-12-23,379.65,383.06,378.03,382.91,922320.0,381.357
2022-12-27,382.79,383.15,379.65,381.4,887309.0,381.692
2022-12-28,381.34,383.39,376.42,376.66,1138546.0,378.93
2022-12-29,379.63,384.35,379.08,383.44,1081920.0,382.947
2022-12-30,380.64,382.53,378.43,382.43,1268378.0,380.643
2023-01-03,384.37,386.43,377.83,380.82,1225710.0,380.747
2023-01-04,383.18,385.88,380.0,383.76,1487730.0,383.248
2023-01-05,381.72,381.84,378.76,379.38,1264806.0,380.065
2023-01-06,382.61,389.25,379.45,388.08,1694716.0,385.907
2023-01-09,390.37,393.7,387.67,387.86,1340406.0,390.721
2023-01-10,387.25,390.65,386.27,390.58,1053247.0,388.924
2023-01-11,392.23,395.6,391.38,395.52,1113660.0,393.533
2023-01-12,396.67,398.49,392.42,396.96,1521854.0,396.276
2023-01-13,393.62,399.1,393.34,398.5,1100146.0,396.678
2023-01-17,398.48,400.23,397.06,397.77,1091710.0,398.272
2023-01-18,399.03,400.12,391.28,391.49,1645514.0,394.882
2023-01-19,389.35,391.08,387.26,388.64,1493398.0,389.207
2023-01-20,390.09,396.04,388.38,395.88,1363979.0,392.815
2023-01-23,396.72,402.65,395.72,400.63,1425194.0,400.051
2023-01-24,398.88,401.15,397.64,400.2,1008591.0,399.833
2023-01-25,395.95,400.7,393.56,400.35,1492906.0,397.28
2023-01-26,403.12,404.92,400.03,404.75,1185216.0,402.615
2023-01-27,403.65,408.16,403.44,405.68,1169419.0,405.941
2023-01-30,402.8,405.13,400.28,400.59,1242225.0,402.252
2023-01-31,401.11,406.53,400.77,406.48,1288671.0,403.952
2023-02-01,405.21,413.67,402.35,410.8,1853861.0,407.669
2023-02-02,414.86,418.31,412.88,416.78,1753429.0,415.604
2023-02-03,411.59,416.97,411.09,412.35,1475607.0,413.764
2023-02-06,409.79,411.29,408.1,409.83,1047811.0,409.915
2023-02-07,408.87,416.49,407.57,415.19,1638179.0,411.855
2023-02-08,413.13,414.53,409.93,410.65,1328033.0,411.659
2023-02-09,414.41,414.57,405.81,407.09,1454655.0,409.845
2023-02-10,405.88,408.44,405.01,408.04,1269825.0,406.91
2023-02-13,408.72,412.97,408.24,412.83,1128002.0,411.536
2023-02-14,411.24,415.05,408.51,412.64,1602716.0,411.953
2023-02-15,410.36,414.0,409.47,413.98,1048171.0,411.98
2023-02-16,408.79,412.91,408.14,408.28,1473626.0,410.424
2023-02-17,406.06,407.51,404.05,407.26,1462206.0,405.794
2023-02-21,403.06,404.16,398.82,399.09,1395917.0,400.767
2023-02-22,399.51,401.13,397.02,398.54,1505503.0,398.944
2023-02-23,401.56,402.2,396.25,400.66,1843323.0,399.517
2023-02-24,395.41,397.25,393.64,396.38,1992169.0,395.36
2023-02-27,399.86,401.29,396.75,397.73,1505374.0,398.783
2023-02-28,397.23,399.28,396.18,396.26,1534595.0,397.633
2023-03-01,395.41,396.69,393.38,394.74,1744091.0,395.002
2023-03-02,392.69,398.69,392.33,397.81,1582829.0,395.32
2023-03-03,399.71,404.45,399.03,404.19,1594711.0,402.104
2023-03-06,405.04,407.45,404.03,404.47,1341618.0,405.618
2023-03-07,404.42,404.67,397.62,398.27,1986691.0,400.205
2023-03-08,398.39,399.71,396.59,398.92,1425866.0,398.179
2023-03-09,399.76,401.48,390.53,391.56,2115677.0,395.691
2023-03-10,390.99,393.16,384.32,385.91,3235142.0,388.194
2023-03-13,381.81,390.39,380.65,385.36,2626173.0,386.174
2023-03-14,390.5,393.45,387.05,391.73,2552382.0,390.696
2023-03-15,385.87,389.49,383.71,389.28,2921848.0,386.686
2023-03-16,386.82,396.47,386.29,396.11,2498600.0,392.899
2023-03-17,393.22,394.4,388.55,389.99,2127727.0,390.769
2023-03-20,390.79,394.17,390.07,393.74,1676967.0,392.56
2023-03-21,397.26,399.41,395.58,398.91,1492289.0,397.411
2023-03-22,398.73,402.49,392.07,392.11,2021324.0,398.126
2023-03-23,395.08,399.29,390.35,393.17,2181550.0,394.872
2023-03-24,391.84,395.84,389.4,395.75,1882746.0,392.83
2023-03-27,398.11,398.92,395.56,396.49,1325675.0,397.058
2023-03-28,395.77,396.49,393.69,395.6,1141752.0,395.143
2023-03-29,399.92,401.6,398.68,401.35,1354056.0,400.153
2023-03-30,404.09,404.35,401.76,403.7,1272825.0,403.268
2023-03-31,404.65,409.7,404.55,409.39,1725854.0,407.356
2023-04-03,408.86,411.37,408.44,410.95,1233657.0,409.967
2023-04-04,411.61,411.92,407.24,408.67,1248266.0,409.124
2023-04-05,407.89,408.7,405.88,407.6,1206153.0,407.219
2023-04-06,406.77,409.48,405.67,409.19,1132244.0,407.98
2023-04-10,406.6,409.69,405.97,409.61,1131671.0,407.804
2023-04-11,410.27,411.18,408.92,409.72,973151.0,410.073
2023-04-12,411.87,412.17,407.44,408.05,1557403.0,409.734
2023-04-13,409.24,413.84,408.7,413.47,1439030.0,411.802
2023-04-14,412.82,415.09,410.06,412.46,1427139.0,412.128
2023-04-17,412.37,413.96,411.08,413.94,1179112.0,412.497
2023-04-18,415.58,415.72,412.78,414.21,1179243.0,414.062
2023-04-19,412.22,415.08,412.16,414.14,1049924.0,413.65
2023-04-20,411.21,413.7,410.27,411.88,1407194.0,411.936
2023-04-21,412.2,412.68,410.17,412.2,1237396.0,411.695
2023-04-24,411.99,413.07,410.6,412.63,1109297.0,412.017
2023-04-25,410.59,411.16,406.02,406.08,1545417.0,408.159
2023-04-26,406.72,407.84,403.78,404.36,1420730.0,405.698
2023-04-27,406.99,412.69,406.74,412.41,1605669.0,410.16
2023-04-28,411.49,415.94,411.43,415.93,1540694.0,414.36
2023-05-01,415.47,417.62,415.26,415.51,1159453.0,416.269
2023-05-02,414.77,414.83,407.82,410.84,1917200.0,410.491
2023-05-03,411.36,413.87,407.77,408.02,1731283.0,410.912
2023-05-04,406.93,407.27,403.74,405.13,1695332.0,405.374
2023-05-05,408.91,413.72,408.64,412.63,1467612.0,411.564
2023-05-08,412.96,413.24,411.28,412.74,961770.0,412.474
2023-05-09,411.13,412.09,410.68,410.93,857994.0,411.312
2023-05-10,413.89,414.54,408.87,412.85,1691020.0,411.938
2023-05-11,411.94,412.43,409.97,412.13,1250606.0,411.34
2023-05-12,413.41,413.64,409.07,411.59,1226039.0,410.982
2023-05-15,412.22,413.43,410.23,413.01,1002466.0,412.031
2023-05-16,411.86,412.82,410.24,410.25,1039250.0,411.455
2023-05-17,412.35,415.86,410.63,415.23,1473369.0,413.828
2023-05-18,414.9,419.67,414.67,419.23,1605121.0,417.212
2023-05-19,420.17,420.72,417.35,418.62,1523503.0,418.936
2023-05-22,418.64,420.39,417.35,418.79,1137404.0,419.072
2023-05-23,417.08,418.13,413.68,414.09,1471253.0,415.9
2023-05-24,412.42,412.82,409.87,411.09,1541883.0,411.049
2023-05-25,414.73,416.16,412.41,414.65,1533106.0,414.127
2023-05-26,415.33,420.77,415.25,420.02,1483416.0,419.178
2023-05-30,422.03,422.58,418.73,420.18,1330251.0,420.459
2023-05-31,418.28,419.22,416.22,417.85,1607220.0,417.725
2023-06-01,418.09,422.92,416.79,421.82,1620811.0,420.48
2023-06-02,424.5,428.74,423.95,427.92,1594297.0,427.091
2023-06-05,428.29,429.67,426.37,427.1,1217103.0,428.052
2023-06-06,426.67,428.58,425.99,428.03,1150912.0,427.53
2023-06-07,428.44,429.62,426.11,426.55,1472094.0,427.336
2023-06-08,426.62,429.6,425.82,429.13,1124944.0,428.211
2023-06-09,429.96,431.99,428.87,429.9,1387492.0,430.372
2023-06-12,430.92,433.88,430.17,433.8,1263182.0,431.961
2023-06-13,435.32,437.33,434.63,436.66,1535629.0,436.266
2023-06-14,437.01,439.07,433.59,437.18,1693692.0,436.583
2023-06-15,436.32,443.9,436.23,442.6,1840269.0,440.986
2023-06-16,443.01,443.18,438.97,439.46,1549553.0,440.968
2023-06-20,437.46,438.37,435.03,437.18,1322123.0,437.019
2023-06-21,436.19,436.99,434.33,434.94,1339730.0,435.467
2023-06-22,433.95,436.62,433.6,436.51,1141289.0,435.357
2023-06-23,432.93,435.06,432.47,433.21,1423904.0,433.613
2023-06-26,432.63,434.61,431.19,431.44,1248525.0,432.575
2023-06-27,432.35,436.81,431.88,436.17,1247525.0,434.799
2023-06-28,435.05,437.44,434.41,436.39,1362163.0,435.627
2023-06-29,435.95,438.28,435.54,438.11,1182789.0,437.225
2023-06-30,441.44,444.3,441.11,443.28,1655796.0,443.156
2023-07-03,442.92,444.08,442.63,443.79,560212.0,443.519
2023-07-05,441.9,443.89,441.9,443.13,923427.0,443.263
2023-07-06,439.41,440.1,437.06,439.66,1409856.0,438.724
2023-07-07,438.63,442.64,438.3,438.55,1407570.0,440.298
2023-07-10,438.18,439.84,437.58,439.66,1014140.0,438.885
2023-07-11,440.45,442.97,439.44,442.46,1133702.0,441.195
2023-07-12,446.39,447.48,444.91,446.02,1466992.0,446.185
2023-07-13,447.89,450.38,447.45,449.56,1114577.0,448.859
2023-07-14,450.48,451.36,448.49,449.28,1172864.0,449.925
2023-07-17,449.13,451.93,449.08,450.84,891569.0,450.533
2023-07-18,450.5,454.86,450.04,454.19,1338719.0,453.2
2023-07-19,455.02,456.43,454.37,455.2,1158375.0,455.529
2023-07-20,454.16,455.1,451.44,452.18,1280772.0,453.308
2023-07-21,453.96,454.17,452.17,452.18,1129222.0,453.069
2023-07-24,453.37,455.04,452.75,454.2,911997.0,454.044
2023-07-25,453.92,456.74,453.87,455.44,918472.0,455.464
2023-07-26,454.47,456.99,453.38,455.51,1279458.0,454.896
2023-07-27,459.02,459.44,451.55,452.49,1635829.0,455.597
2023-07-28,455.88,457.78,455.06,456.92,1371950.0,456.652
2023-07-31,457.41,458.16,456.04,457.79,1013764.0,457.052
2023-08-01,456.27,457.25,455.49,456.48,924163.0,456.381
2023-08-02,453.25,453.52,449.34,450.13,1556683.0,451.108
2023-08-03,448.04,450.79,447.37,448.84,1164565.0,449.125
2023-08-04,450.72,452.9,446.27,446.81,1652773.0,449.396
2023-08-07,448.71,450.87,447.99,450.71,1028678.0,449.527
2023-08-08,448.08,449.23,445.27,448.75,1261888.0,447.062
2023-08-09,449.03,449.2,444.97,445.75,1440785.0,447.07
2023-08-10,448.19,451.7,444.7,445.91,1755317.0,447.76
2023-08-11,443.97,446.71,443.34,445.65,1262549.0,445.219
2023-08-14,444.7,448.11,444.38,448.11,904436.0,446.672
2023-08-15,446.27,446.64,442.3,442.89,1330633.0,444.073
2023-08-16,442.46,444.18,439.53,439.64,1388209.0,441.775
2023-08-17,441.16,441.43,435.75,436.29,1476374.0,438.574
2023-08-18,433.37,437.57,433.01,436.5,1575382.0,435.509
2023-08-21,437.55,440.11,435.32,439.34,1277223.0,437.916
2023-08-22,441.17,441.18,437.57,438.15,1176955.0,438.861
2023-08-23,439.25,443.67,439.1,443.03,1163561.0,442.046
2023-08-24,444.69,445.22,436.85,436.89,1708602.0,440.251
2023-08-25,438.68,441.3,435.0,439.97,1951661.0,438.658
2023-08-28,442.24,443.4,440.86,442.76,1191178.0,442.098
2023-08-29,442.65,449.45,442.46,449.16,1583919.0,447.287
2023-08-30,449.53,451.67,448.78,451.01,1278957.0,450.66
2023-08-31,451.65,452.83,450.16,450.35,1155779.0,451.494
2023-09-01,453.17,453.67,449.68,451.19,1057503.0,451.243
2023-09-05,450.74,451.06,449.17,449.24,1026869.0,450.032
2023-09-06,448.4,448.51,443.81,446.22,1347246.0,445.933
2023-09-07,443.11,445.55,442.75,444.85,1239495.0,444.434
2023-09-08,444.9,447.11,444.53,445.52,1048846.0,445.777
2023-09-11,448.24,448.77,446.46,448.45,1084420.0,447.778
2023-09-12,446.95,448.53,445.39,445.99,1155949.0,446.748
2023-09-13,446.22,447.71,445.07,446.51,1117595.0,446.612
2023-09-14,449.07,451.08,447.71,450.36,1318894.0,449.775
2023-09-15,447.15,447.48,442.92,443.37,1816437.0,444.575
2023-09-18,443.05,444.97,442.56,443.63,968702.0,443.775
2023-09-19,442.68,443.29,439.94,442.71,1148628.0,441.755
2023-09-20,444.01,444.44,438.43,438.64,1371513.0,441.852
2023-09-21,435.7,435.97,431.23,431.39,1821372.0,433.579
2023-09-22,432.46,434.1,429.99,430.42,1754597.0,431.987
2023-09-25,429.16,432.27,428.72,432.23,1249023.0,430.804
2023-09-26,429.09,429.82,425.02,425.88,1710072.0,426.996
2023-09-27,427.09,427.67,422.29,426.05,1914682.0,425.31
2023-09-28,425.48,430.25,424.87,428.52,1677904.0,428.069
2023-09-29,431.69,431.85,425.91,427.48,2085006.0,428.57
2023-10-02,426.62,428.6,424.46,427.31,1703578.0,426.251
2023-10-03,425.06,426.65,420.18,421.59,2021904.0,422.097
2023-10-04,422.07,425.43,420.56,424.66,1707192.0,423.071
2023-10-05,424.36,425.37,421.17,424.5,1344339.0,423.441
2023-10-06,421.97,431.13,420.6,429.54,2104054.0,427.115
2023-10-09,427.58,432.88,427.01,432.29,1396081.0,430.147
2023-10-10,432.94,437.22,432.53,434.54,1541223.0,435.149
2023-10-11,435.65,436.58,433.18,436.32,1184181.0,435.033
2023-10-12,436.95,437.34,431.23,433.66,1601578.0,434.366
2023-10-13,435.21,436.45,429.88,431.5,1736032.0,432.318
2023-10-16,433.81,437.14,433.57,436.04,1438692.0,435.887
2023-10-17,432.81,438.14,432.45,436.02,1506601.0,435.367
2023-10-18,434.19,435.18,429.09,430.21,1839154.0,432.09
2023-10-19,430.95,432.82,425.72,426.43,2408511.0,429.071
2023-10-20,425.98,426.54,421.08,421.19,2067992.0,423.13
2023-10-23,419.61,424.45,417.8,420.46,1772690.0,421.515
2023-10-24,422.64,424.82,420.74,423.63,1459909.0,423.107
2023-10-25,421.89,421.92,417.01,417.55,1790018.0,418.941
2023-10-26,416.45,417.33,411.6,412.55,2160005.0,414.125
2023-10-27,414.19,414.6,409.21,410.68,2001341.0,411.539
2023-10-30,413.54,416.68,412.22,415.59,1605205.0,414.691
2023-10-31,416.18,418.53,414.21,418.2,1442681.0,416.829
2023-11-01,419.2,423.5,418.64,422.66,1884293.0,421.043
2023-11-02,426.58,430.92,426.56,430.76,1623436.0,429.232
2023-11-03,433.11,436.29,433.01,434.69,1679068.0,434.865
2023-11-06,435.47,436.15,433.68,435.69,1225507.0,435.02
2023-11-07,435.69,437.59,434.51,436.93,1181120.0,436.619
2023-11-08,437.53,438.09,434.87,437.25,1147171.0,436.799
2023-11-09,438.42,438.47,433.4,433.84,1511592.0,435.627
2023-11-10,435.98,440.93,434.43,440.61,1559126.0,438.216
2023-11-13,439.22,441.33,438.42,440.19,920213.0,440.007
2023-11-14,446.33,450.06,446.09,448.73,1708252.0,448.542
2023-11-15,450.09,451.38,448.8,449.68,1369354.0,450.117
2023-11-16,449.22,450.56,448.12,450.23,1201842.0,449.407
2023-11-17,450.24,451.42,449.29,450.79,1021177.0,450.416
2023-11-20,450.52,455.13,450.52,454.26,1236010.0,453.442
2023-11-21,453.18,453.65,451.95,453.27,922880.0,452.957
2023-11-22,454.98,456.38,453.88,455.02,1117406.0,455.089
2023-11-24,455.07,455.5,454.73,455.3,354127.0,455.049
2023-11-27,454.65,455.5,454.07,454.48,870788.0,454.788
2023-11-28,454.08,456.27,453.5,454.93,1114347.0,454.743
2023-11-29,457.15,458.32,454.2,454.61,1122645.0,455.955
2023-11-30,455.49,456.76,453.34,456.4,1360320.0,454.981
2023-12-01,455.75,459.65,455.16,459.1,1463810.0,457.885
2023-12-04,455.6,456.94,454.34,456.69,1330878.0,455.873
2023-12-05,455.26,457.59,454.87,456.6,1217005.0,456.26
2023-12-06,458.81,458.84,454.31,454.76,1177250.0,456.235
2023-12-07,456.91,458.9,456.29,458.23,1153812.0,457.819
2023-12-08,457.46,460.75,457.21,460.2,1333093.0,459.411
2023-12-11,459.69,462.17,459.47,461.99,1089482.0,460.974
2023-12-12,461.64,464.2,460.6,464.1,1034638.0,462.843
2023-12-13,464.49,470.76,464.12,470.5,1653835.0,467.51
2023-12-14,472.51,473.73,469.25,472.01,1728215.0,471.897
2023-12-15,469.48,470.59,468.44,469.33,1700650.0,469.611
2023-12-18,470.99,472.98,470.8,471.97,1055925.0,472.051
2023-12-19,472.54,474.92,472.45,474.84,937223.0,473.971
2023-12-20,473.96,475.9,467.82,468.26,1684482.0,471.868
2023-12-21,471.32,472.98,468.84,472.7,1444151.0,471.164
2023-12-22,473.86,475.38,471.7,473.65,1108600.0,473.959
2023-12-26,474.08,476.58,473.99,475.65,785265.0,475.345
2023-12-27,475.44,476.66,474.89,476.51,987279.0,475.707
2023-12-28,476.85,477.55,476.26,476.69,864994.0,476.954
2023-12-29,476.5,477.03,473.3,475.31,1705940.0,475.208
2024-01-02,472.16,473.67,470.49,472.65,1736444.0,472.007
2024-01-03,470.42,471.19,468.17,468.79,1693629.0,469.639
2024-01-04,468.3,470.96,467.05,467.28,1331169.0,468.843
2024-01-05,467.49,470.44,466.43,467.92,1442919.0,468.334
2024-01-08,468.43,474.75,468.3,474.6,1378511.0,472.005
2024-01-09,471.87,474.93,471.35,473.88,1113971.0,473.334
2024-01-10,474.16,477.45,473.87,476.56,1142543.0,475.651
2024-01-11,477.58,478.12,472.26,476.35,1381336.0,475.073
2024-01-12,477.84,478.6,475.23,476.68,1083435.0,476.622
2024-01-16,475.25,476.61,473.06,474.93,1463550.0,474.739
2024-01-17,471.82,472.79,469.87,472.29,1282142.0,471.6
2024-01-18,474.0,477.06,472.42,476.49,1468123.0,474.731
2024-01-19,477.65,482.72,476.94,482.43,1590865.0,480.132
2024-01-22,484.01,485.22,482.78,483.45,1279911.0,483.93
2024-01-23,484.02,485.11,482.89,484.86,849232.0,483.966
2024-01-24,487.81,488.77,485.01,485.39,1488293.0,486.957
2024-01-25,487.56,488.31,485.39,488.03,1304610.0,487.005
2024-01-26,487.59,489.12,486.54,487.41,1157432.0,487.748
2024-01-29,487.73,491.42,487.17,491.27,984733.0,489.027
2024-01-30,490.56,491.62,490.11,490.89,1008404.0,490.922
2024-01-31,488.62,489.09,482.88,482.88,2076866.0,485.796
2024-02-01,484.63,489.23,483.8,489.2,1574787.0,486.629
2024-02-02,489.66,496.05,489.3,494.35,1650397.0,493.343
2024-02-05,493.71,494.17,490.23,492.55,1226667.0,492.613
2024-02-06,493.52,494.32,492.05,493.98,1012162.0,492.991
2024-02-07,496.28,498.53,495.36,498.1,1205638.0,497.427
2024-02-08,498.1,498.71,497.26,498.32,907023.0,498.018
2024-02-09,498.86,501.65,498.49,501.2,1084039.0,500.304
2024-02-12,501.17,503.5,500.24,500.98,931079.0,501.725
2024-02-13,494.51,495.85,490.71,494.08,1904851.0,493.549
2024-02-14,496.79,499.07,494.4,498.57,1269925.0,496.787
2024-02-15,499.3,502.2,498.79,502.01,1115453.0,500.759
2024-02-16,501.71,502.87,498.75,499.51,1176320.0,500.965
2024-02-20,497.72,498.41,494.45,496.76,1313672.0,496.126
2024-02-21,495.42,497.37,493.56,497.21,978216.0,495.424
2024-02-22,504.0,508.49,503.02,507.5,1430001.0,506.224
2024-02-23,509.25,510.13,507.1,507.85,1062357.0,508.58
2024-02-26,508.3,508.75,505.86,505.99,877635.0,507.169
2024-02-27,506.69,507.16,504.75,506.93,816789.0,506.131
2024-02-28,505.33,506.86,504.96,506.26,903482.0,505.96
2024-02-29,508.07,509.74,505.35,508.08,1299920.0,508.024
2024-03-01,508.98,513.29,508.56,512.85,1188977.0,511.542
2024-03-04,512.04,514.2,512.0,512.3,878858.0,512.792
2024-03-05,510.24,510.7,504.91,507.18,1304003.0,507.458
2024-03-06,510.55,512.07,508.42,509.75,1254552.0,510.141
2024-03-07,513.11,515.89,512.18,514.81,1052182.0,514.5
2024-03-08,515.46,518.23,511.13,511.72,1549568.0,514.24
2024-03-11,510.48,511.88,508.5,511.28,1029247.0,510.465
2024-03-12,513.45,517.38,510.86,516.78,1264988.0,515.172
2024-03-13,517.11,517.29,514.49,515.97,925154.0,516.293
2024-03-14,516.97,517.13,511.82,514.95,1695794.0,514.22
2024-03-15,510.22,511.7,508.36,509.83,1415138.0,509.892
2024-03-18,513.98,515.48,512.44,512.86,1261298.0,513.902
2024-03-19,512.15,516.0,511.12,515.71,1026798.0,513.895
2024-03-20,515.78,520.62,515.08,520.48,1202488.0,517.737
2024-03-21,523.38,524.11,521.91,522.2,1015858.0,523.137
2024-03-22,522.11,522.61,520.97,521.21,1020711.0,521.822
2024-03-25,519.79,520.95,519.61,519.77,793728.0,520.328
2024-03-26,521.23,521.58,518.4,518.81,917716.0,520.164
2024-03-27,521.71,523.2,519.48,523.17,1165405.0,521.117
2024-03-28,523.21,524.61,522.78,523.07,1136627.0,523.616
2024-04-01,523.83,524.38,520.97,522.16,827233.0,522.375
2024-04-02,518.25,518.98,516.48,518.84,1203110.0,517.876
2024-04-03,517.72,520.95,517.66,519.41,1035644.0,519.753
2024-04-04,523.52,523.87,512.75,513.07,1737862.0,517.983
2024-04-05,514.43,520.44,514.01,518.43,1361198.0,517.808
2024-04-08,519.18,520.18,517.89,518.72,850351.0,518.95
2024-04-09,520.5,520.75,514.35,519.32,1109366.0,517.346
2024-04-10,513.48,516.16,512.09,514.12,1470063.0,513.893
2024-04-11,515.68,519.48,512.08,518.0,1247773.0,516.275
2024-04-12,514.38,515.82,509.08,510.85,1642633.0,511.781
2024-04-15,515.13,515.3,503.58,504.45,1664571.0,508.64
2024-04-16,504.94,506.5,502.21,503.53,1405072.0,504.174
2024-04-17,506.05,506.22,499.12,500.55,1407600.0,502.093
2024-04-18,501.98,504.13,498.56,499.52,1259861.0,500.826
2024-04-19,499.44,500.46,493.86,495.16,1603027.0,496.683
2024-04-22,497.84,502.38,495.43,499.72,1243488.0,498.872
2024-04-23,501.79,506.09,501.22,505.65,1104252.0,504.68
2024-04-24,506.56,507.37,503.13,505.41,955929.0,505.344
2024-04-25,499.19,504.27,497.49,503.49,1183555.0,500.886
2024-04-26,506.35,509.88,505.7,508.26,983118.0,508.549
2024-04-29,510.08,510.75,507.25,510.06,800167.0,509.519
2024-04-30,508.56,509.56,501.98,501.98,1207953.0,505.82
2024-05-01,501.38,508.19,499.86,500.35,1490678.0,502.841
2024-05-02,504.15,505.89,499.55,505.03,1167860.0,503.272
2024-05-03,511.16,512.55,508.56,511.29,1238133.0,510.731
2024-05-06,513.75,516.61,513.3,516.57,799286.0,514.824
2024-05-07,517.55,518.57,516.45,517.14,897116.0,517.546
2024-05-08,515.25,517.74,515.14,517.19,710127.0,516.89
2024-05-09,517.38,520.21,516.7,520.17,799727.0,519.061
2024-05-10,521.81,522.64,519.59,520.84,849952.0,520.938
2024-05-13,522.56,522.67,519.74,520.91,648503.0,521.074
2024-05-14,521.1,523.83,520.56,523.3,871696.0,522.324
2024-05-15,525.83,530.08,525.18,529.78,1006198.0,528.12
2024-05-16,529.87,531.53,528.54,528.69,859758.0,530.025
2024-05-17,528.82,529.52,527.32,529.45,782435.0,528.764
2024-05-20,529.57,531.57,529.17,530.06,579185.0,530.415
2024-05-21,529.28,531.52,529.07,531.36,502946.0,530.437
2024-05-22,530.66,531.38,527.6,529.83,701912.0,529.575
2024-05-23,532.97,533.07,524.72,525.96,929214.0,528.131
2024-05-24,527.85,530.27,526.88,529.44,624581.0,528.97
2024-05-28,530.26,530.51,527.11,529.81,576336.0,529.203
2024-05-29,525.68,527.31,525.37,526.1,683616.0,526.379
2024-05-30,524.52,525.2,521.33,522.61,691212.0,523.645
2024-05-31,523.58,527.49,518.36,527.37,1278316.0,522.934
2024-06-03,529.02,529.31,522.6,527.8,766812.0,526.452
2024-06-04,526.46,529.15,524.96,528.39,626274.0,527.026
2024-06-05,530.77,534.69,528.72,534.67,745749.0,532.319
2024-06-06,534.98,535.42,532.68,534.66,531366.0,534.327
2024-06-07,533.66,536.89,532.53,534.01,622943.0,534.687
2024-06-10,533.18,535.99,532.57,535.66,614852.0,534.673
2024-06-11,534.1,537.01,532.05,536.95,606425.0,534.921
2024-06-12,541.64,544.12,540.3,541.36,942036.0,542.332
2024-06-13,543.14,543.33,539.59,542.45,632436.0,541.852
2024-06-14,540.88,542.81,539.85,542.78,604841.0,541.512
2024-06-17,542.08,548.53,541.6,547.1,761971.0,545.786
2024-06-18,547.16,548.62,546.73,548.49,538147.0,547.824
2024-06-20,549.44,550.12,545.18,547.0,875271.0,547.597
2024-06-21,544.47,545.65,543.02,544.51,715528.0,544.439
2024-06-24,544.33,546.95,542.63,542.74,674965.0,544.578
2024-06-25,543.99,545.2,542.44,544.83,528743.0,544.066
2024-06-26,543.69,546.24,543.03,545.51,518934.0,544.614
2024-06-27,545.37,546.96,544.61,546.37,518719.0,545.725
2024-06-28,547.19,550.28,542.95,544.22,1055601.0,546.248
2024-07-01,545.63,545.88,542.52,545.34,626846.0,544.66
2024-07-02,543.7,549.01,543.65,549.01,563144.0,546.747
2024-07-03,548.68,551.83,548.65,551.46,454062.0,550.299
2024-07-05,551.77,555.05,551.12,554.64,596417.0,553.587
2024-07-08,555.44,556.26,554.19,555.28,485068.0,555.14
2024-07-09,556.26,557.18,555.52,555.82,468805.0,556.183
2024-07-10,557.07,561.67,556.77,561.32,595919.0,559.254
2024-07-11,561.44,562.33,555.83,556.48,822119.0,557.97
2024-07-12,557.63,563.67,557.17,559.99,845520.0,560.794
2024-07-15,562.05,564.84,559.63,561.53,669817.0,562.146
2024-07-16,562.87,565.16,562.1,564.86,580671.0,563.617
2024-07-17,558.79,560.51,556.61,556.94,813218.0,558.097
2024-07-18,558.51,559.52,550.43,552.66,955517.0,554.147
2024-07-19,552.42,554.08,547.91,548.99,819533.0,549.961
2024-07-22,553.0,555.27,551.02,554.65,657736.0,553.56
2024-07-23,554.54,556.74,553.27,553.78,500189.0,555.029
2024-07-24,548.86,549.17,540.29,541.23,1040145.0,543.935
2024-07-25,541.35,547.46,537.45,538.41,1065651.0,541.933
2024-07-26,542.28,547.19,541.49,544.44,886147.0,544.086
2024-07-29,546.02,547.05,542.72,544.76,575537.0,545.326
2024-07-30,546.26,547.34,538.51,542.0,742401.0,542.534
2024-07-31,548.98,553.5,547.57,550.81,1016890.0,550.599
2024-08-01,552.57,554.87,539.43,543.01,1259312.0,544.849
2024-08-02,535.71,536.99,528.6,532.9,1330640.0,531.67
2024-08-05,511.64,523.58,510.27,517.38,2224768.0,517.2
2024-08-06,519.22,529.75,517.87,522.15,1332712.0,524.525
2024-08-07,528.48,531.59,518.05,518.66,1188125.0,524.295
2024-08-08,523.9,531.29,521.84,530.65,1020225.0,528.118
2024-08-09,529.81,534.51,528.56,532.99,745810.0,531.648
2024-08-12,534.22,535.73,530.95,533.27,720603.0,533.21
2024-08-13,536.53,542.28,536.28,542.04,724646.0,539.9
2024-08-14,542.87,544.96,540.12,543.75,690781.0,543.059
2024-08-15,549.5,553.36,548.88,553.07,971733.0,551.644
2024-08-16,551.42,555.02,551.26,554.31,545090.0,553.466
2024-08-19,554.73,559.61,553.86,559.61,623132.0,557.15
2024-08-20,559.15,560.84,557.32,558.7,542683.0,558.856
2024-08-21,559.74,562.11,557.99,560.62,623305.0,560.164
2024-08-22,562.56,563.18,554.98,556.22,778194.0,558.131
2024-08-23,559.53,563.09,557.29,562.13,837584.0,560.82
2024-08-26,563.14,563.91,559.05,560.79,562142.0,561.134
2024-08-27,559.49,562.06,558.32,561.56,504470.0,560.944
2024-08-28,561.21,561.65,555.04,558.3,609815.0,558.345
2024-08-29,560.31,563.68,557.18,558.35,655682.0,560.456
2024-08-30,560.78,564.2,557.14,563.68,863658.0,561.084
2024-09-03,560.47,560.81,549.51,552.08,947912.0,554.618
2024-09-04,550.2,554.43,549.46,550.95,767301.0,551.591
2024-09-05,550.89,553.8,547.1,549.61,739535.0,549.84
2024-09-06,549.93,551.6,539.44,540.36,1096024.0,542.708
2024-09-09,544.65,547.71,542.68,546.41,639571.0,545.459
2024-09-10,548.36,549.15,543.38,548.79,663066.0,547.098
2024-09-11,548.7,555.36,539.96,554.42,1171818.0,547.666
2024-09-12,555.01,559.4,552.74,559.09,790556.0,556.932
2024-09-13,559.69,563.03,559.45,562.01,610966.0,561.674
2024-09-16,561.74,563.11,559.9,562.84,554723.0,561.735
2024-09-17,565.12,566.58,560.79,563.07,715889.0,563.608
2024-09-18,563.74,568.69,560.83,561.4,915553.0,563.891
2024-09-19,571.01,572.88,568.08,570.98,982615.0,570.956
2024-09-20,567.84,569.31,565.17,568.25,858757.0,567.507
2024-09-23,569.34,570.34,568.1,569.67,494694.0,569.261
2024-09-24,570.47,571.36,567.6,571.3,647847.0,570.084
2024-09-25,571.14,571.89,568.91,570.04,597184.0,570.424
2024-09-26,574.4,574.71,569.9,572.3,667581.0,572.273
2024-09-27,573.39,574.22,570.42,571.47,588123.0,572.346
2024-09-30,570.42,574.38,568.08,573.76,818218.0,571.651
2024-10-01,573.4,573.46,566.0,568.62,1244065.0,568.656
2024-10-02,567.71,569.9,565.27,568.86,574764.0,568.413
2024-10-03,567.36,569.81,565.49,567.82,673240.0,567.328
2024-10-04,572.35,573.36,568.1,572.98,702390.0,570.92
2024-10-07,571.3,571.96,566.63,567.8,718379.0,569.292
2024-10-08,570.44,573.78,569.52,573.17,606458.0,571.911
2024-10-09,573.16,577.71,572.55,577.14,628151.0,575.902
2024-10-10,575.77,577.58,574.49,576.13,590649.0,575.913
2024-10-11,576.05,580.33,575.91,579.58,585763.0,579.075
2024-10-14,581.22,585.27,580.73,584.32,544617.0,583.635
2024-10-15,584.59,584.9,578.54,579.78,743743.0,581.328
2024-10-16,579.78,582.83,578.96,582.3,465717.0,581.176
2024-10-17,585.91,586.12,582.16,582.35,509789.0,583.563
2024-10-18,584.07,585.39,582.58,584.59,416237.0,584.186
2024-10-21,583.87,584.85,580.6,583.63,532783.0,582.871
2024-10-22,581.05,584.5,580.38,583.32,468633.0,582.614
2024-10-23,581.26,581.71,574.41,577.99,772428.0,578.081
2024-10-24,579.98,580.06,576.57,579.24,530832.0,578.878
2024-10-25,581.51,584.46,578.08,579.04,693749.0,581.195
2024-10-28,582.54,582.71,580.52,580.83,471713.0,581.433
2024-10-29,579.87,582.91,578.43,581.77,529969.0,581.333
2024-10-30,581.29,583.32,579.29,580.01,594045.0,581.136
2024-10-31,575.56,575.63,568.44,568.64,839803.0,571.5
2024-11-01,571.32,575.55,570.62,571.04,676316.0,572.724
2024-11-04,571.18,572.5,567.89,569.81,523100.0,570.299
2024-11-05,570.73,576.71,570.52,576.7,574730.0,574.995
2024-11-06,589.2,591.93,585.39,591.04,1021287.0,589.226
2024-11-07,593.08,596.65,592.99,595.61,681096.0,594.892
2024-11-08,596.17,599.64,596.16,598.19,665878.0,597.961
2024-11-11,599.82,600.17,597.0,598.76,520234.0,598.733
2024-11-12,598.7,599.29,594.37,596.9,582484.0,597.295
2024-11-13,597.32,599.23,594.96,597.19,653757.0,597.582
2024-11-14,597.32,597.81,592.65,593.35,587487.0,594.869
2024-11-15,589.73,590.2,583.86,585.75,806954.0,586.326
2024-11-18,586.22,589.49,585.34,588.15,527498.0,587.727
2024-11-19,584.71,591.05,584.03,590.3,605008.0,588.424
2024-11-20,590.38,590.79,584.63,590.5,686489.0,588.005
2024-11-21,593.4,595.12,587.45,593.67,720171.0,592.375
2024-11-22,593.66,596.15,593.15,595.51,515411.0,595.053
2024-11-25,599.52,600.86,595.2,597.53,638737.0,597.986
2024-11-26,598.8,601.33,598.07,600.65,600894.0,599.927
2024-11-27,600.47,600.85,597.28,598.83,502893.0,598.952
2024-11-29,599.64,603.35,599.38,602.55,410120.0,602.134
2024-12-02,602.97,604.32,602.47,603.63,462148.0,603.489
2024-12-03,603.38,604.16,602.34,603.91,398231.0,603.423
2024-12-04,605.6,607.91,604.95,607.66,546122.0,606.639
2024-12-05,607.64,608.48,606.3,606.66,457352.0,607.303
2024-12-06,607.44,609.07,607.02,607.81,408232.0,607.887
2024-12-09,607.69,607.86,604.08,604.68,527235.0,605.45
2024-12-10,605.37,605.8,602.13,602.8,487001.0,603.879
2024-12-11,605.78,608.44,605.5,607.46,414171.0,607.318
2024-12-12,606.58,607.16,604.33,604.33,425115.0,605.694
2024-12-13,606.4,607.13,602.81,604.21,488343.0,604.494
2024-12-16,606.0,607.78,605.21,606.79,547703.0,606.795
2024-12-17,604.19,605.17,602.88,604.29,628015.0,604.023
2024-12-18,603.98,606.41,585.89,586.28,1349377.0,596.113
2024-12-19,591.36,593.0,585.85,586.1,1101625.0,588.967
2024-12-20,581.77,595.75,580.91,591.15,1510821.0,590.219
2024-12-23,590.89,595.3,587.66,594.69,678824.0,592.458
2024-12-24,596.05,601.34,595.47,601.3,402220.0,599.169
2024-12-26,599.46,602.48,598.08,601.34,406622.0,600.939
2024-12-27,597.47,597.78,590.76,595.01,885643.0,594.002
2024-12-30,587.96,591.74,584.41,588.22,678863.0,588.37
2024-12-31,589.9,590.64,584.42,586.08,832874.0,586.688
2025-01-02,589.39,591.13,580.5,584.64,823889.0,585.034
2025-01-03,587.53,592.6,586.43,591.95,628240.0,590.274
2025-01-06,596.27,599.7,593.6,595.36,677746.0,596.656
2025-01-07,597.43,597.75,586.78,588.63,820813.0,591.095
2025-01-08,588.7,590.58,585.19,589.49,633811.0,588.238
2025-01-10,585.88,585.96,578.55,580.49,1068868.0,581.402
2025-01-13,575.77,581.75,575.35,581.39,696694.0,578.599
2025-01-14,584.32,585.0,578.35,582.19,737633.0,581.81
2025-01-15,590.35,593.94,589.19,592.78,781555.0,592.135
2025-01-16,594.18,594.35,590.93,591.64,518323.0,592.712
2025-01-17,596.95,599.36,595.61,597.58,659860.0,597.836
2025-01-21,600.67,603.05,598.67,603.05,569030.0,601.523
2025-01-22,605.92,607.82,605.36,606.44,564354.0,606.788
2025-01-23,605.8,609.75,605.52,609.75,548665.0,607.498
2025-01-24,609.81,610.78,606.8,607.97,475715.0,608.566
2025-01-27,594.83,599.69,594.64,599.37,927001.0,597.614
2025-01-28,600.62,605.37,597.25,604.52,621331.0,602.836
2025-01-29,603.71,604.13,599.22,601.81,527921.0,601.987
2025-01-30,603.98,606.6,600.71,605.04,619433.0,604.005
2025-01-31,607.5,609.96,601.05,601.82,963949.0,605.073
2025-02-03,592.67,600.29,590.49,597.77,1038114.0,596.38
2025-02-04,597.8,602.3,597.28,601.78,520451.0,600.759
2025-02-05,600.64,604.37,598.58,604.22,452430.0,602.046
2025-02-06,605.98,606.46,602.63,606.32,496010.0,605.134
2025-02-07,606.89,608.13,600.05,600.77,742344.0,602.846
2025-02-10,603.99,605.5,602.74,604.85,398289.0,604.463
2025-02-11,602.55,605.86,602.43,605.31,416609.0,604.474
2025-02-12,599.23,604.55,598.51,603.36,573340.0,602.287
2025-02-13,604.48,609.94,603.2,609.73,671783.0,607.505
2025-02-14,609.94,610.99,609.07,609.7,395191.0,610.11
2025-02-18,610.88,611.49,608.38,611.49,418993.0,610.028
2025-02-19,610.08,613.23,609.56,612.93,413910.0,611.667
2025-02-20,611.55,611.69,607.02,610.38,531253.0,609.096
2025-02-21,610.17,610.3,599.47,599.94,901447.0,603.369
2025-02-24,602.02,603.03,596.49,597.21,750400.0,599.202
2025-02-25,597.16,597.89,589.56,594.24,856560.0,593.741
2025-02-26,595.91,599.58,591.85,594.54,668230.0,595.706
2025-02-27,596.85,598.02,584.65,585.05,1027455.0,590.768
2025-02-28,585.56,594.72,582.44,594.18,1231284.0,587.587
2025-03-03,596.18,597.34,579.9,583.77,1205599.0,588.001
2025-03-04,579.71,585.39,572.25,576.86,1540342.0,577.655
2025-03-05,576.71,584.88,573.07,583.06,1131634.0,579.523
2025-03-06,575.48,580.18,570.12,572.71,1216359.0,574.023
2025-03-07,570.9,577.39,565.63,575.92,1302582.0,572.28
2025-03-10,567.59,569.54,555.59,560.58,1422544.0,562.35
2025-03-11,559.4,564.02,552.02,555.92,1384503.0,557.709
2025-03-12,562.17,563.11,553.69,558.87,1046580.0,559.312
2025-03-13,558.49,559.11,549.68,551.42,1000173.0,553.292
2025-03-14,556.11,563.83,555.5,562.81,910956.0,560.546
2025-03-17,562.77,569.71,562.35,567.15,758173.0,566.385
2025-03-18,564.8,565.02,559.06,561.02,739858.0,561.022
2025-03-19,562.83,570.95,561.63,567.13,889226.0,566.206
2025-03-20,563.33,570.57,562.6,565.49,830820.0,566.528
2025-03-21,559.29,564.89,558.03,563.98,898704.0,561.772
2025-03-24,570.8,575.15,570.2,574.08,822647.0,573.29
2025-03-25,575.3,576.41,573.69,575.46,583166.0,574.92
2025-03-26,575.19,576.33,567.19,568.59,768889.0,570.574
2025-03-27,567.2,570.9,564.94,567.08,739362.0,568.205
2025-03-28,565.52,566.27,555.07,555.66,1104576.0,558.112
2025-03-31,549.82,560.72,546.87,559.39,1268924.0,555.077
2025-04-01,557.45,562.94,553.68,560.97,875276.0,558.91
2025-04-02,555.05,567.42,554.81,564.52,884851.0,562.832
2025-04-03,545.11,547.97,536.7,536.7,1852531.0,542.029
2025-04-04,523.73,525.87,505.06,505.28,3215771.0,513.885
2025-04-07,489.19,523.17,481.8,504.38,4434079.0,501.248
2025-04-08,521.87,524.98,489.16,496.48,2894736.0,507.542
2025-04-09,493.44,548.62,493.05,548.62,3742497.0,522.168
2025-04-10,532.24,533.5,509.32,524.58,2711921.0,522.948
2025-04-11,522.91,536.43,520.07,533.94,1500926.0,529.314
2025-04-14,544.02,544.28,533.86,539.12,1182325.0,539.693
2025-04-15,539.68,543.23,536.81,537.61,847554.0,539.56
2025-04-16,531.68,535.11,520.29,525.66,1211898.0,527.375
2025-04-17,527.65,531.17,523.91,526.41,941150.0,527.827
2025-04-21,521.16,521.7,508.46,513.88,1136749.0,512.839
2025-04-22,520.12,529.31,519.19,527.25,1241243.0,525.037
2025-04-23,540.43,545.43,533.88,535.42,1471976.0,539.214
2025-04-24,536.74,547.43,535.45,546.69,1000656.0,543.69
2025-04-25,546.65,551.05,543.69,550.64,889413.0,548.182
2025-04-28,551.39,553.55,545.02,550.85,790332.0,549.536
2025-04-29,548.91,555.45,548.55,554.32,738566.0,552.986
2025-04-30,547.59,556.52,541.52,554.54,1330882.0,549.546
2025-05-01,560.37,564.07,557.86,558.47,935865.0,561.081
2025-05-02,564.69,568.38,562.38,566.76,893978.0,566.423
2025-05-05,562.55,566.65,561.7,563.51,654551.0,564.445
2025-05-06,557.93,563.35,556.96,558.8,804953.0,560.029
2025-05-07,560.15,563.82,556.04,561.15,874429.0,559.977
2025-05-08,565.22,570.31,561.7,565.06,1074885.0,566.628
2025-05-09,566.48,567.5,562.76,564.34,590310.0,564.755
2025-05-12,581.49,583.0,577.04,582.99,1181420.0,580.463
2025-05-13,583.46,589.08,582.84,586.84,1001710.0,587.203
2025-05-14,587.83,588.98,585.53,587.59,1042299.0,587.366
2025-05-15,585.56,590.97,585.09,590.46,1144740.0,588.548
2025-05-16,591.25,594.5,589.28,594.2,936253.0,592.315
2025-05-19,588.1,595.54,588.09,594.85,1044688.0,593.143
2025-05-20,593.11,594.05,589.6,592.85,983886.0,592.349
2025-05-21,588.47,592.58,581.82,582.86,1573355.0,587.125
2025-05-22,582.66,586.62,581.4,583.09,1195925.0,584.07
2025-05-23,575.98,581.82,575.6,579.11,1136909.0,578.833
2025-05-27,586.08,591.31,578.43,591.15,1212354.0,589.068
2025-05-28,591.57,592.77,586.98,587.73,1071022.0,589.763
2025-05-29,593.06,593.2,586.07,590.05,1115112.0,589.56
2025-05-30,588.91,591.13,583.23,589.39,1402153.0,588.013
2025-06-02,587.76,592.79,585.06,592.71,1025372.0,589.812
2025-06-03,592.34,597.08,591.85,596.09,1099946.0,595.221
2025-06-04,596.95,597.95,595.49,595.93,967135.0,596.97
2025-06-05,597.63,599.0,591.05,593.05,1556536.0,595.209
2025-06-06,598.65,600.83,596.86,599.14,1112279.0,599.224
2025-06-09,599.74,601.25,598.49,599.68,904076.0,600.061
2025-06-10,600.22,603.47,599.09,603.08,1132360.0,601.591
2025-06-11,604.19,605.06,599.27,601.36,1232610.0,602.358
2025-06-12,600.02,603.75,599.52,603.75,1079445.0,602.518
2025-06-13,598.5,601.85,595.48,597.0,1506451.0,598.244
2025-06-16,600.4,604.45,600.23,602.68,1245529.0,602.745
2025-06-17,600.22,601.75,596.76,597.53,1320239.0,599.238
2025-06-18,598.44,601.22,596.47,597.44,1125651.0,598.923
2025-06-20,598.38,599.46,592.86,594.28,1201263.0,595.187
2025-06-23,595.04,600.54,591.89,600.15,1506344.0,596.977
2025-06-24,604.33,607.85,603.41,606.78,1077577.0,606.16
2025-06-25,607.91,608.61,605.54,607.12,1041523.0,607.144
2025-06-26,609.01,612.31,608.37,611.87,1058778.0,610.87
2025-06-27,612.88,616.39,610.83,614.91,1425317.0,613.91
2025-06-30,617.36,619.22,615.04,617.85,1408155.0,617.05
2025-07-01,616.36,618.83,615.52,617.65,1221947.0,617.435
2025-07-02,617.24,620.49,616.61,620.45,1017875.0,619.103
2025-07-03,622.45,626.28,622.43,625.34,776322.0,625.101
2025-07-07,623.35,624.03,617.87,620.68,1288989.0,620.764
2025-07-08,621.35,622.11,619.52,620.34,1037391.0,620.686
2025-07-09,622.77,624.72,620.91,624.06,1159665.0,622.92
2025-07-10,624.2,626.88,623.01,625.82,1005734.0,625.35
2025-07-11,622.74,624.86,621.53,623.62,1095346.0,623.813
2025-07-14,623.17,625.16,621.79,624.81,906121.0,623.934
2025-07-15,627.51,627.86,622.07,622.14,1300681.0,624.415
2025-07-16,623.76,624.73,618.05,624.22,1655133.0,622.062
2025-07-17,624.43,628.41,624.18,628.04,1114666.0,626.983
2025-07-18,629.29,629.47,626.46,627.58,900600.0,627.598
2025-07-21,628.76,631.54,628.34,628.77,1036354.0,630.235
2025-07-22,629.08,629.73,626.19,628.86,1041913.0,628.268
2025-07-23,631.55,634.21,629.73,634.21,1067293.0,632.05
2025-07-24,634.59,636.15,633.99,634.42,1176818.0,635.152
2025-07-25,635.06,637.58,634.84,637.1,892667.0,636.505
2025-07-28,637.5,638.04,635.54,636.94,882191.0,636.838
2025-07-29,638.36,638.67,634.33,635.26,1015988.0,636.097
2025-07-30,635.96,637.68,631.54,634.46,1234886.0,634.713
2025-07-31,639.47,639.85,630.76,632.08,1730002.0,635.42
2025-08-01,626.3,626.34,619.29,621.72,2471435.0,622.173
2025-08-04,625.67,631.22,625.61,631.17,1228580.0,629.457
2025-08-05,631.81,632.61,627.04,627.97,1160887.0,629.074
2025-08-06,629.05,633.44,628.13,632.78,1029649.0,631.499
2025-08-07,636.25,636.98,629.11,632.25,1269782.0,632.316
2025-08-08,634.07,637.65,633.74,637.18,1017694.0,636.403
2025-08-11,637.47,638.95,634.66,635.92,999506.0,636.774
2025-08-12,638.28,642.85,636.79,642.69,1088798.0,640.669
2025-08-13,644.91,646.19,642.68,644.89,983130.0,644.255
2025-08-14,642.78,645.62,642.34,644.95,944196.0,644.302
2025-08-15,645.99,646.09,642.51,643.44,953353.0,644.002
2025-08-18,642.86,644.0,642.18,643.3,707984.0,643.152
2025-08-19,643.12,644.11,638.48,639.81,1160176.0,640.718
2025-08-20,639.4,639.66,632.95,638.11,1440111.0,636.49
2025-08-21,636.28,637.97,633.81,635.55,840938.0,635.86
2025-08-22,637.76,646.5,637.25,645.31,1507496.0,644.397
2025-08-25,644.03,645.29,642.35,642.47,827548.0,644.1
2025-08-26,642.2,645.51,641.57,645.16,781492.0,643.496
2025-08-27,644.57,647.37,644.42,646.63,764584.0,646.32
2025-08-28,647.27,649.48,645.34,648.92,972690.0,647.809
2025-08-29,647.46,647.84,643.14,645.05,1205891.0,644.721
2025-09-02,637.5,640.49,634.92,640.27,1260257.0,638.005
2025-09-03,642.65,644.21,640.46,643.74,1181889.0,642.36
2025-09-04,644.43,649.15,643.51,649.12,1034622.0,646.546
2025-09-05,651.46,652.21,643.33,647.24,1432478.0,646.992
2025-09-08,648.62,649.84,647.23,648.83,1021879.0,648.483
2025-09-09,648.96,650.86,647.22,650.33,987522.0,649.208
2025-09-10,653.63,654.55,650.63,652.21,1232105.0,652.684
2025-09-11,654.18,658.33,653.59,657.63,1136978.0,656.819
2025-09-12,657.59,659.11,656.9,657.41,1190490.0,657.967
2025-09-15,659.64,661.04,659.34,660.91,1120112.0,660.288
2025-09-16,661.46,661.78,659.21,660.0,1021207.0,660.214
2025-09-17,660.01,661.72,654.3,659.18,1631102.0,658.879
2025-09-18,661.89,664.89,660.27,662.26,1428870.0,662.837
2025-09-19,662.32,664.55,660.37,663.7,1275255.0,662.609
2025-09-22,662.2,667.29,662.17,666.84,1184747.0,665.394
2025-09-23,666.71,667.34,661.98,663.21,1359921.0,664.463
2025-09-24,664.5,664.61,659.67,661.1,1171319.0,661.609
2025-09-25,657.98,659.41,654.4,658.05,1503137.0,657.327
2025-09-26,659.51,662.37,657.88,661.82,1116716.0,660.576
2025-09-29,664.36,665.28,661.86,663.68,1231278.0,663.518
2025-09-30,662.92,666.65,661.61,666.18,1342314.0,664.019
2025-10-01,663.16,669.37,663.06,668.45,1181755.0,666.807
2025-10-02,670.47,670.57,666.78,669.22,958192.0,668.834
2025-10-03,669.99,672.68,668.16,669.21,1215692.0,670.49
2025-10-06,671.63,672.51,669.45,671.61,929217.0,671.31
2025-10-07,672.55,672.99,667.67,669.12,1309057.0,669.612
2025-10-08,670.26,673.21,669.42,673.11,1029786.0,672.067
2025-10-09,673.52,673.94,669.21,671.16,1162759.0,671.02
2025-10-10,672.14,673.95,652.84,653.02,2719530.0,662.28
2025-10-13,660.65,665.13,659.76,663.04,1330669.0,662.333
2025-10-14,657.18,665.83,653.17,662.23,1455741.0,661.038
2025-10-15,666.82,670.23,658.93,665.17,1292907.0,665.246
2025-10-16,666.82,668.71,657.11,660.64,1749857.0,662.683
2025-10-17,659.52,665.76,658.14,664.39,1313430.0,662.082
2025-10-20,667.3,672.21,667.27,671.3,891889.0,670.705
2025-10-21,671.46,672.99,669.98,671.29,913380.0,671.762
2025-10-22,671.98,672.01,663.3,667.8,1350039.0,667.584
2025-10-23,668.09,672.72,667.8,671.76,985411.0,670.855
2025-10-24,676.46,678.47,675.65,677.25,994788.0,677.541
2025-10-27,682.73,685.54,682.11,685.24,1018500.0,683.81
2025-10-28,687.07,688.91,684.83,687.06,958467.0,686.898
2025-10-29,688.72,689.7,682.87,687.39,1354368.0,687.168
2025-10-30,683.9,685.94,679.83,679.83,1145773.0,683.002
2025-10-31,685.04,685.08,679.24,682.06,1266454.0,682.678
2025-11-03,685.66,685.8,679.94,683.34,1018632.0,682.922
2025-11-04,676.11,679.96,674.58,675.24,1376416.0,676.55
2025-11-05,674.98,680.86,674.17,677.58,1256999.0,678.439
2025-11-06,676.47,677.38,668.72,670.31,1599893.0,672.021
2025-11-07,667.91,671.08,661.2,670.97,1945634.0,666.037
2025-11-10,677.24,682.18,675.03,681.44,1399643.0,679.143
2025-11-11,679.94,683.57,678.73,683.0,1045901.0,681.528
2025-11-12,684.81,684.96,680.94,683.38,1133483.0,683.11
2025-11-13,680.51,680.86,670.52,672.04,1817037.0,674.573
2025-11-14,665.4,675.66,663.26,671.93,1800332.0,671.312
2025-11-17,669.7,673.71,662.17,665.67,1724646.0,667.784
2025-11-18,662.09,665.12,655.86,660.08,2229906.0,661.14
2025-11-19,660.78,667.34,658.74,662.63,1772075.0,662.619
2025-11-20,672.91,675.56,651.89,652.53,3148291.0,661.853
2025-11-21,655.03,664.55,650.85,659.03,2130668.0,657.946
2025-11-24,662.69,670.06,661.59,668.73,1359427.0,667.45
2025-11-25,668.63,676.21,664.48,675.02,1539452.0,671.589
2025-11-26,677.6,681.7,676.72,679.68,1285241.0,680.102
2025-11-28,680.85,683.67,680.5,683.39,736444.0,682.268
2025-12-01,678.8,682.99,678.74,680.27,1085337.0,680.73
2025-12-02,681.92,683.82,679.32,681.53,1168609.0,681.848
2025-12-03,680.57,684.91,679.69,683.89,1036727.0,683.023
2025-12-04,685.3,685.37,681.34,684.39,1121698.0,683.555
2025-12-05,685.45,688.39,684.58,685.69,1162445.0,686.221
2025-12-08,686.6,686.64,681.57,683.63,1008058.0,683.572
2025-12-09,683.16,685.39,682.59,683.04,1043296.0,683.903
2025-12-10,682.56,688.97,681.31,687.57,1629504.0,685.187
2025-12-11,685.11,689.25,682.16,689.17,1549296.0,686.674
2025-12-12,688.17,688.88,679.17,681.76,1967380.0,682.801
2025-12-15,685.72,685.76,679.25,680.73,1665667.0,681.391
2025-12-16,679.22,681.08,674.98,678.87,1801427.0,678.29
2025-12-17,679.89,680.44,671.19,671.4,1873412.0,674.482
2025-12-18,677.6,680.74,674.9,676.47,2084368.0,677.795
2025-12-19,676.6,681.09,676.47,680.59,1703137.0,679.876
2025-12-22,683.93,685.36,682.68,684.83,1198427.0,684.397
2025-12-23,683.93,688.2,683.87,687.96,1150845.0,686.846
2025-12-24,687.95,690.83,687.8,690.38,649989.0,689.711
2025-12-26,690.64,691.66,689.27,690.31,814422.0,690.301
2025-12-29,687.55,689.2,686.07,687.85,1103310.0,687.625
2025-12-30,687.45,688.56,686.58,687.01,859136.0,687.497
2025-12-31,687.13,687.36,681.71,681.92,1283140.0,684.424
2026-01-02,685.71,686.87,679.82,683.17,1745583.0,682.935
2026-01-05,686.54,689.43,686.37,687.72,1367497.0,687.952
2026-01-06,687.93,692.32,687.78,691.81,1378591.0,690.512
2026-01-07,692.2,693.96,689.32,689.58,1503447.0,691.773
2026-01-08,688.81,690.62,687.49,689.51,1302220.0,689.225
2026-01-09,690.65,695.31,689.18,694.07,1460453.0,693.184
2026-01-12,690.68,696.09,690.63,695.16,1244476.0,694.277
2026-01-13,695.52,696.09,691.35,693.77,1546250.0,693.51
2026-01-14,691.0,691.72,686.04,690.36,1764156.0,688.565
2026-01-15,694.57,695.45,691.25,692.24,1502606.0,693.592
2026-01-16,693.67,694.25,690.1,691.66,1349819.0,692.364
2026-01-20,681.49,684.77,676.57,677.58,2044350.0,680.545
2026-01-21,679.65,688.74,678.13,685.4,2405180.0,683.178
2026-01-22,689.85,691.13,686.92,688.98,1399090.0,689.255
2026-01-23,688.15,690.96,687.16,689.23,1207682.0,689.206
2026-01-26,690.47,694.13,689.92,692.73,1116145.0,692.986
2026-01-27,694.18,696.53,693.57,695.49,1004547.0,695.6
2026-01-28,697.06,697.84,693.94,695.42,1171582.0,695.781
2026-01-29,696.35,697.06,684.83,694.04,2027931.0,690.667
2026-01-30,691.78,694.21,687.12,691.97,1638448.0,691.309
2026-02-02,689.58,696.93,689.42,695.41,1585996.0,694.943
2026-02-03,696.21,696.96,684.03,689.53,2096698.0,689.741
2026-02-04,690.35,691.45,681.76,686.19,2047064.0,686.718
2026-02-05,680.94,683.69,675.79,677.62,2079138.0,679.033
2026-02-06,681.46,692.31,680.85,690.62,1693998.0,687.496
2026-02-09,689.42,695.87,688.34,693.95,1372956.0,693.627
2026-02-10,694.95,696.54,691.66,692.12,1238869.0,694.109
2026-02-11,696.43,697.14,689.18,691.96,1548263.0,692.688
2026-02-12,694.28,695.35,680.37,681.27,2343381.0,685.954
2026-02-13,681.68,686.28,677.52,681.75,1766008.0,682.67
2026-02-17,680.12,684.94,675.78,682.85,1659298.0,681.086
2026-02-18,684.01,689.15,682.83,686.29,1441279.0,686.536
2026-02-19,683.86,686.18,681.54,684.48,1187739.0,683.779
2026-02-20,682.32,690.06,681.73,689.43,1719730.0,687.32
2026-02-23,687.82,690.0,680.37,682.39,1773592.0,683.195
2026-02-24,681.9,688.35,680.0,687.35,1382627.0,685.913
2026-02-25,690.19,693.68,690.1,693.15,1028584.0,692.16
2026-02-26,693.28,693.32,684.35,689.3,1456472.0,688.091
2026-02-27,683.06,686.86,681.64,685.99,1521406.0,684.579
2026-03-02,678.7,688.62,678.02,686.38,1674006.0,685.196
2026-03-03,675.05,682.61,669.66,680.33,2036073.0,676.491
2026-03-04,681.63,687.09,679.62,685.13,1406836.0,685.099
2026-03-05,682.07,685.53,675.61,681.31,2002979.0,679.908
2026-03-06,673.39,676.11,669.76,672.38,1860566.0,673.402
2026-03-09,666.39,679.92,662.39,678.27,1985885.0,670.459
2026-03-10,677.71,683.36,674.76,677.18,1599037.0,679.321
2026-03-11,677.54,680.08,673.34,676.33,1237121.0,675.906
2026-03-12,671.13,671.65,665.9,666.06,1984276.0,668.619
2026-03-13,669.28,672.34,661.36,662.29,1681133.0,665.361
2026-03-16,668.34,672.07,667.12,669.03,1462701.0,669.323
2026-03-17,672.35,674.44,669.7,670.79,1265563.0,671.841
2026-03-18,668.33,669.72,661.19,661.43,1476348.0,665.439
2026-03-19,656.97,662.98,655.17,659.8,1987584.0,658.406
2026-03-20,656.51,656.69,644.72,648.57,2305059.0,650.378
2026-03-23,658.04,662.62,653.94,655.38,2196424.0,658.198
2026-03-24,651.34,657.03,649.88,653.18,1674435.0,653.897
2026-03-25,658.68,660.89,654.24,656.82,1776756.0,657.405
2026-03-26,652.05,654.85,644.82,645.09,1719162.0,649.762
2026-03-27,642.52,642.66,633.1,634.09,1890441.0,637.706
2026-03-30,640.12,640.37,629.28,631.97,1845110.0,634.345
2026-03-31,638.94,651.54,637.98,650.34,2616807.0,645.401
2026-04-01,653.88,658.52,653.0,655.24,1812116.0,655.702
2026-04-02,646.42,658.2,645.11,655.83,1203900.0,652.897
